id_municipio,nom_municipio,nom_estado
1001,Aguascalientes,Aguascalientes
1001,Aguascalientes,Aguascalientes
1001,Aguascalientes,Aguascalientes
1002,Asientos,Aguascalientes
1002,Asientos,Aguascalientes
1002,Asientos,Aguascalientes
1003,Calvillo,Aguascalientes
1003,Calvillo,Aguascalientes
1003,Calvillo,Aguascalientes
1004,Cosío,Aguascalientes
1004,Cosío,Aguascalientes
1004,Cosío,Aguascalientes
1005,Jesús María,Aguascalientes
1005,Jesús María,Aguascalientes
1005,Jesús María,Aguascalientes
1006,Pabellón de Arteaga,Aguascalientes
1006,Pabellón de Arteaga,Aguascalientes
1006,Pabellón de Arteaga,Aguascalientes
1007,Rincón de Romos,Aguascalientes
1007,Rincón de Romos,Aguascalientes
1007,Rincón de Romos,Aguascalientes
1008,San José de Gracia,Aguascalientes
1008,San José de Gracia,Aguascalientes
1008,San José de Gracia,Aguascalientes
1009,Tepezalá,Aguascalientes
1009,Tepezalá,Aguascalientes
1009,Tepezalá,Aguascalientes
1010,El Llano,Aguascalientes
1010,El Llano,Aguascalientes
1010,El Llano,Aguascalientes
1011,San Francisco de los Romo,Aguascalientes
1011,San Francisco de los Romo,Aguascalientes
1011,San Francisco de los Romo,Aguascalientes
2001,Ensenada,Baja California
2001,Ensenada,Baja California
2001,Ensenada,Baja California
2002,Mexicali,Baja California
2002,Mexicali,Baja California
2002,Mexicali,Baja California
2003,Tecate,Baja California
2003,Tecate,Baja California
2003,Tecate,Baja California
2004,Tijuana,Baja California
2004,Tijuana,Baja California
2004,Tijuana,Baja California
2005,Playas de Rosarito,Baja California
2005,Playas de Rosarito,Baja California
2005,Playas de Rosarito,Baja California
2006,San Quintín,Baja California
2006,San Quintín,Baja California
2006,San Quintín,Baja California
2007,San Felipe,Baja California
2007,San Felipe,Baja California
2007,San Felipe,Baja California
3001,Comondú,Baja California Sur
3001,Comondú,Baja California Sur
3001,Comondú,Baja California Sur
3002,Mulegé,Baja California Sur
3002,Mulegé,Baja California Sur
3002,Mulegé,Baja California Sur
3003,La Paz,Baja California Sur
3003,La Paz,Baja California Sur
3003,La Paz,Baja California Sur
3008,Los Cabos,Baja California Sur
3008,Los Cabos,Baja California Sur
3008,Los Cabos,Baja California Sur
3009,Loreto,Baja California Sur
3009,Loreto,Baja California Sur
3009,Loreto,Baja California Sur
4001,Calkiní,Campeche
4001,Calkiní,Campeche
4001,Calkiní,Campeche
4002,Campeche,Campeche
4002,Campeche,Campeche
4002,Campeche,Campeche
4003,Carmen,Campeche
4003,Carmen,Campeche
4003,Carmen,Campeche
4004,Champotón,Campeche
4004,Champotón,Campeche
4004,Champotón,Campeche
4005,Hecelchakán,Campeche
4005,Hecelchakán,Campeche
4005,Hecelchakán,Campeche
4006,Hopelchén,Campeche
4006,Hopelchén,Campeche
4006,Hopelchén,Campeche
4007,Palizada,Campeche
4007,Palizada,Campeche
4007,Palizada,Campeche
4008,Tenabo,Campeche
4008,Tenabo,Campeche
4008,Tenabo,Campeche
4009,Escárcega,Campeche
4009,Escárcega,Campeche
4009,Escárcega,Campeche
4010,Calakmul,Campeche
4010,Calakmul,Campeche
4010,Calakmul,Campeche
4011,Candelaria,Campeche
4011,Candelaria,Campeche
4011,Candelaria,Campeche
4012,Seybaplaya,Campeche
4012,Seybaplaya,Campeche
4012,Seybaplaya,Campeche
4013,Dzitbalché,Campeche
4013,Dzitbalché,Campeche
4013,Dzitbalché,Campeche
7001,Acacoyagua,Chiapas
7001,Acacoyagua,Chiapas
7001,Acacoyagua,Chiapas
7002,Acala,Chiapas
7002,Acala,Chiapas
7002,Acala,Chiapas
7003,Acapetahua,Chiapas
7003,Acapetahua,Chiapas
7003,Acapetahua,Chiapas
7004,Altamirano,Chiapas
7004,Altamirano,Chiapas
7004,Altamirano,Chiapas
7005,Amatán,Chiapas
7005,Amatán,Chiapas
7005,Amatán,Chiapas
7006,Amatenango de la Frontera,Chiapas
7006,Amatenango de la Frontera,Chiapas
7006,Amatenango de la Frontera,Chiapas
7007,Amatenango del Valle,Chiapas
7007,Amatenango del Valle,Chiapas
7007,Amatenango del Valle,Chiapas
7008,Angel Albino Corzo,Chiapas
7008,Angel Albino Corzo,Chiapas
7008,Angel Albino Corzo,Chiapas
7009,Arriaga,Chiapas
7009,Arriaga,Chiapas
7009,Arriaga,Chiapas
7010,Bejucal de Ocampo,Chiapas
7010,Bejucal de Ocampo,Chiapas
7010,Bejucal de Ocampo,Chiapas
7011,Bella Vista,Chiapas
7011,Bella Vista,Chiapas
7011,Bella Vista,Chiapas
7012,Berriozábal,Chiapas
7012,Berriozábal,Chiapas
7012,Berriozábal,Chiapas
7013,Bochil,Chiapas
7013,Bochil,Chiapas
7013,Bochil,Chiapas
7014,El Bosque,Chiapas
7014,El Bosque,Chiapas
7014,El Bosque,Chiapas
7015,Cacahoatán,Chiapas
7015,Cacahoatán,Chiapas
7015,Cacahoatán,Chiapas
7016,Catazajá,Chiapas
7016,Catazajá,Chiapas
7016,Catazajá,Chiapas
7017,Cintalapa,Chiapas
7017,Cintalapa,Chiapas
7017,Cintalapa,Chiapas
7018,Coapilla,Chiapas
7018,Coapilla,Chiapas
7018,Coapilla,Chiapas
7019,Comitán de Domínguez,Chiapas
7019,Comitán de Domínguez,Chiapas
7019,Comitán de Domínguez,Chiapas
7020,La Concordia,Chiapas
7020,La Concordia,Chiapas
7020,La Concordia,Chiapas
7021,Copainalá,Chiapas
7021,Copainalá,Chiapas
7021,Copainalá,Chiapas
7022,Chalchihuitán,Chiapas
7022,Chalchihuitán,Chiapas
7022,Chalchihuitán,Chiapas
7023,Chamula,Chiapas
7023,Chamula,Chiapas
7023,Chamula,Chiapas
7024,Chanal,Chiapas
7024,Chanal,Chiapas
7024,Chanal,Chiapas
7025,Chapultenango,Chiapas
7025,Chapultenango,Chiapas
7025,Chapultenango,Chiapas
7026,Chenalhó,Chiapas
7026,Chenalhó,Chiapas
7026,Chenalhó,Chiapas
7027,Chiapa de Corzo,Chiapas
7027,Chiapa de Corzo,Chiapas
7027,Chiapa de Corzo,Chiapas
7028,Chiapilla,Chiapas
7028,Chiapilla,Chiapas
7028,Chiapilla,Chiapas
7029,Chicoasén,Chiapas
7029,Chicoasén,Chiapas
7029,Chicoasén,Chiapas
7030,Chicomuselo,Chiapas
7030,Chicomuselo,Chiapas
7030,Chicomuselo,Chiapas
7031,Chilón,Chiapas
7031,Chilón,Chiapas
7031,Chilón,Chiapas
7032,Escuintla,Chiapas
7032,Escuintla,Chiapas
7032,Escuintla,Chiapas
7033,Francisco León,Chiapas
7033,Francisco León,Chiapas
7033,Francisco León,Chiapas
7034,Frontera Comalapa,Chiapas
7034,Frontera Comalapa,Chiapas
7034,Frontera Comalapa,Chiapas
7035,Frontera Hidalgo,Chiapas
7035,Frontera Hidalgo,Chiapas
7035,Frontera Hidalgo,Chiapas
7036,La Grandeza,Chiapas
7036,La Grandeza,Chiapas
7036,La Grandeza,Chiapas
7037,Huehuetán,Chiapas
7037,Huehuetán,Chiapas
7037,Huehuetán,Chiapas
7038,Huixtán,Chiapas
7038,Huixtán,Chiapas
7038,Huixtán,Chiapas
7039,Huitiupán,Chiapas
7039,Huitiupán,Chiapas
7039,Huitiupán,Chiapas
7040,Huixtla,Chiapas
7040,Huixtla,Chiapas
7040,Huixtla,Chiapas
7041,La Independencia,Chiapas
7041,La Independencia,Chiapas
7041,La Independencia,Chiapas
7042,Ixhuatán,Chiapas
7042,Ixhuatán,Chiapas
7042,Ixhuatán,Chiapas
7043,Ixtacomitán,Chiapas
7043,Ixtacomitán,Chiapas
7043,Ixtacomitán,Chiapas
7044,Ixtapa,Chiapas
7044,Ixtapa,Chiapas
7044,Ixtapa,Chiapas
7045,Ixtapangajoya,Chiapas
7045,Ixtapangajoya,Chiapas
7045,Ixtapangajoya,Chiapas
7046,Jiquipilas,Chiapas
7046,Jiquipilas,Chiapas
7046,Jiquipilas,Chiapas
7047,Jitotol,Chiapas
7047,Jitotol,Chiapas
7047,Jitotol,Chiapas
7048,Juárez,Chiapas
7048,Juárez,Chiapas
7048,Juárez,Chiapas
7049,Larráinzar,Chiapas
7049,Larráinzar,Chiapas
7049,Larráinzar,Chiapas
7050,La Libertad,Chiapas
7050,La Libertad,Chiapas
7050,La Libertad,Chiapas
7051,Mapastepec,Chiapas
7051,Mapastepec,Chiapas
7051,Mapastepec,Chiapas
7052,Las Margaritas,Chiapas
7052,Las Margaritas,Chiapas
7052,Las Margaritas,Chiapas
7053,Mazapa de Madero,Chiapas
7053,Mazapa de Madero,Chiapas
7053,Mazapa de Madero,Chiapas
7054,Mazatán,Chiapas
7054,Mazatán,Chiapas
7054,Mazatán,Chiapas
7055,Metapa,Chiapas
7055,Metapa,Chiapas
7055,Metapa,Chiapas
7056,Mitontic,Chiapas
7056,Mitontic,Chiapas
7056,Mitontic,Chiapas
7057,Motozintla,Chiapas
7057,Motozintla,Chiapas
7057,Motozintla,Chiapas
7058,Nicolás Ruíz,Chiapas
7058,Nicolás Ruíz,Chiapas
7058,Nicolás Ruíz,Chiapas
7059,Ocosingo,Chiapas
7059,Ocosingo,Chiapas
7059,Ocosingo,Chiapas
7060,Ocotepec,Chiapas
7060,Ocotepec,Chiapas
7060,Ocotepec,Chiapas
7061,Ocozocoautla de Espinosa,Chiapas
7061,Ocozocoautla de Espinosa,Chiapas
7061,Ocozocoautla de Espinosa,Chiapas
7062,Ostuacán,Chiapas
7062,Ostuacán,Chiapas
7062,Ostuacán,Chiapas
7063,Osumacinta,Chiapas
7063,Osumacinta,Chiapas
7063,Osumacinta,Chiapas
7064,Oxchuc,Chiapas
7064,Oxchuc,Chiapas
7064,Oxchuc,Chiapas
7065,Palenque,Chiapas
7065,Palenque,Chiapas
7065,Palenque,Chiapas
7066,Pantelhó,Chiapas
7066,Pantelhó,Chiapas
7066,Pantelhó,Chiapas
7067,Pantepec,Chiapas
7067,Pantepec,Chiapas
7067,Pantepec,Chiapas
7068,Pichucalco,Chiapas
7068,Pichucalco,Chiapas
7068,Pichucalco,Chiapas
7069,Pijijiapan,Chiapas
7069,Pijijiapan,Chiapas
7069,Pijijiapan,Chiapas
7070,El Porvenir,Chiapas
7070,El Porvenir,Chiapas
7070,El Porvenir,Chiapas
7071,Villa Comaltitlán,Chiapas
7071,Villa Comaltitlán,Chiapas
7071,Villa Comaltitlán,Chiapas
7072,Pueblo Nuevo Solistahuacán,Chiapas
7072,Pueblo Nuevo Solistahuacán,Chiapas
7072,Pueblo Nuevo Solistahuacán,Chiapas
7073,Rayón,Chiapas
7073,Rayón,Chiapas
7073,Rayón,Chiapas
7074,Reforma,Chiapas
7074,Reforma,Chiapas
7074,Reforma,Chiapas
7075,Las Rosas,Chiapas
7075,Las Rosas,Chiapas
7075,Las Rosas,Chiapas
7076,Sabanilla,Chiapas
7076,Sabanilla,Chiapas
7076,Sabanilla,Chiapas
7077,Salto de Agua,Chiapas
7077,Salto de Agua,Chiapas
7077,Salto de Agua,Chiapas
7078,San Cristóbal de las Casas,Chiapas
7078,San Cristóbal de las Casas,Chiapas
7078,San Cristóbal de las Casas,Chiapas
7079,San Fernando,Chiapas
7079,San Fernando,Chiapas
7079,San Fernando,Chiapas
7080,Siltepec,Chiapas
7080,Siltepec,Chiapas
7080,Siltepec,Chiapas
7081,Simojovel,Chiapas
7081,Simojovel,Chiapas
7081,Simojovel,Chiapas
7082,Sitalá,Chiapas
7082,Sitalá,Chiapas
7082,Sitalá,Chiapas
7083,Socoltenango,Chiapas
7083,Socoltenango,Chiapas
7083,Socoltenango,Chiapas
7084,Solosuchiapa,Chiapas
7084,Solosuchiapa,Chiapas
7084,Solosuchiapa,Chiapas
7085,Soyaló,Chiapas
7085,Soyaló,Chiapas
7085,Soyaló,Chiapas
7086,Suchiapa,Chiapas
7086,Suchiapa,Chiapas
7086,Suchiapa,Chiapas
7087,Suchiate,Chiapas
7087,Suchiate,Chiapas
7087,Suchiate,Chiapas
7088,Sunuapa,Chiapas
7088,Sunuapa,Chiapas
7088,Sunuapa,Chiapas
7089,Tapachula,Chiapas
7089,Tapachula,Chiapas
7089,Tapachula,Chiapas
7090,Tapalapa,Chiapas
7090,Tapalapa,Chiapas
7090,Tapalapa,Chiapas
7091,Tapilula,Chiapas
7091,Tapilula,Chiapas
7091,Tapilula,Chiapas
7092,Tecpatán,Chiapas
7092,Tecpatán,Chiapas
7092,Tecpatán,Chiapas
7093,Tenejapa,Chiapas
7093,Tenejapa,Chiapas
7093,Tenejapa,Chiapas
7094,Teopisca,Chiapas
7094,Teopisca,Chiapas
7094,Teopisca,Chiapas
7096,Tila,Chiapas
7096,Tila,Chiapas
7096,Tila,Chiapas
7097,Tonalá,Chiapas
7097,Tonalá,Chiapas
7097,Tonalá,Chiapas
7098,Totolapa,Chiapas
7098,Totolapa,Chiapas
7098,Totolapa,Chiapas
7099,La Trinitaria,Chiapas
7099,La Trinitaria,Chiapas
7099,La Trinitaria,Chiapas
7100,Tumbalá,Chiapas
7100,Tumbalá,Chiapas
7100,Tumbalá,Chiapas
7101,Tuxtla Gutiérrez,Chiapas
7101,Tuxtla Gutiérrez,Chiapas
7101,Tuxtla Gutiérrez,Chiapas
7102,Tuxtla Chico,Chiapas
7102,Tuxtla Chico,Chiapas
7102,Tuxtla Chico,Chiapas
7103,Tuzantán,Chiapas
7103,Tuzantán,Chiapas
7103,Tuzantán,Chiapas
7104,Tzimol,Chiapas
7104,Tzimol,Chiapas
7104,Tzimol,Chiapas
7105,Unión Juárez,Chiapas
7105,Unión Juárez,Chiapas
7105,Unión Juárez,Chiapas
7106,Venustiano Carranza,Chiapas
7106,Venustiano Carranza,Chiapas
7106,Venustiano Carranza,Chiapas
7107,Villa Corzo,Chiapas
7107,Villa Corzo,Chiapas
7107,Villa Corzo,Chiapas
7108,Villaflores,Chiapas
7108,Villaflores,Chiapas
7108,Villaflores,Chiapas
7109,Yajalón,Chiapas
7109,Yajalón,Chiapas
7109,Yajalón,Chiapas
7110,San Lucas,Chiapas
7110,San Lucas,Chiapas
7110,San Lucas,Chiapas
7111,Zinacantán,Chiapas
7111,Zinacantán,Chiapas
7111,Zinacantán,Chiapas
7112,San Juan Cancuc,Chiapas
7112,San Juan Cancuc,Chiapas
7112,San Juan Cancuc,Chiapas
7113,Aldama,Chiapas
7113,Aldama,Chiapas
7113,Aldama,Chiapas
7114,Benemérito de las Américas,Chiapas
7114,Benemérito de las Américas,Chiapas
7114,Benemérito de las Américas,Chiapas
7115,Maravilla Tenejapa,Chiapas
7115,Maravilla Tenejapa,Chiapas
7115,Maravilla Tenejapa,Chiapas
7116,Marqués de Comillas,Chiapas
7116,Marqués de Comillas,Chiapas
7116,Marqués de Comillas,Chiapas
7117,Montecristo de Guerrero,Chiapas
7117,Montecristo de Guerrero,Chiapas
7117,Montecristo de Guerrero,Chiapas
7118,San Andrés Duraznal,Chiapas
7118,San Andrés Duraznal,Chiapas
7118,San Andrés Duraznal,Chiapas
7119,Santiago el Pinar,Chiapas
7119,Santiago el Pinar,Chiapas
7119,Santiago el Pinar,Chiapas
7120,Capitán Luis Ángel Vidal,Chiapas
7120,Capitán Luis Ángel Vidal,Chiapas
7120,Capitán Luis Ángel Vidal,Chiapas
7121,Rincón Chamula San Pedro,Chiapas
7121,Rincón Chamula San Pedro,Chiapas
7121,Rincón Chamula San Pedro,Chiapas
7122,El Parral,Chiapas
7122,El Parral,Chiapas
7122,El Parral,Chiapas
7123,Emiliano Zapata,Chiapas
7123,Emiliano Zapata,Chiapas
7123,Emiliano Zapata,Chiapas
7124,Mezcalapa,Chiapas
7124,Mezcalapa,Chiapas
7124,Mezcalapa,Chiapas
7125,Honduras de la Sierra,Chiapas
7125,Honduras de la Sierra,Chiapas
7125,Honduras de la Sierra,Chiapas
8001,Ahumada,Chihuahua
8001,Ahumada,Chihuahua
8001,Ahumada,Chihuahua
8002,Aldama,Chihuahua
8002,Aldama,Chihuahua
8002,Aldama,Chihuahua
8003,Allende,Chihuahua
8003,Allende,Chihuahua
8003,Allende,Chihuahua
8004,Aquiles Serdán,Chihuahua
8004,Aquiles Serdán,Chihuahua
8004,Aquiles Serdán,Chihuahua
8005,Ascensión,Chihuahua
8005,Ascensión,Chihuahua
8005,Ascensión,Chihuahua
8006,Bachíniva,Chihuahua
8006,Bachíniva,Chihuahua
8006,Bachíniva,Chihuahua
8007,Balleza,Chihuahua
8007,Balleza,Chihuahua
8007,Balleza,Chihuahua
8008,Batopilas de Manuel Gómez Morín,Chihuahua
8008,Batopilas de Manuel Gómez Morín,Chihuahua
8008,Batopilas de Manuel Gómez Morín,Chihuahua
8009,Bocoyna,Chihuahua
8009,Bocoyna,Chihuahua
8009,Bocoyna,Chihuahua
8010,Buenaventura,Chihuahua
8010,Buenaventura,Chihuahua
8010,Buenaventura,Chihuahua
8011,Camargo,Chihuahua
8011,Camargo,Chihuahua
8011,Camargo,Chihuahua
8012,Carichí,Chihuahua
8012,Carichí,Chihuahua
8012,Carichí,Chihuahua
8013,Casas Grandes,Chihuahua
8013,Casas Grandes,Chihuahua
8013,Casas Grandes,Chihuahua
8014,Coronado,Chihuahua
8014,Coronado,Chihuahua
8014,Coronado,Chihuahua
8015,Coyame del Sotol,Chihuahua
8015,Coyame del Sotol,Chihuahua
8015,Coyame del Sotol,Chihuahua
8016,La Cruz,Chihuahua
8016,La Cruz,Chihuahua
8016,La Cruz,Chihuahua
8017,Cuauhtémoc,Chihuahua
8017,Cuauhtémoc,Chihuahua
8017,Cuauhtémoc,Chihuahua
8018,Cusihuiriachi,Chihuahua
8018,Cusihuiriachi,Chihuahua
8018,Cusihuiriachi,Chihuahua
8019,Chihuahua,Chihuahua
8019,Chihuahua,Chihuahua
8019,Chihuahua,Chihuahua
8020,Chínipas,Chihuahua
8020,Chínipas,Chihuahua
8020,Chínipas,Chihuahua
8021,Delicias,Chihuahua
8021,Delicias,Chihuahua
8021,Delicias,Chihuahua
8022,Dr. Belisario Domínguez,Chihuahua
8022,Dr. Belisario Domínguez,Chihuahua
8022,Dr. Belisario Domínguez,Chihuahua
8023,Galeana,Chihuahua
8023,Galeana,Chihuahua
8023,Galeana,Chihuahua
8024,Santa Isabel,Chihuahua
8024,Santa Isabel,Chihuahua
8024,Santa Isabel,Chihuahua
8025,Gómez Farías,Chihuahua
8025,Gómez Farías,Chihuahua
8025,Gómez Farías,Chihuahua
8026,Gran Morelos,Chihuahua
8026,Gran Morelos,Chihuahua
8026,Gran Morelos,Chihuahua
8027,Guachochi,Chihuahua
8027,Guachochi,Chihuahua
8027,Guachochi,Chihuahua
8028,Guadalupe,Chihuahua
8028,Guadalupe,Chihuahua
8028,Guadalupe,Chihuahua
8029,Guadalupe y Calvo,Chihuahua
8029,Guadalupe y Calvo,Chihuahua
8029,Guadalupe y Calvo,Chihuahua
8030,Guazapares,Chihuahua
8030,Guazapares,Chihuahua
8030,Guazapares,Chihuahua
8031,Guerrero,Chihuahua
8031,Guerrero,Chihuahua
8031,Guerrero,Chihuahua
8032,Hidalgo del Parral,Chihuahua
8032,Hidalgo del Parral,Chihuahua
8032,Hidalgo del Parral,Chihuahua
8033,Huejotitán,Chihuahua
8033,Huejotitán,Chihuahua
8033,Huejotitán,Chihuahua
8034,Ignacio Zaragoza,Chihuahua
8034,Ignacio Zaragoza,Chihuahua
8034,Ignacio Zaragoza,Chihuahua
8035,Janos,Chihuahua
8035,Janos,Chihuahua
8035,Janos,Chihuahua
8036,Jiménez,Chihuahua
8036,Jiménez,Chihuahua
8036,Jiménez,Chihuahua
8037,Juárez,Chihuahua
8037,Juárez,Chihuahua
8037,Juárez,Chihuahua
8038,Julimes,Chihuahua
8038,Julimes,Chihuahua
8038,Julimes,Chihuahua
8039,López,Chihuahua
8039,López,Chihuahua
8039,López,Chihuahua
8040,Madera,Chihuahua
8040,Madera,Chihuahua
8040,Madera,Chihuahua
8041,Maguarichi,Chihuahua
8041,Maguarichi,Chihuahua
8041,Maguarichi,Chihuahua
8042,Manuel Benavides,Chihuahua
8042,Manuel Benavides,Chihuahua
8042,Manuel Benavides,Chihuahua
8043,Matachí,Chihuahua
8043,Matachí,Chihuahua
8043,Matachí,Chihuahua
8044,Matamoros,Chihuahua
8044,Matamoros,Chihuahua
8044,Matamoros,Chihuahua
8045,Meoqui,Chihuahua
8045,Meoqui,Chihuahua
8045,Meoqui,Chihuahua
8046,Morelos,Chihuahua
8046,Morelos,Chihuahua
8046,Morelos,Chihuahua
8047,Moris,Chihuahua
8047,Moris,Chihuahua
8047,Moris,Chihuahua
8048,Namiquipa,Chihuahua
8048,Namiquipa,Chihuahua
8048,Namiquipa,Chihuahua
8049,Nonoava,Chihuahua
8049,Nonoava,Chihuahua
8049,Nonoava,Chihuahua
8050,Nuevo Casas Grandes,Chihuahua
8050,Nuevo Casas Grandes,Chihuahua
8050,Nuevo Casas Grandes,Chihuahua
8051,Ocampo,Chihuahua
8051,Ocampo,Chihuahua
8051,Ocampo,Chihuahua
8052,Ojinaga,Chihuahua
8052,Ojinaga,Chihuahua
8052,Ojinaga,Chihuahua
8053,Praxedis G. Guerrero,Chihuahua
8053,Praxedis G. Guerrero,Chihuahua
8053,Praxedis G. Guerrero,Chihuahua
8054,Riva Palacio,Chihuahua
8054,Riva Palacio,Chihuahua
8054,Riva Palacio,Chihuahua
8055,Rosales,Chihuahua
8055,Rosales,Chihuahua
8055,Rosales,Chihuahua
8056,Rosario,Chihuahua
8056,Rosario,Chihuahua
8056,Rosario,Chihuahua
8057,San Francisco de Borja,Chihuahua
8057,San Francisco de Borja,Chihuahua
8057,San Francisco de Borja,Chihuahua
8058,San Francisco de Conchos,Chihuahua
8058,San Francisco de Conchos,Chihuahua
8058,San Francisco de Conchos,Chihuahua
8059,San Francisco del Oro,Chihuahua
8059,San Francisco del Oro,Chihuahua
8059,San Francisco del Oro,Chihuahua
8060,Santa Bárbara,Chihuahua
8060,Santa Bárbara,Chihuahua
8060,Santa Bárbara,Chihuahua
8061,Satevó,Chihuahua
8061,Satevó,Chihuahua
8061,Satevó,Chihuahua
8062,Saucillo,Chihuahua
8062,Saucillo,Chihuahua
8062,Saucillo,Chihuahua
8063,Temósachic,Chihuahua
8063,Temósachic,Chihuahua
8063,Temósachic,Chihuahua
8064,El Tule,Chihuahua
8064,El Tule,Chihuahua
8064,El Tule,Chihuahua
8065,Urique,Chihuahua
8065,Urique,Chihuahua
8065,Urique,Chihuahua
8066,Uruachi,Chihuahua
8066,Uruachi,Chihuahua
8066,Uruachi,Chihuahua
8067,Valle de Zaragoza,Chihuahua
8067,Valle de Zaragoza,Chihuahua
8067,Valle de Zaragoza,Chihuahua
9002,Azcapotzalco,Ciudad de México
9002,Azcapotzalco,Ciudad de México
9002,Azcapotzalco,Ciudad de México
9003,Coyoacán,Ciudad de México
9003,Coyoacán,Ciudad de México
9003,Coyoacán,Ciudad de México
9004,Cuajimalpa de Morelos,Ciudad de México
9004,Cuajimalpa de Morelos,Ciudad de México
9004,Cuajimalpa de Morelos,Ciudad de México
9005,Gustavo A. Madero,Ciudad de México
9005,Gustavo A. Madero,Ciudad de México
9005,Gustavo A. Madero,Ciudad de México
9006,Iztacalco,Ciudad de México
9006,Iztacalco,Ciudad de México
9006,Iztacalco,Ciudad de México
9007,Iztapalapa,Ciudad de México
9007,Iztapalapa,Ciudad de México
9007,Iztapalapa,Ciudad de México
9008,La Magdalena Contreras,Ciudad de México
9008,La Magdalena Contreras,Ciudad de México
9008,La Magdalena Contreras,Ciudad de México
9009,Milpa Alta,Ciudad de México
9009,Milpa Alta,Ciudad de México
9009,Milpa Alta,Ciudad de México
9010,Álvaro Obregón,Ciudad de México
9010,Álvaro Obregón,Ciudad de México
9010,Álvaro Obregón,Ciudad de México
9011,Tláhuac,Ciudad de México
9011,Tláhuac,Ciudad de México
9011,Tláhuac,Ciudad de México
9012,Tlalpan,Ciudad de México
9012,Tlalpan,Ciudad de México
9012,Tlalpan,Ciudad de México
9013,Xochimilco,Ciudad de México
9013,Xochimilco,Ciudad de México
9013,Xochimilco,Ciudad de México
9014,Benito Juárez,Ciudad de México
9014,Benito Juárez,Ciudad de México
9014,Benito Juárez,Ciudad de México
9015,Cuauhtémoc,Ciudad de México
9015,Cuauhtémoc,Ciudad de México
9015,Cuauhtémoc,Ciudad de México
9016,Miguel Hidalgo,Ciudad de México
9016,Miguel Hidalgo,Ciudad de México
9016,Miguel Hidalgo,Ciudad de México
9017,Venustiano Carranza,Ciudad de México
9017,Venustiano Carranza,Ciudad de México
9017,Venustiano Carranza,Ciudad de México
9998,No Especificado,Ciudad de México
9998,No Especificado,Ciudad de México
9998,No Especificado,Ciudad de México
5001,Abasolo,Coahuila de Zaragoza
5001,Abasolo,Coahuila de Zaragoza
5001,Abasolo,Coahuila de Zaragoza
5002,Acuña,Coahuila de Zaragoza
5002,Acuña,Coahuila de Zaragoza
5002,Acuña,Coahuila de Zaragoza
5003,Allende,Coahuila de Zaragoza
5003,Allende,Coahuila de Zaragoza
5003,Allende,Coahuila de Zaragoza
5004,Arteaga,Coahuila de Zaragoza
5004,Arteaga,Coahuila de Zaragoza
5004,Arteaga,Coahuila de Zaragoza
5005,Candela,Coahuila de Zaragoza
5005,Candela,Coahuila de Zaragoza
5005,Candela,Coahuila de Zaragoza
5006,Castaños,Coahuila de Zaragoza
5006,Castaños,Coahuila de Zaragoza
5006,Castaños,Coahuila de Zaragoza
5007,Cuatro Ciénegas,Coahuila de Zaragoza
5007,Cuatro Ciénegas,Coahuila de Zaragoza
5007,Cuatro Ciénegas,Coahuila de Zaragoza
5008,Escobedo,Coahuila de Zaragoza
5008,Escobedo,Coahuila de Zaragoza
5008,Escobedo,Coahuila de Zaragoza
5009,Francisco I. Madero,Coahuila de Zaragoza
5009,Francisco I. Madero,Coahuila de Zaragoza
5009,Francisco I. Madero,Coahuila de Zaragoza
5010,Frontera,Coahuila de Zaragoza
5010,Frontera,Coahuila de Zaragoza
5010,Frontera,Coahuila de Zaragoza
5011,General Cepeda,Coahuila de Zaragoza
5011,General Cepeda,Coahuila de Zaragoza
5011,General Cepeda,Coahuila de Zaragoza
5012,Guerrero,Coahuila de Zaragoza
5012,Guerrero,Coahuila de Zaragoza
5012,Guerrero,Coahuila de Zaragoza
5013,Hidalgo,Coahuila de Zaragoza
5013,Hidalgo,Coahuila de Zaragoza
5013,Hidalgo,Coahuila de Zaragoza
5014,Jiménez,Coahuila de Zaragoza
5014,Jiménez,Coahuila de Zaragoza
5014,Jiménez,Coahuila de Zaragoza
5015,Juárez,Coahuila de Zaragoza
5015,Juárez,Coahuila de Zaragoza
5015,Juárez,Coahuila de Zaragoza
5016,Lamadrid,Coahuila de Zaragoza
5016,Lamadrid,Coahuila de Zaragoza
5016,Lamadrid,Coahuila de Zaragoza
5017,Matamoros,Coahuila de Zaragoza
5017,Matamoros,Coahuila de Zaragoza
5017,Matamoros,Coahuila de Zaragoza
5018,Monclova,Coahuila de Zaragoza
5018,Monclova,Coahuila de Zaragoza
5018,Monclova,Coahuila de Zaragoza
5019,Morelos,Coahuila de Zaragoza
5019,Morelos,Coahuila de Zaragoza
5019,Morelos,Coahuila de Zaragoza
5020,Múzquiz,Coahuila de Zaragoza
5020,Múzquiz,Coahuila de Zaragoza
5020,Múzquiz,Coahuila de Zaragoza
5021,Nadadores,Coahuila de Zaragoza
5021,Nadadores,Coahuila de Zaragoza
5021,Nadadores,Coahuila de Zaragoza
5022,Nava,Coahuila de Zaragoza
5022,Nava,Coahuila de Zaragoza
5022,Nava,Coahuila de Zaragoza
5023,Ocampo,Coahuila de Zaragoza
5023,Ocampo,Coahuila de Zaragoza
5023,Ocampo,Coahuila de Zaragoza
5024,Parras,Coahuila de Zaragoza
5024,Parras,Coahuila de Zaragoza
5024,Parras,Coahuila de Zaragoza
5025,Piedras Negras,Coahuila de Zaragoza
5025,Piedras Negras,Coahuila de Zaragoza
5025,Piedras Negras,Coahuila de Zaragoza
5026,Progreso,Coahuila de Zaragoza
5026,Progreso,Coahuila de Zaragoza
5026,Progreso,Coahuila de Zaragoza
5027,Ramos Arizpe,Coahuila de Zaragoza
5027,Ramos Arizpe,Coahuila de Zaragoza
5027,Ramos Arizpe,Coahuila de Zaragoza
5028,Sabinas,Coahuila de Zaragoza
5028,Sabinas,Coahuila de Zaragoza
5028,Sabinas,Coahuila de Zaragoza
5029,Sacramento,Coahuila de Zaragoza
5029,Sacramento,Coahuila de Zaragoza
5029,Sacramento,Coahuila de Zaragoza
5030,Saltillo,Coahuila de Zaragoza
5030,Saltillo,Coahuila de Zaragoza
5030,Saltillo,Coahuila de Zaragoza
5031,San Buenaventura,Coahuila de Zaragoza
5031,San Buenaventura,Coahuila de Zaragoza
5031,San Buenaventura,Coahuila de Zaragoza
5032,San Juan de Sabinas,Coahuila de Zaragoza
5032,San Juan de Sabinas,Coahuila de Zaragoza
5032,San Juan de Sabinas,Coahuila de Zaragoza
5033,San Pedro,Coahuila de Zaragoza
5033,San Pedro,Coahuila de Zaragoza
5033,San Pedro,Coahuila de Zaragoza
5034,Sierra Mojada,Coahuila de Zaragoza
5034,Sierra Mojada,Coahuila de Zaragoza
5034,Sierra Mojada,Coahuila de Zaragoza
5035,Torreón,Coahuila de Zaragoza
5035,Torreón,Coahuila de Zaragoza
5035,Torreón,Coahuila de Zaragoza
5036,Viesca,Coahuila de Zaragoza
5036,Viesca,Coahuila de Zaragoza
5036,Viesca,Coahuila de Zaragoza
5037,Villa Unión,Coahuila de Zaragoza
5037,Villa Unión,Coahuila de Zaragoza
5037,Villa Unión,Coahuila de Zaragoza
5038,Zaragoza,Coahuila de Zaragoza
5038,Zaragoza,Coahuila de Zaragoza
5038,Zaragoza,Coahuila de Zaragoza
6001,Armería,Colima
6001,Armería,Colima
6001,Armería,Colima
6002,Colima,Colima
6002,Colima,Colima
6002,Colima,Colima
6003,Comala,Colima
6003,Comala,Colima
6003,Comala,Colima
6004,Coquimatlán,Colima
6004,Coquimatlán,Colima
6004,Coquimatlán,Colima
6005,Cuauhtémoc,Colima
6005,Cuauhtémoc,Colima
6005,Cuauhtémoc,Colima
6006,Ixtlahuacán,Colima
6006,Ixtlahuacán,Colima
6006,Ixtlahuacán,Colima
6007,Manzanillo,Colima
6007,Manzanillo,Colima
6007,Manzanillo,Colima
6008,Minatitlán,Colima
6008,Minatitlán,Colima
6008,Minatitlán,Colima
6009,Tecomán,Colima
6009,Tecomán,Colima
6009,Tecomán,Colima
6010,Villa de Álvarez,Colima
6010,Villa de Álvarez,Colima
6010,Villa de Álvarez,Colima
10001,Canatlán,Durango
10001,Canatlán,Durango
10001,Canatlán,Durango
10002,Canelas,Durango
10002,Canelas,Durango
10002,Canelas,Durango
10003,Coneto de Comonfort,Durango
10003,Coneto de Comonfort,Durango
10003,Coneto de Comonfort,Durango
10004,Cuencamé,Durango
10004,Cuencamé,Durango
10004,Cuencamé,Durango
10005,Durango,Durango
10005,Durango,Durango
10005,Durango,Durango
10006,General Simón Bolívar,Durango
10006,General Simón Bolívar,Durango
10006,General Simón Bolívar,Durango
10007,Gómez Palacio,Durango
10007,Gómez Palacio,Durango
10007,Gómez Palacio,Durango
10008,Guadalupe Victoria,Durango
10008,Guadalupe Victoria,Durango
10008,Guadalupe Victoria,Durango
10009,Guanaceví,Durango
10009,Guanaceví,Durango
10009,Guanaceví,Durango
10010,Hidalgo,Durango
10010,Hidalgo,Durango
10010,Hidalgo,Durango
10011,Indé,Durango
10011,Indé,Durango
10011,Indé,Durango
10012,Lerdo,Durango
10012,Lerdo,Durango
10012,Lerdo,Durango
10013,Mapimí,Durango
10013,Mapimí,Durango
10013,Mapimí,Durango
10014,Mezquital,Durango
10014,Mezquital,Durango
10014,Mezquital,Durango
10015,Nazas,Durango
10015,Nazas,Durango
10015,Nazas,Durango
10016,Nombre de Dios,Durango
10016,Nombre de Dios,Durango
10016,Nombre de Dios,Durango
10017,Ocampo,Durango
10017,Ocampo,Durango
10017,Ocampo,Durango
10018,El Oro,Durango
10018,El Oro,Durango
10018,El Oro,Durango
10019,Otáez,Durango
10019,Otáez,Durango
10019,Otáez,Durango
10020,Pánuco de Coronado,Durango
10020,Pánuco de Coronado,Durango
10020,Pánuco de Coronado,Durango
10021,Peñón Blanco,Durango
10021,Peñón Blanco,Durango
10021,Peñón Blanco,Durango
10022,Poanas,Durango
10022,Poanas,Durango
10022,Poanas,Durango
10023,Pueblo Nuevo,Durango
10023,Pueblo Nuevo,Durango
10023,Pueblo Nuevo,Durango
10024,Rodeo,Durango
10024,Rodeo,Durango
10024,Rodeo,Durango
10025,San Bernardo,Durango
10025,San Bernardo,Durango
10025,San Bernardo,Durango
10026,San Dimas,Durango
10026,San Dimas,Durango
10026,San Dimas,Durango
10027,San Juan de Guadalupe,Durango
10027,San Juan de Guadalupe,Durango
10027,San Juan de Guadalupe,Durango
10028,San Juan del Río,Durango
10028,San Juan del Río,Durango
10028,San Juan del Río,Durango
10029,San Luis del Cordero,Durango
10029,San Luis del Cordero,Durango
10029,San Luis del Cordero,Durango
10030,San Pedro del Gallo,Durango
10030,San Pedro del Gallo,Durango
10030,San Pedro del Gallo,Durango
10031,Santa Clara,Durango
10031,Santa Clara,Durango
10031,Santa Clara,Durango
10032,Santiago Papasquiaro,Durango
10032,Santiago Papasquiaro,Durango
10032,Santiago Papasquiaro,Durango
10033,Súchil,Durango
10033,Súchil,Durango
10033,Súchil,Durango
10034,Tamazula,Durango
10034,Tamazula,Durango
10034,Tamazula,Durango
10035,Tepehuanes,Durango
10035,Tepehuanes,Durango
10035,Tepehuanes,Durango
10036,Tlahualilo,Durango
10036,Tlahualilo,Durango
10036,Tlahualilo,Durango
10037,Topia,Durango
10037,Topia,Durango
10037,Topia,Durango
10038,Vicente Guerrero,Durango
10038,Vicente Guerrero,Durango
10038,Vicente Guerrero,Durango
10039,Nuevo Ideal,Durango
10039,Nuevo Ideal,Durango
10039,Nuevo Ideal,Durango
11001,Abasolo,Guanajuato
11001,Abasolo,Guanajuato
11001,Abasolo,Guanajuato
11002,Acámbaro,Guanajuato
11002,Acámbaro,Guanajuato
11002,Acámbaro,Guanajuato
11003,San Miguel de Allende,Guanajuato
11003,San Miguel de Allende,Guanajuato
11003,San Miguel de Allende,Guanajuato
11004,Apaseo el Alto,Guanajuato
11004,Apaseo el Alto,Guanajuato
11004,Apaseo el Alto,Guanajuato
11005,Apaseo el Grande,Guanajuato
11005,Apaseo el Grande,Guanajuato
11005,Apaseo el Grande,Guanajuato
11006,Atarjea,Guanajuato
11006,Atarjea,Guanajuato
11006,Atarjea,Guanajuato
11007,Celaya,Guanajuato
11007,Celaya,Guanajuato
11007,Celaya,Guanajuato
11008,Manuel Doblado,Guanajuato
11008,Manuel Doblado,Guanajuato
11008,Manuel Doblado,Guanajuato
11009,Comonfort,Guanajuato
11009,Comonfort,Guanajuato
11009,Comonfort,Guanajuato
11010,Coroneo,Guanajuato
11010,Coroneo,Guanajuato
11010,Coroneo,Guanajuato
11011,Cortazar,Guanajuato
11011,Cortazar,Guanajuato
11011,Cortazar,Guanajuato
11012,Cuerámaro,Guanajuato
11012,Cuerámaro,Guanajuato
11012,Cuerámaro,Guanajuato
11013,Doctor Mora,Guanajuato
11013,Doctor Mora,Guanajuato
11013,Doctor Mora,Guanajuato
11014,Dolores Hidalgo Cuna de la Independencia Nacional,Guanajuato
11014,Dolores Hidalgo Cuna de la Independencia Nacional,Guanajuato
11014,Dolores Hidalgo Cuna de la Independencia Nacional,Guanajuato
11015,Guanajuato,Guanajuato
11015,Guanajuato,Guanajuato
11015,Guanajuato,Guanajuato
11016,Huanímaro,Guanajuato
11016,Huanímaro,Guanajuato
11016,Huanímaro,Guanajuato
11017,Irapuato,Guanajuato
11017,Irapuato,Guanajuato
11017,Irapuato,Guanajuato
11018,Jaral del Progreso,Guanajuato
11018,Jaral del Progreso,Guanajuato
11018,Jaral del Progreso,Guanajuato
11019,Jerécuaro,Guanajuato
11019,Jerécuaro,Guanajuato
11019,Jerécuaro,Guanajuato
11020,León,Guanajuato
11020,León,Guanajuato
11020,León,Guanajuato
11021,Moroleón,Guanajuato
11021,Moroleón,Guanajuato
11021,Moroleón,Guanajuato
11022,Ocampo,Guanajuato
11022,Ocampo,Guanajuato
11022,Ocampo,Guanajuato
11023,Pénjamo,Guanajuato
11023,Pénjamo,Guanajuato
11023,Pénjamo,Guanajuato
11024,Pueblo Nuevo,Guanajuato
11024,Pueblo Nuevo,Guanajuato
11024,Pueblo Nuevo,Guanajuato
11025,Purísima del Rincón,Guanajuato
11025,Purísima del Rincón,Guanajuato
11025,Purísima del Rincón,Guanajuato
11026,Romita,Guanajuato
11026,Romita,Guanajuato
11026,Romita,Guanajuato
11027,Salamanca,Guanajuato
11027,Salamanca,Guanajuato
11027,Salamanca,Guanajuato
11028,Salvatierra,Guanajuato
11028,Salvatierra,Guanajuato
11028,Salvatierra,Guanajuato
11029,San Diego de la Unión,Guanajuato
11029,San Diego de la Unión,Guanajuato
11029,San Diego de la Unión,Guanajuato
11030,San Felipe,Guanajuato
11030,San Felipe,Guanajuato
11030,San Felipe,Guanajuato
11031,San Francisco del Rincón,Guanajuato
11031,San Francisco del Rincón,Guanajuato
11031,San Francisco del Rincón,Guanajuato
11032,San José Iturbide,Guanajuato
11032,San José Iturbide,Guanajuato
11032,San José Iturbide,Guanajuato
11033,San Luis de la Paz,Guanajuato
11033,San Luis de la Paz,Guanajuato
11033,San Luis de la Paz,Guanajuato
11034,Santa Catarina,Guanajuato
11034,Santa Catarina,Guanajuato
11034,Santa Catarina,Guanajuato
11035,Santa Cruz de Juventino Rosas,Guanajuato
11035,Santa Cruz de Juventino Rosas,Guanajuato
11035,Santa Cruz de Juventino Rosas,Guanajuato
11036,Santiago Maravatío,Guanajuato
11036,Santiago Maravatío,Guanajuato
11036,Santiago Maravatío,Guanajuato
11037,Silao de la Victoria,Guanajuato
11037,Silao de la Victoria,Guanajuato
11037,Silao de la Victoria,Guanajuato
11038,Tarandacuao,Guanajuato
11038,Tarandacuao,Guanajuato
11038,Tarandacuao,Guanajuato
11039,Tarimoro,Guanajuato
11039,Tarimoro,Guanajuato
11039,Tarimoro,Guanajuato
11040,Tierra Blanca,Guanajuato
11040,Tierra Blanca,Guanajuato
11040,Tierra Blanca,Guanajuato
11041,Uriangato,Guanajuato
11041,Uriangato,Guanajuato
11041,Uriangato,Guanajuato
11042,Valle de Santiago,Guanajuato
11042,Valle de Santiago,Guanajuato
11042,Valle de Santiago,Guanajuato
11043,Victoria,Guanajuato
11043,Victoria,Guanajuato
11043,Victoria,Guanajuato
11044,Villagrán,Guanajuato
11044,Villagrán,Guanajuato
11044,Villagrán,Guanajuato
11045,Xichú,Guanajuato
11045,Xichú,Guanajuato
11045,Xichú,Guanajuato
11046,Yuriria,Guanajuato
11046,Yuriria,Guanajuato
11046,Yuriria,Guanajuato
12001,Acapulco de Juárez,Guerrero
12001,Acapulco de Juárez,Guerrero
12001,Acapulco de Juárez,Guerrero
12002,Ahuacuotzingo,Guerrero
12002,Ahuacuotzingo,Guerrero
12002,Ahuacuotzingo,Guerrero
12003,Ajuchitlán del Progreso,Guerrero
12003,Ajuchitlán del Progreso,Guerrero
12003,Ajuchitlán del Progreso,Guerrero
12004,Alcozauca de Guerrero,Guerrero
12004,Alcozauca de Guerrero,Guerrero
12004,Alcozauca de Guerrero,Guerrero
12005,Alpoyeca,Guerrero
12005,Alpoyeca,Guerrero
12005,Alpoyeca,Guerrero
12006,Apaxtla,Guerrero
12006,Apaxtla,Guerrero
12006,Apaxtla,Guerrero
12007,Arcelia,Guerrero
12007,Arcelia,Guerrero
12007,Arcelia,Guerrero
12008,Atenango del Río,Guerrero
12008,Atenango del Río,Guerrero
12008,Atenango del Río,Guerrero
12009,Atlamajalcingo del Monte,Guerrero
12009,Atlamajalcingo del Monte,Guerrero
12009,Atlamajalcingo del Monte,Guerrero
12010,Atlixtac,Guerrero
12010,Atlixtac,Guerrero
12010,Atlixtac,Guerrero
12011,Atoyac de Álvarez,Guerrero
12011,Atoyac de Álvarez,Guerrero
12011,Atoyac de Álvarez,Guerrero
12012,Ayutla de los Libres,Guerrero
12012,Ayutla de los Libres,Guerrero
12012,Ayutla de los Libres,Guerrero
12013,Azoyú,Guerrero
12013,Azoyú,Guerrero
12013,Azoyú,Guerrero
12014,Benito Juárez,Guerrero
12014,Benito Juárez,Guerrero
12014,Benito Juárez,Guerrero
12015,Buenavista de Cuéllar,Guerrero
12015,Buenavista de Cuéllar,Guerrero
12015,Buenavista de Cuéllar,Guerrero
12016,Coahuayutla de José María Izazaga,Guerrero
12016,Coahuayutla de José María Izazaga,Guerrero
12016,Coahuayutla de José María Izazaga,Guerrero
12017,Cocula,Guerrero
12017,Cocula,Guerrero
12017,Cocula,Guerrero
12018,Copala,Guerrero
12018,Copala,Guerrero
12018,Copala,Guerrero
12019,Copalillo,Guerrero
12019,Copalillo,Guerrero
12019,Copalillo,Guerrero
12020,Copanatoyac,Guerrero
12020,Copanatoyac,Guerrero
12020,Copanatoyac,Guerrero
12021,Coyuca de Benítez,Guerrero
12021,Coyuca de Benítez,Guerrero
12021,Coyuca de Benítez,Guerrero
12022,Coyuca de Catalán,Guerrero
12022,Coyuca de Catalán,Guerrero
12022,Coyuca de Catalán,Guerrero
12023,Cuajinicuilapa,Guerrero
12023,Cuajinicuilapa,Guerrero
12023,Cuajinicuilapa,Guerrero
12024,Cualác,Guerrero
12024,Cualác,Guerrero
12024,Cualác,Guerrero
12025,Cuautepec,Guerrero
12025,Cuautepec,Guerrero
12025,Cuautepec,Guerrero
12026,Cuetzala del Progreso,Guerrero
12026,Cuetzala del Progreso,Guerrero
12026,Cuetzala del Progreso,Guerrero
12027,Cutzamala de Pinzón,Guerrero
12027,Cutzamala de Pinzón,Guerrero
12027,Cutzamala de Pinzón,Guerrero
12028,Chilapa de Álvarez,Guerrero
12028,Chilapa de Álvarez,Guerrero
12028,Chilapa de Álvarez,Guerrero
12029,Chilpancingo de los Bravo,Guerrero
12029,Chilpancingo de los Bravo,Guerrero
12029,Chilpancingo de los Bravo,Guerrero
12030,Florencio Villarreal,Guerrero
12030,Florencio Villarreal,Guerrero
12030,Florencio Villarreal,Guerrero
12031,General Canuto A. Neri,Guerrero
12031,General Canuto A. Neri,Guerrero
12031,General Canuto A. Neri,Guerrero
12032,General Heliodoro Castillo,Guerrero
12032,General Heliodoro Castillo,Guerrero
12032,General Heliodoro Castillo,Guerrero
12033,Huamuxtitlán,Guerrero
12033,Huamuxtitlán,Guerrero
12033,Huamuxtitlán,Guerrero
12034,Huitzuco de los Figueroa,Guerrero
12034,Huitzuco de los Figueroa,Guerrero
12034,Huitzuco de los Figueroa,Guerrero
12035,Iguala de la Independencia,Guerrero
12035,Iguala de la Independencia,Guerrero
12035,Iguala de la Independencia,Guerrero
12036,Igualapa,Guerrero
12036,Igualapa,Guerrero
12036,Igualapa,Guerrero
12037,Ixcateopan de Cuauhtémoc,Guerrero
12037,Ixcateopan de Cuauhtémoc,Guerrero
12037,Ixcateopan de Cuauhtémoc,Guerrero
12038,Zihuatanejo de Azueta,Guerrero
12038,Zihuatanejo de Azueta,Guerrero
12038,Zihuatanejo de Azueta,Guerrero
12039,Juan R. Escudero,Guerrero
12039,Juan R. Escudero,Guerrero
12039,Juan R. Escudero,Guerrero
12040,Leonardo Bravo,Guerrero
12040,Leonardo Bravo,Guerrero
12040,Leonardo Bravo,Guerrero
12041,Malinaltepec,Guerrero
12041,Malinaltepec,Guerrero
12041,Malinaltepec,Guerrero
12042,Mártir de Cuilapan,Guerrero
12042,Mártir de Cuilapan,Guerrero
12042,Mártir de Cuilapan,Guerrero
12043,Metlatónoc,Guerrero
12043,Metlatónoc,Guerrero
12043,Metlatónoc,Guerrero
12044,Mochitlán,Guerrero
12044,Mochitlán,Guerrero
12044,Mochitlán,Guerrero
12045,Olinalá,Guerrero
12045,Olinalá,Guerrero
12045,Olinalá,Guerrero
12046,Ometepec,Guerrero
12046,Ometepec,Guerrero
12046,Ometepec,Guerrero
12047,Pedro Ascencio Alquisiras,Guerrero
12047,Pedro Ascencio Alquisiras,Guerrero
12047,Pedro Ascencio Alquisiras,Guerrero
12048,Petatlán,Guerrero
12048,Petatlán,Guerrero
12048,Petatlán,Guerrero
12049,Pilcaya,Guerrero
12049,Pilcaya,Guerrero
12049,Pilcaya,Guerrero
12050,Pungarabato,Guerrero
12050,Pungarabato,Guerrero
12050,Pungarabato,Guerrero
12051,Quechultenango,Guerrero
12051,Quechultenango,Guerrero
12051,Quechultenango,Guerrero
12052,San Luis Acatlán,Guerrero
12052,San Luis Acatlán,Guerrero
12052,San Luis Acatlán,Guerrero
12053,San Marcos,Guerrero
12053,San Marcos,Guerrero
12053,San Marcos,Guerrero
12054,San Miguel Totolapan,Guerrero
12054,San Miguel Totolapan,Guerrero
12054,San Miguel Totolapan,Guerrero
12055,Taxco de Alarcón,Guerrero
12055,Taxco de Alarcón,Guerrero
12055,Taxco de Alarcón,Guerrero
12056,Tecoanapa,Guerrero
12056,Tecoanapa,Guerrero
12056,Tecoanapa,Guerrero
12057,Técpan de Galeana,Guerrero
12057,Técpan de Galeana,Guerrero
12057,Técpan de Galeana,Guerrero
12058,Teloloapan,Guerrero
12058,Teloloapan,Guerrero
12058,Teloloapan,Guerrero
12059,Tepecoacuilco de Trujano,Guerrero
12059,Tepecoacuilco de Trujano,Guerrero
12059,Tepecoacuilco de Trujano,Guerrero
12060,Tetipac,Guerrero
12060,Tetipac,Guerrero
12060,Tetipac,Guerrero
12061,Tixtla de Guerrero,Guerrero
12061,Tixtla de Guerrero,Guerrero
12061,Tixtla de Guerrero,Guerrero
12062,Tlacoachistlahuaca,Guerrero
12062,Tlacoachistlahuaca,Guerrero
12062,Tlacoachistlahuaca,Guerrero
12063,Tlacoapa,Guerrero
12063,Tlacoapa,Guerrero
12063,Tlacoapa,Guerrero
12064,Tlalchapa,Guerrero
12064,Tlalchapa,Guerrero
12064,Tlalchapa,Guerrero
12065,Tlalixtaquilla de Maldonado,Guerrero
12065,Tlalixtaquilla de Maldonado,Guerrero
12065,Tlalixtaquilla de Maldonado,Guerrero
12066,Tlapa de Comonfort,Guerrero
12066,Tlapa de Comonfort,Guerrero
12066,Tlapa de Comonfort,Guerrero
12067,Tlapehuala,Guerrero
12067,Tlapehuala,Guerrero
12067,Tlapehuala,Guerrero
12068,La Unión de Isidoro Montes de Oca,Guerrero
12068,La Unión de Isidoro Montes de Oca,Guerrero
12068,La Unión de Isidoro Montes de Oca,Guerrero
12069,Xalpatláhuac,Guerrero
12069,Xalpatláhuac,Guerrero
12069,Xalpatláhuac,Guerrero
12070,Xochihuehuetlán,Guerrero
12070,Xochihuehuetlán,Guerrero
12070,Xochihuehuetlán,Guerrero
12071,Xochistlahuaca,Guerrero
12071,Xochistlahuaca,Guerrero
12071,Xochistlahuaca,Guerrero
12072,Zapotitlán Tablas,Guerrero
12072,Zapotitlán Tablas,Guerrero
12072,Zapotitlán Tablas,Guerrero
12073,Zirándaro,Guerrero
12073,Zirándaro,Guerrero
12073,Zirándaro,Guerrero
12074,Zitlala,Guerrero
12074,Zitlala,Guerrero
12074,Zitlala,Guerrero
12075,Eduardo Neri,Guerrero
12075,Eduardo Neri,Guerrero
12075,Eduardo Neri,Guerrero
12076,Acatepec,Guerrero
12076,Acatepec,Guerrero
12076,Acatepec,Guerrero
12077,Marquelia,Guerrero
12077,Marquelia,Guerrero
12077,Marquelia,Guerrero
12078,Cochoapa el Grande,Guerrero
12078,Cochoapa el Grande,Guerrero
12078,Cochoapa el Grande,Guerrero
12079,José Joaquín de Herrera,Guerrero
12079,José Joaquín de Herrera,Guerrero
12079,José Joaquín de Herrera,Guerrero
12080,Juchitán,Guerrero
12080,Juchitán,Guerrero
12080,Juchitán,Guerrero
12081,Iliatenco,Guerrero
12081,Iliatenco,Guerrero
12081,Iliatenco,Guerrero
12082,Las Vigas,Guerrero
12082,Las Vigas,Guerrero
12082,Las Vigas,Guerrero
12083,Ñuu Savi,Guerrero
12083,Ñuu Savi,Guerrero
12083,Ñuu Savi,Guerrero
12084,Santa Cruz del Rincón,Guerrero
12084,Santa Cruz del Rincón,Guerrero
12084,Santa Cruz del Rincón,Guerrero
12085,San Nicolás,Guerrero
12085,San Nicolás,Guerrero
12085,San Nicolás,Guerrero
13001,Acatlán,Hidalgo
13001,Acatlán,Hidalgo
13001,Acatlán,Hidalgo
13002,Acaxochitlán,Hidalgo
13002,Acaxochitlán,Hidalgo
13002,Acaxochitlán,Hidalgo
13003,Actopan,Hidalgo
13003,Actopan,Hidalgo
13003,Actopan,Hidalgo
13004,Agua Blanca de Iturbide,Hidalgo
13004,Agua Blanca de Iturbide,Hidalgo
13004,Agua Blanca de Iturbide,Hidalgo
13005,Ajacuba,Hidalgo
13005,Ajacuba,Hidalgo
13005,Ajacuba,Hidalgo
13006,Alfajayucan,Hidalgo
13006,Alfajayucan,Hidalgo
13006,Alfajayucan,Hidalgo
13007,Almoloya,Hidalgo
13007,Almoloya,Hidalgo
13007,Almoloya,Hidalgo
13008,Apan,Hidalgo
13008,Apan,Hidalgo
13008,Apan,Hidalgo
13009,El Arenal,Hidalgo
13009,El Arenal,Hidalgo
13009,El Arenal,Hidalgo
13010,Atitalaquia,Hidalgo
13010,Atitalaquia,Hidalgo
13010,Atitalaquia,Hidalgo
13011,Atlapexco,Hidalgo
13011,Atlapexco,Hidalgo
13011,Atlapexco,Hidalgo
13012,Atotonilco el Grande,Hidalgo
13012,Atotonilco el Grande,Hidalgo
13012,Atotonilco el Grande,Hidalgo
13013,Atotonilco de Tula,Hidalgo
13013,Atotonilco de Tula,Hidalgo
13013,Atotonilco de Tula,Hidalgo
13014,Calnali,Hidalgo
13014,Calnali,Hidalgo
13014,Calnali,Hidalgo
13015,Cardonal,Hidalgo
13015,Cardonal,Hidalgo
13015,Cardonal,Hidalgo
13016,Cuautepec de Hinojosa,Hidalgo
13016,Cuautepec de Hinojosa,Hidalgo
13016,Cuautepec de Hinojosa,Hidalgo
13017,Chapantongo,Hidalgo
13017,Chapantongo,Hidalgo
13017,Chapantongo,Hidalgo
13018,Chapulhuacán,Hidalgo
13018,Chapulhuacán,Hidalgo
13018,Chapulhuacán,Hidalgo
13019,Chilcuautla,Hidalgo
13019,Chilcuautla,Hidalgo
13019,Chilcuautla,Hidalgo
13020,Eloxochitlán,Hidalgo
13020,Eloxochitlán,Hidalgo
13020,Eloxochitlán,Hidalgo
13021,Emiliano Zapata,Hidalgo
13021,Emiliano Zapata,Hidalgo
13021,Emiliano Zapata,Hidalgo
13022,Epazoyucan,Hidalgo
13022,Epazoyucan,Hidalgo
13022,Epazoyucan,Hidalgo
13023,Francisco I. Madero,Hidalgo
13023,Francisco I. Madero,Hidalgo
13023,Francisco I. Madero,Hidalgo
13024,Huasca de Ocampo,Hidalgo
13024,Huasca de Ocampo,Hidalgo
13024,Huasca de Ocampo,Hidalgo
13025,Huautla,Hidalgo
13025,Huautla,Hidalgo
13025,Huautla,Hidalgo
13026,Huazalingo,Hidalgo
13026,Huazalingo,Hidalgo
13026,Huazalingo,Hidalgo
13027,Huehuetla,Hidalgo
13027,Huehuetla,Hidalgo
13027,Huehuetla,Hidalgo
13028,Huejutla de Reyes,Hidalgo
13028,Huejutla de Reyes,Hidalgo
13028,Huejutla de Reyes,Hidalgo
13029,Huichapan,Hidalgo
13029,Huichapan,Hidalgo
13029,Huichapan,Hidalgo
13030,Ixmiquilpan,Hidalgo
13030,Ixmiquilpan,Hidalgo
13030,Ixmiquilpan,Hidalgo
13031,Jacala de Ledezma,Hidalgo
13031,Jacala de Ledezma,Hidalgo
13031,Jacala de Ledezma,Hidalgo
13032,Jaltocán,Hidalgo
13032,Jaltocán,Hidalgo
13032,Jaltocán,Hidalgo
13033,Juárez Hidalgo,Hidalgo
13033,Juárez Hidalgo,Hidalgo
13033,Juárez Hidalgo,Hidalgo
13034,Lolotla,Hidalgo
13034,Lolotla,Hidalgo
13034,Lolotla,Hidalgo
13035,Metepec,Hidalgo
13035,Metepec,Hidalgo
13035,Metepec,Hidalgo
13036,San Agustín Metzquititlán,Hidalgo
13036,San Agustín Metzquititlán,Hidalgo
13036,San Agustín Metzquititlán,Hidalgo
13037,Metztitlán,Hidalgo
13037,Metztitlán,Hidalgo
13037,Metztitlán,Hidalgo
13038,Mineral del Chico,Hidalgo
13038,Mineral del Chico,Hidalgo
13038,Mineral del Chico,Hidalgo
13039,Mineral del Monte,Hidalgo
13039,Mineral del Monte,Hidalgo
13039,Mineral del Monte,Hidalgo
13040,La Misión,Hidalgo
13040,La Misión,Hidalgo
13040,La Misión,Hidalgo
13041,Mixquiahuala de Juárez,Hidalgo
13041,Mixquiahuala de Juárez,Hidalgo
13041,Mixquiahuala de Juárez,Hidalgo
13042,Molango de Escamilla,Hidalgo
13042,Molango de Escamilla,Hidalgo
13042,Molango de Escamilla,Hidalgo
13043,Nicolás Flores,Hidalgo
13043,Nicolás Flores,Hidalgo
13043,Nicolás Flores,Hidalgo
13044,Nopala de Villagrán,Hidalgo
13044,Nopala de Villagrán,Hidalgo
13044,Nopala de Villagrán,Hidalgo
13045,Omitlán de Juárez,Hidalgo
13045,Omitlán de Juárez,Hidalgo
13045,Omitlán de Juárez,Hidalgo
13046,San Felipe Orizatlán,Hidalgo
13046,San Felipe Orizatlán,Hidalgo
13046,San Felipe Orizatlán,Hidalgo
13047,Pacula,Hidalgo
13047,Pacula,Hidalgo
13047,Pacula,Hidalgo
13048,Pachuca de Soto,Hidalgo
13048,Pachuca de Soto,Hidalgo
13048,Pachuca de Soto,Hidalgo
13049,Pisaflores,Hidalgo
13049,Pisaflores,Hidalgo
13049,Pisaflores,Hidalgo
13050,Progreso de Obregón,Hidalgo
13050,Progreso de Obregón,Hidalgo
13050,Progreso de Obregón,Hidalgo
13051,Mineral de la Reforma,Hidalgo
13051,Mineral de la Reforma,Hidalgo
13051,Mineral de la Reforma,Hidalgo
13052,San Agustín Tlaxiaca,Hidalgo
13052,San Agustín Tlaxiaca,Hidalgo
13052,San Agustín Tlaxiaca,Hidalgo
13053,San Bartolo Tutotepec,Hidalgo
13053,San Bartolo Tutotepec,Hidalgo
13053,San Bartolo Tutotepec,Hidalgo
13054,San Salvador,Hidalgo
13054,San Salvador,Hidalgo
13054,San Salvador,Hidalgo
13055,Santiago de Anaya,Hidalgo
13055,Santiago de Anaya,Hidalgo
13055,Santiago de Anaya,Hidalgo
13056,Santiago Tulantepec de Lugo Guerrero,Hidalgo
13056,Santiago Tulantepec de Lugo Guerrero,Hidalgo
13056,Santiago Tulantepec de Lugo Guerrero,Hidalgo
13057,Singuilucan,Hidalgo
13057,Singuilucan,Hidalgo
13057,Singuilucan,Hidalgo
13058,Tasquillo,Hidalgo
13058,Tasquillo,Hidalgo
13058,Tasquillo,Hidalgo
13059,Tecozautla,Hidalgo
13059,Tecozautla,Hidalgo
13059,Tecozautla,Hidalgo
13060,Tenango de Doria,Hidalgo
13060,Tenango de Doria,Hidalgo
13060,Tenango de Doria,Hidalgo
13061,Tepeapulco,Hidalgo
13061,Tepeapulco,Hidalgo
13061,Tepeapulco,Hidalgo
13062,Tepehuacán de Guerrero,Hidalgo
13062,Tepehuacán de Guerrero,Hidalgo
13062,Tepehuacán de Guerrero,Hidalgo
13063,Tepeji del Río de Ocampo,Hidalgo
13063,Tepeji del Río de Ocampo,Hidalgo
13063,Tepeji del Río de Ocampo,Hidalgo
13064,Tepetitlán,Hidalgo
13064,Tepetitlán,Hidalgo
13064,Tepetitlán,Hidalgo
13065,Tetepango,Hidalgo
13065,Tetepango,Hidalgo
13065,Tetepango,Hidalgo
13066,Villa de Tezontepec,Hidalgo
13066,Villa de Tezontepec,Hidalgo
13066,Villa de Tezontepec,Hidalgo
13067,Tezontepec de Aldama,Hidalgo
13067,Tezontepec de Aldama,Hidalgo
13067,Tezontepec de Aldama,Hidalgo
13068,Tianguistengo,Hidalgo
13068,Tianguistengo,Hidalgo
13068,Tianguistengo,Hidalgo
13069,Tizayuca,Hidalgo
13069,Tizayuca,Hidalgo
13069,Tizayuca,Hidalgo
13070,Tlahuelilpan,Hidalgo
13070,Tlahuelilpan,Hidalgo
13070,Tlahuelilpan,Hidalgo
13071,Tlahuiltepa,Hidalgo
13071,Tlahuiltepa,Hidalgo
13071,Tlahuiltepa,Hidalgo
13072,Tlanalapa,Hidalgo
13072,Tlanalapa,Hidalgo
13072,Tlanalapa,Hidalgo
13073,Tlanchinol,Hidalgo
13073,Tlanchinol,Hidalgo
13073,Tlanchinol,Hidalgo
13074,Tlaxcoapan,Hidalgo
13074,Tlaxcoapan,Hidalgo
13074,Tlaxcoapan,Hidalgo
13075,Tolcayuca,Hidalgo
13075,Tolcayuca,Hidalgo
13075,Tolcayuca,Hidalgo
13076,Tula de Allende,Hidalgo
13076,Tula de Allende,Hidalgo
13076,Tula de Allende,Hidalgo
13077,Tulancingo de Bravo,Hidalgo
13077,Tulancingo de Bravo,Hidalgo
13077,Tulancingo de Bravo,Hidalgo
13078,Xochiatipan,Hidalgo
13078,Xochiatipan,Hidalgo
13078,Xochiatipan,Hidalgo
13079,Xochicoatlán,Hidalgo
13079,Xochicoatlán,Hidalgo
13079,Xochicoatlán,Hidalgo
13080,Yahualica,Hidalgo
13080,Yahualica,Hidalgo
13080,Yahualica,Hidalgo
13081,Zacualtipán de Ángeles,Hidalgo
13081,Zacualtipán de Ángeles,Hidalgo
13081,Zacualtipán de Ángeles,Hidalgo
13082,Zapotlán de Juárez,Hidalgo
13082,Zapotlán de Juárez,Hidalgo
13082,Zapotlán de Juárez,Hidalgo
13083,Zempoala,Hidalgo
13083,Zempoala,Hidalgo
13083,Zempoala,Hidalgo
13084,Zimapán,Hidalgo
13084,Zimapán,Hidalgo
13084,Zimapán,Hidalgo
14001,Acatic,Jalisco
14001,Acatic,Jalisco
14001,Acatic,Jalisco
14002,Acatlán de Juárez,Jalisco
14002,Acatlán de Juárez,Jalisco
14002,Acatlán de Juárez,Jalisco
14003,Ahualulco de Mercado,Jalisco
14003,Ahualulco de Mercado,Jalisco
14003,Ahualulco de Mercado,Jalisco
14004,Amacueca,Jalisco
14004,Amacueca,Jalisco
14004,Amacueca,Jalisco
14005,Amatitán,Jalisco
14005,Amatitán,Jalisco
14005,Amatitán,Jalisco
14006,Ameca,Jalisco
14006,Ameca,Jalisco
14006,Ameca,Jalisco
14007,San Juanito de Escobedo,Jalisco
14007,San Juanito de Escobedo,Jalisco
14007,San Juanito de Escobedo,Jalisco
14008,Arandas,Jalisco
14008,Arandas,Jalisco
14008,Arandas,Jalisco
14009,El Arenal,Jalisco
14009,El Arenal,Jalisco
14009,El Arenal,Jalisco
14010,Atemajac de Brizuela,Jalisco
14010,Atemajac de Brizuela,Jalisco
14010,Atemajac de Brizuela,Jalisco
14011,Atengo,Jalisco
14011,Atengo,Jalisco
14011,Atengo,Jalisco
14012,Atenguillo,Jalisco
14012,Atenguillo,Jalisco
14012,Atenguillo,Jalisco
14013,Atotonilco el Alto,Jalisco
14013,Atotonilco el Alto,Jalisco
14013,Atotonilco el Alto,Jalisco
14014,Atoyac,Jalisco
14014,Atoyac,Jalisco
14014,Atoyac,Jalisco
14015,Autlán de Navarro,Jalisco
14015,Autlán de Navarro,Jalisco
14015,Autlán de Navarro,Jalisco
14016,Ayotlán,Jalisco
14016,Ayotlán,Jalisco
14016,Ayotlán,Jalisco
14017,Ayutla,Jalisco
14017,Ayutla,Jalisco
14017,Ayutla,Jalisco
14018,La Barca,Jalisco
14018,La Barca,Jalisco
14018,La Barca,Jalisco
14019,Bolaños,Jalisco
14019,Bolaños,Jalisco
14019,Bolaños,Jalisco
14020,Cabo Corrientes,Jalisco
14020,Cabo Corrientes,Jalisco
14020,Cabo Corrientes,Jalisco
14021,Casimiro Castillo,Jalisco
14021,Casimiro Castillo,Jalisco
14021,Casimiro Castillo,Jalisco
14022,Cihuatlán,Jalisco
14022,Cihuatlán,Jalisco
14022,Cihuatlán,Jalisco
14023,Zapotlán el Grande,Jalisco
14023,Zapotlán el Grande,Jalisco
14023,Zapotlán el Grande,Jalisco
14024,Cocula,Jalisco
14024,Cocula,Jalisco
14024,Cocula,Jalisco
14025,Colotlán,Jalisco
14025,Colotlán,Jalisco
14025,Colotlán,Jalisco
14026,Concepción de Buenos Aires,Jalisco
14026,Concepción de Buenos Aires,Jalisco
14026,Concepción de Buenos Aires,Jalisco
14027,Cuautitlán de García Barragán,Jalisco
14027,Cuautitlán de García Barragán,Jalisco
14027,Cuautitlán de García Barragán,Jalisco
14028,Cuautla,Jalisco
14028,Cuautla,Jalisco
14028,Cuautla,Jalisco
14029,Cuquío,Jalisco
14029,Cuquío,Jalisco
14029,Cuquío,Jalisco
14030,Chapala,Jalisco
14030,Chapala,Jalisco
14030,Chapala,Jalisco
14031,Chimaltitán,Jalisco
14031,Chimaltitán,Jalisco
14031,Chimaltitán,Jalisco
14032,Chiquilistlán,Jalisco
14032,Chiquilistlán,Jalisco
14032,Chiquilistlán,Jalisco
14033,Degollado,Jalisco
14033,Degollado,Jalisco
14033,Degollado,Jalisco
14034,Ejutla,Jalisco
14034,Ejutla,Jalisco
14034,Ejutla,Jalisco
14035,Encarnación de Díaz,Jalisco
14035,Encarnación de Díaz,Jalisco
14035,Encarnación de Díaz,Jalisco
14036,Etzatlán,Jalisco
14036,Etzatlán,Jalisco
14036,Etzatlán,Jalisco
14037,El Grullo,Jalisco
14037,El Grullo,Jalisco
14037,El Grullo,Jalisco
14038,Guachinango,Jalisco
14038,Guachinango,Jalisco
14038,Guachinango,Jalisco
14039,Guadalajara,Jalisco
14039,Guadalajara,Jalisco
14039,Guadalajara,Jalisco
14040,Hostotipaquillo,Jalisco
14040,Hostotipaquillo,Jalisco
14040,Hostotipaquillo,Jalisco
14041,Huejúcar,Jalisco
14041,Huejúcar,Jalisco
14041,Huejúcar,Jalisco
14042,Huejuquilla el Alto,Jalisco
14042,Huejuquilla el Alto,Jalisco
14042,Huejuquilla el Alto,Jalisco
14043,La Huerta,Jalisco
14043,La Huerta,Jalisco
14043,La Huerta,Jalisco
14044,Ixtlahuacán de los Membrillos,Jalisco
14044,Ixtlahuacán de los Membrillos,Jalisco
14044,Ixtlahuacán de los Membrillos,Jalisco
14045,Ixtlahuacán del Río,Jalisco
14045,Ixtlahuacán del Río,Jalisco
14045,Ixtlahuacán del Río,Jalisco
14046,Jalostotitlán,Jalisco
14046,Jalostotitlán,Jalisco
14046,Jalostotitlán,Jalisco
14047,Jamay,Jalisco
14047,Jamay,Jalisco
14047,Jamay,Jalisco
14048,Jesús María,Jalisco
14048,Jesús María,Jalisco
14048,Jesús María,Jalisco
14049,Jilotlán de los Dolores,Jalisco
14049,Jilotlán de los Dolores,Jalisco
14049,Jilotlán de los Dolores,Jalisco
14050,Jocotepec,Jalisco
14050,Jocotepec,Jalisco
14050,Jocotepec,Jalisco
14051,Juanacatlán,Jalisco
14051,Juanacatlán,Jalisco
14051,Juanacatlán,Jalisco
14052,Juchitlán,Jalisco
14052,Juchitlán,Jalisco
14052,Juchitlán,Jalisco
14053,Lagos de Moreno,Jalisco
14053,Lagos de Moreno,Jalisco
14053,Lagos de Moreno,Jalisco
14054,El Limón,Jalisco
14054,El Limón,Jalisco
14054,El Limón,Jalisco
14055,Magdalena,Jalisco
14055,Magdalena,Jalisco
14055,Magdalena,Jalisco
14056,Santa María del Oro,Jalisco
14056,Santa María del Oro,Jalisco
14056,Santa María del Oro,Jalisco
14057,La Manzanilla de la Paz,Jalisco
14057,La Manzanilla de la Paz,Jalisco
14057,La Manzanilla de la Paz,Jalisco
14058,Mascota,Jalisco
14058,Mascota,Jalisco
14058,Mascota,Jalisco
14059,Mazamitla,Jalisco
14059,Mazamitla,Jalisco
14059,Mazamitla,Jalisco
14060,Mexticacán,Jalisco
14060,Mexticacán,Jalisco
14060,Mexticacán,Jalisco
14061,Mezquitic,Jalisco
14061,Mezquitic,Jalisco
14061,Mezquitic,Jalisco
14062,Mixtlán,Jalisco
14062,Mixtlán,Jalisco
14062,Mixtlán,Jalisco
14063,Ocotlán,Jalisco
14063,Ocotlán,Jalisco
14063,Ocotlán,Jalisco
14064,Ojuelos de Jalisco,Jalisco
14064,Ojuelos de Jalisco,Jalisco
14064,Ojuelos de Jalisco,Jalisco
14065,Pihuamo,Jalisco
14065,Pihuamo,Jalisco
14065,Pihuamo,Jalisco
14066,Poncitlán,Jalisco
14066,Poncitlán,Jalisco
14066,Poncitlán,Jalisco
14067,Puerto Vallarta,Jalisco
14067,Puerto Vallarta,Jalisco
14067,Puerto Vallarta,Jalisco
14068,Villa Purificación,Jalisco
14068,Villa Purificación,Jalisco
14068,Villa Purificación,Jalisco
14069,Quitupan,Jalisco
14069,Quitupan,Jalisco
14069,Quitupan,Jalisco
14070,El Salto,Jalisco
14070,El Salto,Jalisco
14070,El Salto,Jalisco
14071,San Cristóbal de la Barranca,Jalisco
14071,San Cristóbal de la Barranca,Jalisco
14071,San Cristóbal de la Barranca,Jalisco
14072,San Diego de Alejandría,Jalisco
14072,San Diego de Alejandría,Jalisco
14072,San Diego de Alejandría,Jalisco
14073,San Juan de los Lagos,Jalisco
14073,San Juan de los Lagos,Jalisco
14073,San Juan de los Lagos,Jalisco
14074,San Julián,Jalisco
14074,San Julián,Jalisco
14074,San Julián,Jalisco
14075,San Marcos,Jalisco
14075,San Marcos,Jalisco
14075,San Marcos,Jalisco
14076,San Martín de Bolaños,Jalisco
14076,San Martín de Bolaños,Jalisco
14076,San Martín de Bolaños,Jalisco
14077,San Martín Hidalgo,Jalisco
14077,San Martín Hidalgo,Jalisco
14077,San Martín Hidalgo,Jalisco
14078,San Miguel el Alto,Jalisco
14078,San Miguel el Alto,Jalisco
14078,San Miguel el Alto,Jalisco
14079,Gómez Farías,Jalisco
14079,Gómez Farías,Jalisco
14079,Gómez Farías,Jalisco
14080,San Sebastián del Oeste,Jalisco
14080,San Sebastián del Oeste,Jalisco
14080,San Sebastián del Oeste,Jalisco
14081,Santa María de los Ángeles,Jalisco
14081,Santa María de los Ángeles,Jalisco
14081,Santa María de los Ángeles,Jalisco
14082,Sayula,Jalisco
14082,Sayula,Jalisco
14082,Sayula,Jalisco
14083,Tala,Jalisco
14083,Tala,Jalisco
14083,Tala,Jalisco
14084,Talpa de Allende,Jalisco
14084,Talpa de Allende,Jalisco
14084,Talpa de Allende,Jalisco
14085,Tamazula de Gordiano,Jalisco
14085,Tamazula de Gordiano,Jalisco
14085,Tamazula de Gordiano,Jalisco
14086,Tapalpa,Jalisco
14086,Tapalpa,Jalisco
14086,Tapalpa,Jalisco
14087,Tecalitlán,Jalisco
14087,Tecalitlán,Jalisco
14087,Tecalitlán,Jalisco
14088,Tecolotlán,Jalisco
14088,Tecolotlán,Jalisco
14088,Tecolotlán,Jalisco
14089,Techaluta de Montenegro,Jalisco
14089,Techaluta de Montenegro,Jalisco
14089,Techaluta de Montenegro,Jalisco
14090,Tenamaxtlán,Jalisco
14090,Tenamaxtlán,Jalisco
14090,Tenamaxtlán,Jalisco
14091,Teocaltiche,Jalisco
14091,Teocaltiche,Jalisco
14091,Teocaltiche,Jalisco
14092,Teocuitatlán de Corona,Jalisco
14092,Teocuitatlán de Corona,Jalisco
14092,Teocuitatlán de Corona,Jalisco
14093,Tepatitlán de Morelos,Jalisco
14093,Tepatitlán de Morelos,Jalisco
14093,Tepatitlán de Morelos,Jalisco
14094,Tequila,Jalisco
14094,Tequila,Jalisco
14094,Tequila,Jalisco
14095,Teuchitlán,Jalisco
14095,Teuchitlán,Jalisco
14095,Teuchitlán,Jalisco
14096,Tizapán el Alto,Jalisco
14096,Tizapán el Alto,Jalisco
14096,Tizapán el Alto,Jalisco
14097,Tlajomulco de Zúñiga,Jalisco
14097,Tlajomulco de Zúñiga,Jalisco
14097,Tlajomulco de Zúñiga,Jalisco
14098,San Pedro Tlaquepaque,Jalisco
14098,San Pedro Tlaquepaque,Jalisco
14098,San Pedro Tlaquepaque,Jalisco
14099,Tolimán,Jalisco
14099,Tolimán,Jalisco
14099,Tolimán,Jalisco
14100,Tomatlán,Jalisco
14100,Tomatlán,Jalisco
14100,Tomatlán,Jalisco
14101,Tonalá,Jalisco
14101,Tonalá,Jalisco
14101,Tonalá,Jalisco
14102,Tonaya,Jalisco
14102,Tonaya,Jalisco
14102,Tonaya,Jalisco
14103,Tonila,Jalisco
14103,Tonila,Jalisco
14103,Tonila,Jalisco
14104,Totatiche,Jalisco
14104,Totatiche,Jalisco
14104,Totatiche,Jalisco
14105,Tototlán,Jalisco
14105,Tototlán,Jalisco
14105,Tototlán,Jalisco
14106,Tuxcacuesco,Jalisco
14106,Tuxcacuesco,Jalisco
14106,Tuxcacuesco,Jalisco
14107,Tuxcueca,Jalisco
14107,Tuxcueca,Jalisco
14107,Tuxcueca,Jalisco
14108,Tuxpan,Jalisco
14108,Tuxpan,Jalisco
14108,Tuxpan,Jalisco
14109,Unión de San Antonio,Jalisco
14109,Unión de San Antonio,Jalisco
14109,Unión de San Antonio,Jalisco
14110,Unión de Tula,Jalisco
14110,Unión de Tula,Jalisco
14110,Unión de Tula,Jalisco
14111,Valle de Guadalupe,Jalisco
14111,Valle de Guadalupe,Jalisco
14111,Valle de Guadalupe,Jalisco
14112,Valle de Juárez,Jalisco
14112,Valle de Juárez,Jalisco
14112,Valle de Juárez,Jalisco
14113,San Gabriel,Jalisco
14113,San Gabriel,Jalisco
14113,San Gabriel,Jalisco
14114,Villa Corona,Jalisco
14114,Villa Corona,Jalisco
14114,Villa Corona,Jalisco
14115,Villa Guerrero,Jalisco
14115,Villa Guerrero,Jalisco
14115,Villa Guerrero,Jalisco
14116,Villa Hidalgo,Jalisco
14116,Villa Hidalgo,Jalisco
14116,Villa Hidalgo,Jalisco
14117,Cañadas de Obregón,Jalisco
14117,Cañadas de Obregón,Jalisco
14117,Cañadas de Obregón,Jalisco
14118,Yahualica de González Gallo,Jalisco
14118,Yahualica de González Gallo,Jalisco
14118,Yahualica de González Gallo,Jalisco
14119,Zacoalco de Torres,Jalisco
14119,Zacoalco de Torres,Jalisco
14119,Zacoalco de Torres,Jalisco
14120,Zapopan,Jalisco
14120,Zapopan,Jalisco
14120,Zapopan,Jalisco
14121,Zapotiltic,Jalisco
14121,Zapotiltic,Jalisco
14121,Zapotiltic,Jalisco
14122,Zapotitlán de Vadillo,Jalisco
14122,Zapotitlán de Vadillo,Jalisco
14122,Zapotitlán de Vadillo,Jalisco
14123,Zapotlán del Rey,Jalisco
14123,Zapotlán del Rey,Jalisco
14123,Zapotlán del Rey,Jalisco
14124,Zapotlanejo,Jalisco
14124,Zapotlanejo,Jalisco
14124,Zapotlanejo,Jalisco
14125,San Ignacio Cerro Gordo,Jalisco
14125,San Ignacio Cerro Gordo,Jalisco
14125,San Ignacio Cerro Gordo,Jalisco
14998,No Especificado,Jalisco
14998,No Especificado,Jalisco
14998,No Especificado,Jalisco
16001,Acuitzio,Michoacán de Ocampo
16001,Acuitzio,Michoacán de Ocampo
16001,Acuitzio,Michoacán de Ocampo
16002,Aguililla,Michoacán de Ocampo
16002,Aguililla,Michoacán de Ocampo
16002,Aguililla,Michoacán de Ocampo
16003,Álvaro Obregón,Michoacán de Ocampo
16003,Álvaro Obregón,Michoacán de Ocampo
16003,Álvaro Obregón,Michoacán de Ocampo
16004,Angamacutiro,Michoacán de Ocampo
16004,Angamacutiro,Michoacán de Ocampo
16004,Angamacutiro,Michoacán de Ocampo
16005,Angangueo,Michoacán de Ocampo
16005,Angangueo,Michoacán de Ocampo
16005,Angangueo,Michoacán de Ocampo
16006,Apatzingán,Michoacán de Ocampo
16006,Apatzingán,Michoacán de Ocampo
16006,Apatzingán,Michoacán de Ocampo
16007,Aporo,Michoacán de Ocampo
16007,Aporo,Michoacán de Ocampo
16007,Aporo,Michoacán de Ocampo
16008,Aquila,Michoacán de Ocampo
16008,Aquila,Michoacán de Ocampo
16008,Aquila,Michoacán de Ocampo
16009,Ario,Michoacán de Ocampo
16009,Ario,Michoacán de Ocampo
16009,Ario,Michoacán de Ocampo
16010,Arteaga,Michoacán de Ocampo
16010,Arteaga,Michoacán de Ocampo
16010,Arteaga,Michoacán de Ocampo
16011,Briseñas,Michoacán de Ocampo
16011,Briseñas,Michoacán de Ocampo
16011,Briseñas,Michoacán de Ocampo
16012,Buenavista,Michoacán de Ocampo
16012,Buenavista,Michoacán de Ocampo
16012,Buenavista,Michoacán de Ocampo
16013,Carácuaro,Michoacán de Ocampo
16013,Carácuaro,Michoacán de Ocampo
16013,Carácuaro,Michoacán de Ocampo
16014,Coahuayana,Michoacán de Ocampo
16014,Coahuayana,Michoacán de Ocampo
16014,Coahuayana,Michoacán de Ocampo
16015,Coalcomán de Vázquez Pallares,Michoacán de Ocampo
16015,Coalcomán de Vázquez Pallares,Michoacán de Ocampo
16015,Coalcomán de Vázquez Pallares,Michoacán de Ocampo
16016,Coeneo,Michoacán de Ocampo
16016,Coeneo,Michoacán de Ocampo
16016,Coeneo,Michoacán de Ocampo
16017,Contepec,Michoacán de Ocampo
16017,Contepec,Michoacán de Ocampo
16017,Contepec,Michoacán de Ocampo
16018,Copándaro,Michoacán de Ocampo
16018,Copándaro,Michoacán de Ocampo
16018,Copándaro,Michoacán de Ocampo
16019,Cotija,Michoacán de Ocampo
16019,Cotija,Michoacán de Ocampo
16019,Cotija,Michoacán de Ocampo
16020,Cuitzeo,Michoacán de Ocampo
16020,Cuitzeo,Michoacán de Ocampo
16020,Cuitzeo,Michoacán de Ocampo
16021,Charapan,Michoacán de Ocampo
16021,Charapan,Michoacán de Ocampo
16021,Charapan,Michoacán de Ocampo
16022,Charo,Michoacán de Ocampo
16022,Charo,Michoacán de Ocampo
16022,Charo,Michoacán de Ocampo
16023,Chavinda,Michoacán de Ocampo
16023,Chavinda,Michoacán de Ocampo
16023,Chavinda,Michoacán de Ocampo
16024,Cherán,Michoacán de Ocampo
16024,Cherán,Michoacán de Ocampo
16024,Cherán,Michoacán de Ocampo
16025,Chilchota,Michoacán de Ocampo
16025,Chilchota,Michoacán de Ocampo
16025,Chilchota,Michoacán de Ocampo
16026,Chinicuila,Michoacán de Ocampo
16026,Chinicuila,Michoacán de Ocampo
16026,Chinicuila,Michoacán de Ocampo
16027,Chucándiro,Michoacán de Ocampo
16027,Chucándiro,Michoacán de Ocampo
16027,Chucándiro,Michoacán de Ocampo
16028,Churintzio,Michoacán de Ocampo
16028,Churintzio,Michoacán de Ocampo
16028,Churintzio,Michoacán de Ocampo
16029,Churumuco,Michoacán de Ocampo
16029,Churumuco,Michoacán de Ocampo
16029,Churumuco,Michoacán de Ocampo
16030,Ecuandureo,Michoacán de Ocampo
16030,Ecuandureo,Michoacán de Ocampo
16030,Ecuandureo,Michoacán de Ocampo
16031,Epitacio Huerta,Michoacán de Ocampo
16031,Epitacio Huerta,Michoacán de Ocampo
16031,Epitacio Huerta,Michoacán de Ocampo
16032,Erongarícuaro,Michoacán de Ocampo
16032,Erongarícuaro,Michoacán de Ocampo
16032,Erongarícuaro,Michoacán de Ocampo
16033,Gabriel Zamora,Michoacán de Ocampo
16033,Gabriel Zamora,Michoacán de Ocampo
16033,Gabriel Zamora,Michoacán de Ocampo
16034,Hidalgo,Michoacán de Ocampo
16034,Hidalgo,Michoacán de Ocampo
16034,Hidalgo,Michoacán de Ocampo
16035,La Huacana,Michoacán de Ocampo
16035,La Huacana,Michoacán de Ocampo
16035,La Huacana,Michoacán de Ocampo
16036,Huandacareo,Michoacán de Ocampo
16036,Huandacareo,Michoacán de Ocampo
16036,Huandacareo,Michoacán de Ocampo
16037,Huaniqueo,Michoacán de Ocampo
16037,Huaniqueo,Michoacán de Ocampo
16037,Huaniqueo,Michoacán de Ocampo
16038,Huetamo,Michoacán de Ocampo
16038,Huetamo,Michoacán de Ocampo
16038,Huetamo,Michoacán de Ocampo
16039,Huiramba,Michoacán de Ocampo
16039,Huiramba,Michoacán de Ocampo
16039,Huiramba,Michoacán de Ocampo
16040,Indaparapeo,Michoacán de Ocampo
16040,Indaparapeo,Michoacán de Ocampo
16040,Indaparapeo,Michoacán de Ocampo
16041,Irimbo,Michoacán de Ocampo
16041,Irimbo,Michoacán de Ocampo
16041,Irimbo,Michoacán de Ocampo
16042,Ixtlán,Michoacán de Ocampo
16042,Ixtlán,Michoacán de Ocampo
16042,Ixtlán,Michoacán de Ocampo
16043,Jacona,Michoacán de Ocampo
16043,Jacona,Michoacán de Ocampo
16043,Jacona,Michoacán de Ocampo
16044,Jiménez,Michoacán de Ocampo
16044,Jiménez,Michoacán de Ocampo
16044,Jiménez,Michoacán de Ocampo
16045,Jiquilpan,Michoacán de Ocampo
16045,Jiquilpan,Michoacán de Ocampo
16045,Jiquilpan,Michoacán de Ocampo
16046,Juárez,Michoacán de Ocampo
16046,Juárez,Michoacán de Ocampo
16046,Juárez,Michoacán de Ocampo
16047,Jungapeo,Michoacán de Ocampo
16047,Jungapeo,Michoacán de Ocampo
16047,Jungapeo,Michoacán de Ocampo
16048,Lagunillas,Michoacán de Ocampo
16048,Lagunillas,Michoacán de Ocampo
16048,Lagunillas,Michoacán de Ocampo
16049,Madero,Michoacán de Ocampo
16049,Madero,Michoacán de Ocampo
16049,Madero,Michoacán de Ocampo
16050,Maravatío,Michoacán de Ocampo
16050,Maravatío,Michoacán de Ocampo
16050,Maravatío,Michoacán de Ocampo
16051,Marcos Castellanos,Michoacán de Ocampo
16051,Marcos Castellanos,Michoacán de Ocampo
16051,Marcos Castellanos,Michoacán de Ocampo
16052,Lázaro Cárdenas,Michoacán de Ocampo
16052,Lázaro Cárdenas,Michoacán de Ocampo
16052,Lázaro Cárdenas,Michoacán de Ocampo
16053,Morelia,Michoacán de Ocampo
16053,Morelia,Michoacán de Ocampo
16053,Morelia,Michoacán de Ocampo
16054,Morelos,Michoacán de Ocampo
16054,Morelos,Michoacán de Ocampo
16054,Morelos,Michoacán de Ocampo
16055,Múgica,Michoacán de Ocampo
16055,Múgica,Michoacán de Ocampo
16055,Múgica,Michoacán de Ocampo
16056,Nahuatzen,Michoacán de Ocampo
16056,Nahuatzen,Michoacán de Ocampo
16056,Nahuatzen,Michoacán de Ocampo
16057,Nocupétaro,Michoacán de Ocampo
16057,Nocupétaro,Michoacán de Ocampo
16057,Nocupétaro,Michoacán de Ocampo
16058,Nuevo Parangaricutiro,Michoacán de Ocampo
16058,Nuevo Parangaricutiro,Michoacán de Ocampo
16058,Nuevo Parangaricutiro,Michoacán de Ocampo
16059,Nuevo Urecho,Michoacán de Ocampo
16059,Nuevo Urecho,Michoacán de Ocampo
16059,Nuevo Urecho,Michoacán de Ocampo
16060,Numarán,Michoacán de Ocampo
16060,Numarán,Michoacán de Ocampo
16060,Numarán,Michoacán de Ocampo
16061,Ocampo,Michoacán de Ocampo
16061,Ocampo,Michoacán de Ocampo
16061,Ocampo,Michoacán de Ocampo
16062,Pajacuarán,Michoacán de Ocampo
16062,Pajacuarán,Michoacán de Ocampo
16062,Pajacuarán,Michoacán de Ocampo
16063,Panindícuaro,Michoacán de Ocampo
16063,Panindícuaro,Michoacán de Ocampo
16063,Panindícuaro,Michoacán de Ocampo
16064,Parácuaro,Michoacán de Ocampo
16064,Parácuaro,Michoacán de Ocampo
16064,Parácuaro,Michoacán de Ocampo
16065,Paracho,Michoacán de Ocampo
16065,Paracho,Michoacán de Ocampo
16065,Paracho,Michoacán de Ocampo
16066,Pátzcuaro,Michoacán de Ocampo
16066,Pátzcuaro,Michoacán de Ocampo
16066,Pátzcuaro,Michoacán de Ocampo
16067,Penjamillo,Michoacán de Ocampo
16067,Penjamillo,Michoacán de Ocampo
16067,Penjamillo,Michoacán de Ocampo
16068,Peribán,Michoacán de Ocampo
16068,Peribán,Michoacán de Ocampo
16068,Peribán,Michoacán de Ocampo
16069,La Piedad,Michoacán de Ocampo
16069,La Piedad,Michoacán de Ocampo
16069,La Piedad,Michoacán de Ocampo
16070,Purépero,Michoacán de Ocampo
16070,Purépero,Michoacán de Ocampo
16070,Purépero,Michoacán de Ocampo
16071,Puruándiro,Michoacán de Ocampo
16071,Puruándiro,Michoacán de Ocampo
16071,Puruándiro,Michoacán de Ocampo
16072,Queréndaro,Michoacán de Ocampo
16072,Queréndaro,Michoacán de Ocampo
16072,Queréndaro,Michoacán de Ocampo
16073,Quiroga,Michoacán de Ocampo
16073,Quiroga,Michoacán de Ocampo
16073,Quiroga,Michoacán de Ocampo
16074,Cojumatlán de Régules,Michoacán de Ocampo
16074,Cojumatlán de Régules,Michoacán de Ocampo
16074,Cojumatlán de Régules,Michoacán de Ocampo
16075,Los Reyes,Michoacán de Ocampo
16075,Los Reyes,Michoacán de Ocampo
16075,Los Reyes,Michoacán de Ocampo
16076,Sahuayo,Michoacán de Ocampo
16076,Sahuayo,Michoacán de Ocampo
16076,Sahuayo,Michoacán de Ocampo
16077,San Lucas,Michoacán de Ocampo
16077,San Lucas,Michoacán de Ocampo
16077,San Lucas,Michoacán de Ocampo
16078,Santa Ana Maya,Michoacán de Ocampo
16078,Santa Ana Maya,Michoacán de Ocampo
16078,Santa Ana Maya,Michoacán de Ocampo
16079,Salvador Escalante,Michoacán de Ocampo
16079,Salvador Escalante,Michoacán de Ocampo
16079,Salvador Escalante,Michoacán de Ocampo
16080,Senguio,Michoacán de Ocampo
16080,Senguio,Michoacán de Ocampo
16080,Senguio,Michoacán de Ocampo
16081,Susupuato,Michoacán de Ocampo
16081,Susupuato,Michoacán de Ocampo
16081,Susupuato,Michoacán de Ocampo
16082,Tacámbaro,Michoacán de Ocampo
16082,Tacámbaro,Michoacán de Ocampo
16082,Tacámbaro,Michoacán de Ocampo
16083,Tancítaro,Michoacán de Ocampo
16083,Tancítaro,Michoacán de Ocampo
16083,Tancítaro,Michoacán de Ocampo
16084,Tangamandapio,Michoacán de Ocampo
16084,Tangamandapio,Michoacán de Ocampo
16084,Tangamandapio,Michoacán de Ocampo
16085,Tangancícuaro,Michoacán de Ocampo
16085,Tangancícuaro,Michoacán de Ocampo
16085,Tangancícuaro,Michoacán de Ocampo
16086,Tanhuato,Michoacán de Ocampo
16086,Tanhuato,Michoacán de Ocampo
16086,Tanhuato,Michoacán de Ocampo
16087,Taretan,Michoacán de Ocampo
16087,Taretan,Michoacán de Ocampo
16087,Taretan,Michoacán de Ocampo
16088,Tarímbaro,Michoacán de Ocampo
16088,Tarímbaro,Michoacán de Ocampo
16088,Tarímbaro,Michoacán de Ocampo
16089,Tepalcatepec,Michoacán de Ocampo
16089,Tepalcatepec,Michoacán de Ocampo
16089,Tepalcatepec,Michoacán de Ocampo
16090,Tingambato,Michoacán de Ocampo
16090,Tingambato,Michoacán de Ocampo
16090,Tingambato,Michoacán de Ocampo
16091,Tingüindín,Michoacán de Ocampo
16091,Tingüindín,Michoacán de Ocampo
16091,Tingüindín,Michoacán de Ocampo
16092,Tiquicheo de Nicolás Romero,Michoacán de Ocampo
16092,Tiquicheo de Nicolás Romero,Michoacán de Ocampo
16092,Tiquicheo de Nicolás Romero,Michoacán de Ocampo
16093,Tlalpujahua,Michoacán de Ocampo
16093,Tlalpujahua,Michoacán de Ocampo
16093,Tlalpujahua,Michoacán de Ocampo
16094,Tlazazalca,Michoacán de Ocampo
16094,Tlazazalca,Michoacán de Ocampo
16094,Tlazazalca,Michoacán de Ocampo
16095,Tocumbo,Michoacán de Ocampo
16095,Tocumbo,Michoacán de Ocampo
16095,Tocumbo,Michoacán de Ocampo
16096,Tumbiscatío,Michoacán de Ocampo
16096,Tumbiscatío,Michoacán de Ocampo
16096,Tumbiscatío,Michoacán de Ocampo
16097,Turicato,Michoacán de Ocampo
16097,Turicato,Michoacán de Ocampo
16097,Turicato,Michoacán de Ocampo
16098,Tuxpan,Michoacán de Ocampo
16098,Tuxpan,Michoacán de Ocampo
16098,Tuxpan,Michoacán de Ocampo
16099,Tuzantla,Michoacán de Ocampo
16099,Tuzantla,Michoacán de Ocampo
16099,Tuzantla,Michoacán de Ocampo
16100,Tzintzuntzan,Michoacán de Ocampo
16100,Tzintzuntzan,Michoacán de Ocampo
16100,Tzintzuntzan,Michoacán de Ocampo
16101,Tzitzio,Michoacán de Ocampo
16101,Tzitzio,Michoacán de Ocampo
16101,Tzitzio,Michoacán de Ocampo
16102,Uruapan,Michoacán de Ocampo
16102,Uruapan,Michoacán de Ocampo
16102,Uruapan,Michoacán de Ocampo
16103,Venustiano Carranza,Michoacán de Ocampo
16103,Venustiano Carranza,Michoacán de Ocampo
16103,Venustiano Carranza,Michoacán de Ocampo
16104,Villamar,Michoacán de Ocampo
16104,Villamar,Michoacán de Ocampo
16104,Villamar,Michoacán de Ocampo
16105,Vista Hermosa,Michoacán de Ocampo
16105,Vista Hermosa,Michoacán de Ocampo
16105,Vista Hermosa,Michoacán de Ocampo
16106,Yurécuaro,Michoacán de Ocampo
16106,Yurécuaro,Michoacán de Ocampo
16106,Yurécuaro,Michoacán de Ocampo
16107,Zacapu,Michoacán de Ocampo
16107,Zacapu,Michoacán de Ocampo
16107,Zacapu,Michoacán de Ocampo
16108,Zamora,Michoacán de Ocampo
16108,Zamora,Michoacán de Ocampo
16108,Zamora,Michoacán de Ocampo
16109,Zináparo,Michoacán de Ocampo
16109,Zináparo,Michoacán de Ocampo
16109,Zináparo,Michoacán de Ocampo
16110,Zinapécuaro,Michoacán de Ocampo
16110,Zinapécuaro,Michoacán de Ocampo
16110,Zinapécuaro,Michoacán de Ocampo
16111,Ziracuaretiro,Michoacán de Ocampo
16111,Ziracuaretiro,Michoacán de Ocampo
16111,Ziracuaretiro,Michoacán de Ocampo
16112,Zitácuaro,Michoacán de Ocampo
16112,Zitácuaro,Michoacán de Ocampo
16112,Zitácuaro,Michoacán de Ocampo
16113,José Sixto Verduzco,Michoacán de Ocampo
16113,José Sixto Verduzco,Michoacán de Ocampo
16113,José Sixto Verduzco,Michoacán de Ocampo
17001,Amacuzac,Morelos
17001,Amacuzac,Morelos
17001,Amacuzac,Morelos
17002,Atlatlahucan,Morelos
17002,Atlatlahucan,Morelos
17002,Atlatlahucan,Morelos
17003,Axochiapan,Morelos
17003,Axochiapan,Morelos
17003,Axochiapan,Morelos
17004,Ayala,Morelos
17004,Ayala,Morelos
17004,Ayala,Morelos
17005,Coatlán del Río,Morelos
17005,Coatlán del Río,Morelos
17005,Coatlán del Río,Morelos
17006,Cuautla,Morelos
17006,Cuautla,Morelos
17006,Cuautla,Morelos
17007,Cuernavaca,Morelos
17007,Cuernavaca,Morelos
17007,Cuernavaca,Morelos
17008,Emiliano Zapata,Morelos
17008,Emiliano Zapata,Morelos
17008,Emiliano Zapata,Morelos
17009,Huitzilac,Morelos
17009,Huitzilac,Morelos
17009,Huitzilac,Morelos
17010,Jantetelco,Morelos
17010,Jantetelco,Morelos
17010,Jantetelco,Morelos
17011,Jiutepec,Morelos
17011,Jiutepec,Morelos
17011,Jiutepec,Morelos
17012,Jojutla,Morelos
17012,Jojutla,Morelos
17012,Jojutla,Morelos
17013,Jonacatepec de Leandro Valle,Morelos
17013,Jonacatepec de Leandro Valle,Morelos
17013,Jonacatepec de Leandro Valle,Morelos
17014,Mazatepec,Morelos
17014,Mazatepec,Morelos
17014,Mazatepec,Morelos
17015,Miacatlán,Morelos
17015,Miacatlán,Morelos
17015,Miacatlán,Morelos
17016,Ocuituco,Morelos
17016,Ocuituco,Morelos
17016,Ocuituco,Morelos
17017,Puente de Ixtla,Morelos
17017,Puente de Ixtla,Morelos
17017,Puente de Ixtla,Morelos
17018,Temixco,Morelos
17018,Temixco,Morelos
17018,Temixco,Morelos
17019,Tepalcingo,Morelos
17019,Tepalcingo,Morelos
17019,Tepalcingo,Morelos
17020,Tepoztlán,Morelos
17020,Tepoztlán,Morelos
17020,Tepoztlán,Morelos
17021,Tetecala,Morelos
17021,Tetecala,Morelos
17021,Tetecala,Morelos
17022,Tetela del Volcán,Morelos
17022,Tetela del Volcán,Morelos
17022,Tetela del Volcán,Morelos
17023,Tlalnepantla,Morelos
17023,Tlalnepantla,Morelos
17023,Tlalnepantla,Morelos
17024,Tlaltizapán de Zapata,Morelos
17024,Tlaltizapán de Zapata,Morelos
17024,Tlaltizapán de Zapata,Morelos
17025,Tlaquiltenango,Morelos
17025,Tlaquiltenango,Morelos
17025,Tlaquiltenango,Morelos
17026,Tlayacapan,Morelos
17026,Tlayacapan,Morelos
17026,Tlayacapan,Morelos
17027,Totolapan,Morelos
17027,Totolapan,Morelos
17027,Totolapan,Morelos
17028,Xochitepec,Morelos
17028,Xochitepec,Morelos
17028,Xochitepec,Morelos
17029,Yautepec,Morelos
17029,Yautepec,Morelos
17029,Yautepec,Morelos
17030,Yecapixtla,Morelos
17030,Yecapixtla,Morelos
17030,Yecapixtla,Morelos
17031,Zacatepec,Morelos
17031,Zacatepec,Morelos
17031,Zacatepec,Morelos
17032,Zacualpan de Amilpas,Morelos
17032,Zacualpan de Amilpas,Morelos
17032,Zacualpan de Amilpas,Morelos
17033,Temoac,Morelos
17033,Temoac,Morelos
17033,Temoac,Morelos
17034,Coatetelco,Morelos
17034,Coatetelco,Morelos
17034,Coatetelco,Morelos
17035,Xoxocotla,Morelos
17035,Xoxocotla,Morelos
17035,Xoxocotla,Morelos
17036,Hueyapan,Morelos
17036,Hueyapan,Morelos
17036,Hueyapan,Morelos
15001,Acambay de Ruíz Castañeda,México
15001,Acambay de Ruíz Castañeda,México
15001,Acambay de Ruíz Castañeda,México
15002,Acolman,México
15002,Acolman,México
15002,Acolman,México
15003,Aculco,México
15003,Aculco,México
15003,Aculco,México
15004,Almoloya de Alquisiras,México
15004,Almoloya de Alquisiras,México
15004,Almoloya de Alquisiras,México
15005,Almoloya de Juárez,México
15005,Almoloya de Juárez,México
15005,Almoloya de Juárez,México
15006,Almoloya del Río,México
15006,Almoloya del Río,México
15006,Almoloya del Río,México
15007,Amanalco,México
15007,Amanalco,México
15007,Amanalco,México
15008,Amatepec,México
15008,Amatepec,México
15008,Amatepec,México
15009,Amecameca,México
15009,Amecameca,México
15009,Amecameca,México
15010,Apaxco,México
15010,Apaxco,México
15010,Apaxco,México
15011,Atenco,México
15011,Atenco,México
15011,Atenco,México
15012,Atizapán,México
15012,Atizapán,México
15012,Atizapán,México
15013,Atizapán de Zaragoza,México
15013,Atizapán de Zaragoza,México
15013,Atizapán de Zaragoza,México
15014,Atlacomulco,México
15014,Atlacomulco,México
15014,Atlacomulco,México
15015,Atlautla,México
15015,Atlautla,México
15015,Atlautla,México
15016,Axapusco,México
15016,Axapusco,México
15016,Axapusco,México
15017,Ayapango,México
15017,Ayapango,México
15017,Ayapango,México
15018,Calimaya,México
15018,Calimaya,México
15018,Calimaya,México
15019,Capulhuac,México
15019,Capulhuac,México
15019,Capulhuac,México
15020,Coacalco de Berriozábal,México
15020,Coacalco de Berriozábal,México
15020,Coacalco de Berriozábal,México
15021,Coatepec Harinas,México
15021,Coatepec Harinas,México
15021,Coatepec Harinas,México
15022,Cocotitlán,México
15022,Cocotitlán,México
15022,Cocotitlán,México
15023,Coyotepec,México
15023,Coyotepec,México
15023,Coyotepec,México
15024,Cuautitlán,México
15024,Cuautitlán,México
15024,Cuautitlán,México
15025,Chalco,México
15025,Chalco,México
15025,Chalco,México
15026,Chapa de Mota,México
15026,Chapa de Mota,México
15026,Chapa de Mota,México
15027,Chapultepec,México
15027,Chapultepec,México
15027,Chapultepec,México
15028,Chiautla,México
15028,Chiautla,México
15028,Chiautla,México
15029,Chicoloapan,México
15029,Chicoloapan,México
15029,Chicoloapan,México
15030,Chiconcuac,México
15030,Chiconcuac,México
15030,Chiconcuac,México
15031,Chimalhuacán,México
15031,Chimalhuacán,México
15031,Chimalhuacán,México
15032,Donato Guerra,México
15032,Donato Guerra,México
15032,Donato Guerra,México
15033,Ecatepec de Morelos,México
15033,Ecatepec de Morelos,México
15033,Ecatepec de Morelos,México
15034,Ecatzingo,México
15034,Ecatzingo,México
15034,Ecatzingo,México
15035,Huehuetoca,México
15035,Huehuetoca,México
15035,Huehuetoca,México
15036,Hueypoxtla,México
15036,Hueypoxtla,México
15036,Hueypoxtla,México
15037,Huixquilucan,México
15037,Huixquilucan,México
15037,Huixquilucan,México
15038,Isidro Fabela,México
15038,Isidro Fabela,México
15038,Isidro Fabela,México
15039,Ixtapaluca,México
15039,Ixtapaluca,México
15039,Ixtapaluca,México
15040,Ixtapan de la Sal,México
15040,Ixtapan de la Sal,México
15040,Ixtapan de la Sal,México
15041,Ixtapan del Oro,México
15041,Ixtapan del Oro,México
15041,Ixtapan del Oro,México
15042,Ixtlahuaca,México
15042,Ixtlahuaca,México
15042,Ixtlahuaca,México
15043,Xalatlaco,México
15043,Xalatlaco,México
15043,Xalatlaco,México
15044,Jaltenco,México
15044,Jaltenco,México
15044,Jaltenco,México
15045,Jilotepec,México
15045,Jilotepec,México
15045,Jilotepec,México
15046,Jilotzingo,México
15046,Jilotzingo,México
15046,Jilotzingo,México
15047,Jiquipilco,México
15047,Jiquipilco,México
15047,Jiquipilco,México
15048,Jocotitlán,México
15048,Jocotitlán,México
15048,Jocotitlán,México
15049,Joquicingo,México
15049,Joquicingo,México
15049,Joquicingo,México
15050,Juchitepec,México
15050,Juchitepec,México
15050,Juchitepec,México
15051,Lerma,México
15051,Lerma,México
15051,Lerma,México
15052,Malinalco,México
15052,Malinalco,México
15052,Malinalco,México
15053,Melchor Ocampo,México
15053,Melchor Ocampo,México
15053,Melchor Ocampo,México
15054,Metepec,México
15054,Metepec,México
15054,Metepec,México
15055,Mexicaltzingo,México
15055,Mexicaltzingo,México
15055,Mexicaltzingo,México
15056,Morelos,México
15056,Morelos,México
15056,Morelos,México
15057,Naucalpan de Juárez,México
15057,Naucalpan de Juárez,México
15057,Naucalpan de Juárez,México
15058,Nezahualcóyotl,México
15058,Nezahualcóyotl,México
15058,Nezahualcóyotl,México
15059,Nextlalpan,México
15059,Nextlalpan,México
15059,Nextlalpan,México
15060,Nicolás Romero,México
15060,Nicolás Romero,México
15060,Nicolás Romero,México
15061,Nopaltepec,México
15061,Nopaltepec,México
15061,Nopaltepec,México
15062,Ocoyoacac,México
15062,Ocoyoacac,México
15062,Ocoyoacac,México
15063,Ocuilan,México
15063,Ocuilan,México
15063,Ocuilan,México
15064,El Oro,México
15064,El Oro,México
15064,El Oro,México
15065,Otumba,México
15065,Otumba,México
15065,Otumba,México
15066,Otzoloapan,México
15066,Otzoloapan,México
15066,Otzoloapan,México
15067,Otzolotepec,México
15067,Otzolotepec,México
15067,Otzolotepec,México
15068,Ozumba,México
15068,Ozumba,México
15068,Ozumba,México
15069,Papalotla,México
15069,Papalotla,México
15069,Papalotla,México
15070,La Paz,México
15070,La Paz,México
15070,La Paz,México
15071,Polotitlán,México
15071,Polotitlán,México
15071,Polotitlán,México
15072,Rayón,México
15072,Rayón,México
15072,Rayón,México
15073,San Antonio la Isla,México
15073,San Antonio la Isla,México
15073,San Antonio la Isla,México
15074,San Felipe del Progreso,México
15074,San Felipe del Progreso,México
15074,San Felipe del Progreso,México
15075,San Martín de las Pirámides,México
15075,San Martín de las Pirámides,México
15075,San Martín de las Pirámides,México
15076,San Mateo Atenco,México
15076,San Mateo Atenco,México
15076,San Mateo Atenco,México
15077,San Simón de Guerrero,México
15077,San Simón de Guerrero,México
15077,San Simón de Guerrero,México
15078,Santo Tomás,México
15078,Santo Tomás,México
15078,Santo Tomás,México
15079,Soyaniquilpan de Juárez,México
15079,Soyaniquilpan de Juárez,México
15079,Soyaniquilpan de Juárez,México
15080,Sultepec,México
15080,Sultepec,México
15080,Sultepec,México
15081,Tecámac,México
15081,Tecámac,México
15081,Tecámac,México
15082,Tejupilco,México
15082,Tejupilco,México
15082,Tejupilco,México
15083,Temamatla,México
15083,Temamatla,México
15083,Temamatla,México
15084,Temascalapa,México
15084,Temascalapa,México
15084,Temascalapa,México
15085,Temascalcingo,México
15085,Temascalcingo,México
15085,Temascalcingo,México
15086,Temascaltepec,México
15086,Temascaltepec,México
15086,Temascaltepec,México
15087,Temoaya,México
15087,Temoaya,México
15087,Temoaya,México
15088,Tenancingo,México
15088,Tenancingo,México
15088,Tenancingo,México
15089,Tenango del Aire,México
15089,Tenango del Aire,México
15089,Tenango del Aire,México
15090,Tenango del Valle,México
15090,Tenango del Valle,México
15090,Tenango del Valle,México
15091,Teoloyucan,México
15091,Teoloyucan,México
15091,Teoloyucan,México
15092,Teotihuacán,México
15092,Teotihuacán,México
15092,Teotihuacán,México
15093,Tepetlaoxtoc,México
15093,Tepetlaoxtoc,México
15093,Tepetlaoxtoc,México
15094,Tepetlixpa,México
15094,Tepetlixpa,México
15094,Tepetlixpa,México
15095,Tepotzotlán,México
15095,Tepotzotlán,México
15095,Tepotzotlán,México
15096,Tequixquiac,México
15096,Tequixquiac,México
15096,Tequixquiac,México
15097,Texcaltitlán,México
15097,Texcaltitlán,México
15097,Texcaltitlán,México
15098,Texcalyacac,México
15098,Texcalyacac,México
15098,Texcalyacac,México
15099,Texcoco,México
15099,Texcoco,México
15099,Texcoco,México
15100,Tezoyuca,México
15100,Tezoyuca,México
15100,Tezoyuca,México
15101,Tianguistenco,México
15101,Tianguistenco,México
15101,Tianguistenco,México
15102,Timilpan,México
15102,Timilpan,México
15102,Timilpan,México
15103,Tlalmanalco,México
15103,Tlalmanalco,México
15103,Tlalmanalco,México
15104,Tlalnepantla de Baz,México
15104,Tlalnepantla de Baz,México
15104,Tlalnepantla de Baz,México
15105,Tlatlaya,México
15105,Tlatlaya,México
15105,Tlatlaya,México
15106,Toluca,México
15106,Toluca,México
15106,Toluca,México
15107,Tonatico,México
15107,Tonatico,México
15107,Tonatico,México
15108,Tultepec,México
15108,Tultepec,México
15108,Tultepec,México
15109,Tultitlán,México
15109,Tultitlán,México
15109,Tultitlán,México
15110,Valle de Bravo,México
15110,Valle de Bravo,México
15110,Valle de Bravo,México
15111,Villa de Allende,México
15111,Villa de Allende,México
15111,Villa de Allende,México
15112,Villa del Carbón,México
15112,Villa del Carbón,México
15112,Villa del Carbón,México
15113,Villa Guerrero,México
15113,Villa Guerrero,México
15113,Villa Guerrero,México
15114,Villa Victoria,México
15114,Villa Victoria,México
15114,Villa Victoria,México
15115,Xonacatlán,México
15115,Xonacatlán,México
15115,Xonacatlán,México
15116,Zacazonapan,México
15116,Zacazonapan,México
15116,Zacazonapan,México
15117,Zacualpan,México
15117,Zacualpan,México
15117,Zacualpan,México
15118,Zinacantepec,México
15118,Zinacantepec,México
15118,Zinacantepec,México
15119,Zumpahuacán,México
15119,Zumpahuacán,México
15119,Zumpahuacán,México
15120,Zumpango,México
15120,Zumpango,México
15120,Zumpango,México
15121,Cuautitlán Izcalli,México
15121,Cuautitlán Izcalli,México
15121,Cuautitlán Izcalli,México
15122,Valle de Chalco Solidaridad,México
15122,Valle de Chalco Solidaridad,México
15122,Valle de Chalco Solidaridad,México
15123,Luvianos,México
15123,Luvianos,México
15123,Luvianos,México
15124,San José del Rincón,México
15124,San José del Rincón,México
15124,San José del Rincón,México
15125,Tonanitla,México
15125,Tonanitla,México
15125,Tonanitla,México
18001,Acaponeta,Nayarit
18001,Acaponeta,Nayarit
18001,Acaponeta,Nayarit
18002,Ahuacatlán,Nayarit
18002,Ahuacatlán,Nayarit
18002,Ahuacatlán,Nayarit
18003,Amatlán de Cañas,Nayarit
18003,Amatlán de Cañas,Nayarit
18003,Amatlán de Cañas,Nayarit
18004,Compostela,Nayarit
18004,Compostela,Nayarit
18004,Compostela,Nayarit
18005,Huajicori,Nayarit
18005,Huajicori,Nayarit
18005,Huajicori,Nayarit
18006,Ixtlán del Río,Nayarit
18006,Ixtlán del Río,Nayarit
18006,Ixtlán del Río,Nayarit
18007,Jala,Nayarit
18007,Jala,Nayarit
18007,Jala,Nayarit
18008,Xalisco,Nayarit
18008,Xalisco,Nayarit
18008,Xalisco,Nayarit
18009,Del Nayar,Nayarit
18009,Del Nayar,Nayarit
18009,Del Nayar,Nayarit
18010,Rosamorada,Nayarit
18010,Rosamorada,Nayarit
18010,Rosamorada,Nayarit
18011,Ruíz,Nayarit
18011,Ruíz,Nayarit
18011,Ruíz,Nayarit
18012,San Blas,Nayarit
18012,San Blas,Nayarit
18012,San Blas,Nayarit
18013,San Pedro Lagunillas,Nayarit
18013,San Pedro Lagunillas,Nayarit
18013,San Pedro Lagunillas,Nayarit
18014,Santa María del Oro,Nayarit
18014,Santa María del Oro,Nayarit
18014,Santa María del Oro,Nayarit
18015,Santiago Ixcuintla,Nayarit
18015,Santiago Ixcuintla,Nayarit
18015,Santiago Ixcuintla,Nayarit
18016,Tecuala,Nayarit
18016,Tecuala,Nayarit
18016,Tecuala,Nayarit
18017,Tepic,Nayarit
18017,Tepic,Nayarit
18017,Tepic,Nayarit
18018,Tuxpan,Nayarit
18018,Tuxpan,Nayarit
18018,Tuxpan,Nayarit
18019,La Yesca,Nayarit
18019,La Yesca,Nayarit
18019,La Yesca,Nayarit
18020,Bahía de Banderas,Nayarit
18020,Bahía de Banderas,Nayarit
18020,Bahía de Banderas,Nayarit
19001,Abasolo,Nuevo León
19001,Abasolo,Nuevo León
19001,Abasolo,Nuevo León
19002,Agualeguas,Nuevo León
19002,Agualeguas,Nuevo León
19002,Agualeguas,Nuevo León
19003,Los Aldamas,Nuevo León
19003,Los Aldamas,Nuevo León
19003,Los Aldamas,Nuevo León
19004,Allende,Nuevo León
19004,Allende,Nuevo León
19004,Allende,Nuevo León
19005,Anáhuac,Nuevo León
19005,Anáhuac,Nuevo León
19005,Anáhuac,Nuevo León
19006,Apodaca,Nuevo León
19006,Apodaca,Nuevo León
19006,Apodaca,Nuevo León
19007,Aramberri,Nuevo León
19007,Aramberri,Nuevo León
19007,Aramberri,Nuevo León
19008,Bustamante,Nuevo León
19008,Bustamante,Nuevo León
19008,Bustamante,Nuevo León
19009,Cadereyta Jiménez,Nuevo León
19009,Cadereyta Jiménez,Nuevo León
19009,Cadereyta Jiménez,Nuevo León
19010,El Carmen,Nuevo León
19010,El Carmen,Nuevo León
19010,El Carmen,Nuevo León
19011,Cerralvo,Nuevo León
19011,Cerralvo,Nuevo León
19011,Cerralvo,Nuevo León
19012,Ciénega de Flores,Nuevo León
19012,Ciénega de Flores,Nuevo León
19012,Ciénega de Flores,Nuevo León
19013,China,Nuevo León
19013,China,Nuevo León
19013,China,Nuevo León
19014,Doctor Arroyo,Nuevo León
19014,Doctor Arroyo,Nuevo León
19014,Doctor Arroyo,Nuevo León
19015,Doctor Coss,Nuevo León
19015,Doctor Coss,Nuevo León
19015,Doctor Coss,Nuevo León
19016,Doctor González,Nuevo León
19016,Doctor González,Nuevo León
19016,Doctor González,Nuevo León
19017,Galeana,Nuevo León
19017,Galeana,Nuevo León
19017,Galeana,Nuevo León
19018,García,Nuevo León
19018,García,Nuevo León
19018,García,Nuevo León
19019,San Pedro Garza García,Nuevo León
19019,San Pedro Garza García,Nuevo León
19019,San Pedro Garza García,Nuevo León
19020,General Bravo,Nuevo León
19020,General Bravo,Nuevo León
19020,General Bravo,Nuevo León
19021,General Escobedo,Nuevo León
19021,General Escobedo,Nuevo León
19021,General Escobedo,Nuevo León
19022,General Terán,Nuevo León
19022,General Terán,Nuevo León
19022,General Terán,Nuevo León
19023,General Treviño,Nuevo León
19023,General Treviño,Nuevo León
19023,General Treviño,Nuevo León
19024,General Zaragoza,Nuevo León
19024,General Zaragoza,Nuevo León
19024,General Zaragoza,Nuevo León
19025,General Zuazua,Nuevo León
19025,General Zuazua,Nuevo León
19025,General Zuazua,Nuevo León
19026,Guadalupe,Nuevo León
19026,Guadalupe,Nuevo León
19026,Guadalupe,Nuevo León
19027,Los Herreras,Nuevo León
19027,Los Herreras,Nuevo León
19027,Los Herreras,Nuevo León
19028,Higueras,Nuevo León
19028,Higueras,Nuevo León
19028,Higueras,Nuevo León
19029,Hualahuises,Nuevo León
19029,Hualahuises,Nuevo León
19029,Hualahuises,Nuevo León
19030,Iturbide,Nuevo León
19030,Iturbide,Nuevo León
19030,Iturbide,Nuevo León
19031,Juárez,Nuevo León
19031,Juárez,Nuevo León
19031,Juárez,Nuevo León
19032,Lampazos de Naranjo,Nuevo León
19032,Lampazos de Naranjo,Nuevo León
19032,Lampazos de Naranjo,Nuevo León
19033,Linares,Nuevo León
19033,Linares,Nuevo León
19033,Linares,Nuevo León
19034,Marín,Nuevo León
19034,Marín,Nuevo León
19034,Marín,Nuevo León
19035,Melchor Ocampo,Nuevo León
19035,Melchor Ocampo,Nuevo León
19035,Melchor Ocampo,Nuevo León
19036,Mier y Noriega,Nuevo León
19036,Mier y Noriega,Nuevo León
19036,Mier y Noriega,Nuevo León
19037,Mina,Nuevo León
19037,Mina,Nuevo León
19037,Mina,Nuevo León
19038,Montemorelos,Nuevo León
19038,Montemorelos,Nuevo León
19038,Montemorelos,Nuevo León
19039,Monterrey,Nuevo León
19039,Monterrey,Nuevo León
19039,Monterrey,Nuevo León
19040,Parás,Nuevo León
19040,Parás,Nuevo León
19040,Parás,Nuevo León
19041,Pesquería,Nuevo León
19041,Pesquería,Nuevo León
19041,Pesquería,Nuevo León
19042,Los Ramones,Nuevo León
19042,Los Ramones,Nuevo León
19042,Los Ramones,Nuevo León
19043,Rayones,Nuevo León
19043,Rayones,Nuevo León
19043,Rayones,Nuevo León
19044,Sabinas Hidalgo,Nuevo León
19044,Sabinas Hidalgo,Nuevo León
19044,Sabinas Hidalgo,Nuevo León
19045,Salinas Victoria,Nuevo León
19045,Salinas Victoria,Nuevo León
19045,Salinas Victoria,Nuevo León
19046,San Nicolás de los Garza,Nuevo León
19046,San Nicolás de los Garza,Nuevo León
19046,San Nicolás de los Garza,Nuevo León
19047,Hidalgo,Nuevo León
19047,Hidalgo,Nuevo León
19047,Hidalgo,Nuevo León
19048,Santa Catarina,Nuevo León
19048,Santa Catarina,Nuevo León
19048,Santa Catarina,Nuevo León
19049,Santiago,Nuevo León
19049,Santiago,Nuevo León
19049,Santiago,Nuevo León
19050,Vallecillo,Nuevo León
19050,Vallecillo,Nuevo León
19050,Vallecillo,Nuevo León
19051,Villaldama,Nuevo León
19051,Villaldama,Nuevo León
19051,Villaldama,Nuevo León
20001,Abejones,Oaxaca
20001,Abejones,Oaxaca
20001,Abejones,Oaxaca
20002,Acatlán de Pérez Figueroa,Oaxaca
20002,Acatlán de Pérez Figueroa,Oaxaca
20002,Acatlán de Pérez Figueroa,Oaxaca
20003,Asunción Cacalotepec,Oaxaca
20003,Asunción Cacalotepec,Oaxaca
20003,Asunción Cacalotepec,Oaxaca
20004,Asunción Cuyotepeji,Oaxaca
20004,Asunción Cuyotepeji,Oaxaca
20004,Asunción Cuyotepeji,Oaxaca
20005,Asunción Ixtaltepec,Oaxaca
20005,Asunción Ixtaltepec,Oaxaca
20005,Asunción Ixtaltepec,Oaxaca
20006,Asunción Nochixtlán,Oaxaca
20006,Asunción Nochixtlán,Oaxaca
20006,Asunción Nochixtlán,Oaxaca
20007,Asunción Ocotlán,Oaxaca
20007,Asunción Ocotlán,Oaxaca
20007,Asunción Ocotlán,Oaxaca
20008,Asunción Tlacolulita,Oaxaca
20008,Asunción Tlacolulita,Oaxaca
20008,Asunción Tlacolulita,Oaxaca
20009,Ayotzintepec,Oaxaca
20009,Ayotzintepec,Oaxaca
20009,Ayotzintepec,Oaxaca
20010,El Barrio de la Soledad,Oaxaca
20010,El Barrio de la Soledad,Oaxaca
20010,El Barrio de la Soledad,Oaxaca
20011,Calihualá,Oaxaca
20011,Calihualá,Oaxaca
20011,Calihualá,Oaxaca
20012,Candelaria Loxicha,Oaxaca
20012,Candelaria Loxicha,Oaxaca
20012,Candelaria Loxicha,Oaxaca
20013,Ciénega de Zimatlán,Oaxaca
20013,Ciénega de Zimatlán,Oaxaca
20013,Ciénega de Zimatlán,Oaxaca
20014,Ciudad Ixtepec,Oaxaca
20014,Ciudad Ixtepec,Oaxaca
20014,Ciudad Ixtepec,Oaxaca
20015,Coatecas Altas,Oaxaca
20015,Coatecas Altas,Oaxaca
20015,Coatecas Altas,Oaxaca
20016,Coicoyán de las Flores,Oaxaca
20016,Coicoyán de las Flores,Oaxaca
20016,Coicoyán de las Flores,Oaxaca
20017,La Compañía,Oaxaca
20017,La Compañía,Oaxaca
20017,La Compañía,Oaxaca
20018,Concepción Buenavista,Oaxaca
20018,Concepción Buenavista,Oaxaca
20018,Concepción Buenavista,Oaxaca
20019,Concepción Pápalo,Oaxaca
20019,Concepción Pápalo,Oaxaca
20019,Concepción Pápalo,Oaxaca
20020,Constancia del Rosario,Oaxaca
20020,Constancia del Rosario,Oaxaca
20020,Constancia del Rosario,Oaxaca
20021,Cosolapa,Oaxaca
20021,Cosolapa,Oaxaca
20021,Cosolapa,Oaxaca
20022,Cosoltepec,Oaxaca
20022,Cosoltepec,Oaxaca
20022,Cosoltepec,Oaxaca
20023,Cuilápam de Guerrero,Oaxaca
20023,Cuilápam de Guerrero,Oaxaca
20023,Cuilápam de Guerrero,Oaxaca
20024,Cuyamecalco Villa de Zaragoza,Oaxaca
20024,Cuyamecalco Villa de Zaragoza,Oaxaca
20024,Cuyamecalco Villa de Zaragoza,Oaxaca
20025,Chahuites,Oaxaca
20025,Chahuites,Oaxaca
20025,Chahuites,Oaxaca
20026,Chalcatongo de Hidalgo,Oaxaca
20026,Chalcatongo de Hidalgo,Oaxaca
20026,Chalcatongo de Hidalgo,Oaxaca
20027,Chiquihuitlán de Benito Juárez,Oaxaca
20027,Chiquihuitlán de Benito Juárez,Oaxaca
20027,Chiquihuitlán de Benito Juárez,Oaxaca
20028,Heroica Ciudad de Ejutla de Crespo,Oaxaca
20028,Heroica Ciudad de Ejutla de Crespo,Oaxaca
20028,Heroica Ciudad de Ejutla de Crespo,Oaxaca
20029,Eloxochitlán de Flores Magón,Oaxaca
20029,Eloxochitlán de Flores Magón,Oaxaca
20029,Eloxochitlán de Flores Magón,Oaxaca
20030,El Espinal,Oaxaca
20030,El Espinal,Oaxaca
20030,El Espinal,Oaxaca
20031,Tamazulápam del Espíritu Santo,Oaxaca
20031,Tamazulápam del Espíritu Santo,Oaxaca
20031,Tamazulápam del Espíritu Santo,Oaxaca
20032,Fresnillo de Trujano,Oaxaca
20032,Fresnillo de Trujano,Oaxaca
20032,Fresnillo de Trujano,Oaxaca
20033,Guadalupe Etla,Oaxaca
20033,Guadalupe Etla,Oaxaca
20033,Guadalupe Etla,Oaxaca
20034,Guadalupe de Ramírez,Oaxaca
20034,Guadalupe de Ramírez,Oaxaca
20034,Guadalupe de Ramírez,Oaxaca
20035,Guelatao de Juárez,Oaxaca
20035,Guelatao de Juárez,Oaxaca
20035,Guelatao de Juárez,Oaxaca
20036,Guevea de Humboldt,Oaxaca
20036,Guevea de Humboldt,Oaxaca
20036,Guevea de Humboldt,Oaxaca
20037,Mesones Hidalgo,Oaxaca
20037,Mesones Hidalgo,Oaxaca
20037,Mesones Hidalgo,Oaxaca
20038,Villa Hidalgo,Oaxaca
20038,Villa Hidalgo,Oaxaca
20038,Villa Hidalgo,Oaxaca
20039,Heroica Ciudad de Huajuapan de León,Oaxaca
20039,Heroica Ciudad de Huajuapan de León,Oaxaca
20039,Heroica Ciudad de Huajuapan de León,Oaxaca
20040,Huautepec,Oaxaca
20040,Huautepec,Oaxaca
20040,Huautepec,Oaxaca
20041,Huautla de Jiménez,Oaxaca
20041,Huautla de Jiménez,Oaxaca
20041,Huautla de Jiménez,Oaxaca
20042,Ixtlán de Juárez,Oaxaca
20042,Ixtlán de Juárez,Oaxaca
20042,Ixtlán de Juárez,Oaxaca
20043,Heroica Ciudad de Juchitán de Zaragoza,Oaxaca
20043,Heroica Ciudad de Juchitán de Zaragoza,Oaxaca
20043,Heroica Ciudad de Juchitán de Zaragoza,Oaxaca
20044,Loma Bonita,Oaxaca
20044,Loma Bonita,Oaxaca
20044,Loma Bonita,Oaxaca
20045,Magdalena Apasco,Oaxaca
20045,Magdalena Apasco,Oaxaca
20045,Magdalena Apasco,Oaxaca
20046,Magdalena Jaltepec,Oaxaca
20046,Magdalena Jaltepec,Oaxaca
20046,Magdalena Jaltepec,Oaxaca
20047,Santa Magdalena Jicotlán,Oaxaca
20047,Santa Magdalena Jicotlán,Oaxaca
20047,Santa Magdalena Jicotlán,Oaxaca
20048,Magdalena Mixtepec,Oaxaca
20048,Magdalena Mixtepec,Oaxaca
20048,Magdalena Mixtepec,Oaxaca
20049,Magdalena Ocotlán,Oaxaca
20049,Magdalena Ocotlán,Oaxaca
20049,Magdalena Ocotlán,Oaxaca
20050,Magdalena Peñasco,Oaxaca
20050,Magdalena Peñasco,Oaxaca
20050,Magdalena Peñasco,Oaxaca
20051,Magdalena Teitipac,Oaxaca
20051,Magdalena Teitipac,Oaxaca
20051,Magdalena Teitipac,Oaxaca
20052,Magdalena Tequisistlán,Oaxaca
20052,Magdalena Tequisistlán,Oaxaca
20052,Magdalena Tequisistlán,Oaxaca
20053,Magdalena Tlacotepec,Oaxaca
20053,Magdalena Tlacotepec,Oaxaca
20053,Magdalena Tlacotepec,Oaxaca
20054,Magdalena Zahuatlán,Oaxaca
20054,Magdalena Zahuatlán,Oaxaca
20054,Magdalena Zahuatlán,Oaxaca
20055,Mariscala de Juárez,Oaxaca
20055,Mariscala de Juárez,Oaxaca
20055,Mariscala de Juárez,Oaxaca
20056,Mártires de Tacubaya,Oaxaca
20056,Mártires de Tacubaya,Oaxaca
20056,Mártires de Tacubaya,Oaxaca
20057,Matías Romero Avendaño,Oaxaca
20057,Matías Romero Avendaño,Oaxaca
20057,Matías Romero Avendaño,Oaxaca
20058,Mazatlán Villa de Flores,Oaxaca
20058,Mazatlán Villa de Flores,Oaxaca
20058,Mazatlán Villa de Flores,Oaxaca
20059,Miahuatlán de Porfirio Díaz,Oaxaca
20059,Miahuatlán de Porfirio Díaz,Oaxaca
20059,Miahuatlán de Porfirio Díaz,Oaxaca
20060,Mixistlán de la Reforma,Oaxaca
20060,Mixistlán de la Reforma,Oaxaca
20060,Mixistlán de la Reforma,Oaxaca
20061,Monjas,Oaxaca
20061,Monjas,Oaxaca
20061,Monjas,Oaxaca
20062,Natividad,Oaxaca
20062,Natividad,Oaxaca
20062,Natividad,Oaxaca
20063,Nazareno Etla,Oaxaca
20063,Nazareno Etla,Oaxaca
20063,Nazareno Etla,Oaxaca
20064,Nejapa de Madero,Oaxaca
20064,Nejapa de Madero,Oaxaca
20064,Nejapa de Madero,Oaxaca
20065,Ixpantepec Nieves,Oaxaca
20065,Ixpantepec Nieves,Oaxaca
20065,Ixpantepec Nieves,Oaxaca
20066,Santiago Niltepec,Oaxaca
20066,Santiago Niltepec,Oaxaca
20066,Santiago Niltepec,Oaxaca
20067,Oaxaca de Juárez,Oaxaca
20067,Oaxaca de Juárez,Oaxaca
20067,Oaxaca de Juárez,Oaxaca
20068,Ocotlán de Morelos,Oaxaca
20068,Ocotlán de Morelos,Oaxaca
20068,Ocotlán de Morelos,Oaxaca
20069,La Pe,Oaxaca
20069,La Pe,Oaxaca
20069,La Pe,Oaxaca
20070,Pinotepa de Don Luis,Oaxaca
20070,Pinotepa de Don Luis,Oaxaca
20070,Pinotepa de Don Luis,Oaxaca
20071,Pluma Hidalgo,Oaxaca
20071,Pluma Hidalgo,Oaxaca
20071,Pluma Hidalgo,Oaxaca
20072,San José del Progreso,Oaxaca
20072,San José del Progreso,Oaxaca
20072,San José del Progreso,Oaxaca
20073,Putla Villa de Guerrero,Oaxaca
20073,Putla Villa de Guerrero,Oaxaca
20073,Putla Villa de Guerrero,Oaxaca
20074,Santa Catarina Quioquitani,Oaxaca
20074,Santa Catarina Quioquitani,Oaxaca
20074,Santa Catarina Quioquitani,Oaxaca
20075,Reforma de Pineda,Oaxaca
20075,Reforma de Pineda,Oaxaca
20075,Reforma de Pineda,Oaxaca
20076,La Reforma,Oaxaca
20076,La Reforma,Oaxaca
20076,La Reforma,Oaxaca
20077,Reyes Etla,Oaxaca
20077,Reyes Etla,Oaxaca
20077,Reyes Etla,Oaxaca
20078,Rojas de Cuauhtémoc,Oaxaca
20078,Rojas de Cuauhtémoc,Oaxaca
20078,Rojas de Cuauhtémoc,Oaxaca
20079,Salina Cruz,Oaxaca
20079,Salina Cruz,Oaxaca
20079,Salina Cruz,Oaxaca
20080,San Agustín Amatengo,Oaxaca
20080,San Agustín Amatengo,Oaxaca
20080,San Agustín Amatengo,Oaxaca
20081,San Agustín Atenango,Oaxaca
20081,San Agustín Atenango,Oaxaca
20081,San Agustín Atenango,Oaxaca
20082,San Agustín Chayuco,Oaxaca
20082,San Agustín Chayuco,Oaxaca
20082,San Agustín Chayuco,Oaxaca
20083,San Agustín de las Juntas,Oaxaca
20083,San Agustín de las Juntas,Oaxaca
20083,San Agustín de las Juntas,Oaxaca
20084,San Agustín Etla,Oaxaca
20084,San Agustín Etla,Oaxaca
20084,San Agustín Etla,Oaxaca
20085,San Agustín Loxicha,Oaxaca
20085,San Agustín Loxicha,Oaxaca
20085,San Agustín Loxicha,Oaxaca
20086,San Agustín Tlacotepec,Oaxaca
20086,San Agustín Tlacotepec,Oaxaca
20086,San Agustín Tlacotepec,Oaxaca
20087,San Agustín Yatareni,Oaxaca
20087,San Agustín Yatareni,Oaxaca
20087,San Agustín Yatareni,Oaxaca
20088,San Andrés Cabecera Nueva,Oaxaca
20088,San Andrés Cabecera Nueva,Oaxaca
20088,San Andrés Cabecera Nueva,Oaxaca
20089,San Andrés Dinicuiti,Oaxaca
20089,San Andrés Dinicuiti,Oaxaca
20089,San Andrés Dinicuiti,Oaxaca
20090,San Andrés Huaxpaltepec,Oaxaca
20090,San Andrés Huaxpaltepec,Oaxaca
20090,San Andrés Huaxpaltepec,Oaxaca
20091,San Andrés Huayápam,Oaxaca
20091,San Andrés Huayápam,Oaxaca
20091,San Andrés Huayápam,Oaxaca
20092,San Andrés Ixtlahuaca,Oaxaca
20092,San Andrés Ixtlahuaca,Oaxaca
20092,San Andrés Ixtlahuaca,Oaxaca
20093,San Andrés Lagunas,Oaxaca
20093,San Andrés Lagunas,Oaxaca
20093,San Andrés Lagunas,Oaxaca
20094,San Andrés Nuxiño,Oaxaca
20094,San Andrés Nuxiño,Oaxaca
20094,San Andrés Nuxiño,Oaxaca
20095,San Andrés Paxtlán,Oaxaca
20095,San Andrés Paxtlán,Oaxaca
20095,San Andrés Paxtlán,Oaxaca
20096,San Andrés Sinaxtla,Oaxaca
20096,San Andrés Sinaxtla,Oaxaca
20096,San Andrés Sinaxtla,Oaxaca
20097,San Andrés Solaga,Oaxaca
20097,San Andrés Solaga,Oaxaca
20097,San Andrés Solaga,Oaxaca
20098,San Andrés Teotilálpam,Oaxaca
20098,San Andrés Teotilálpam,Oaxaca
20098,San Andrés Teotilálpam,Oaxaca
20099,San Andrés Tepetlapa,Oaxaca
20099,San Andrés Tepetlapa,Oaxaca
20099,San Andrés Tepetlapa,Oaxaca
20100,San Andrés Yaá,Oaxaca
20100,San Andrés Yaá,Oaxaca
20100,San Andrés Yaá,Oaxaca
20101,San Andrés Zabache,Oaxaca
20101,San Andrés Zabache,Oaxaca
20101,San Andrés Zabache,Oaxaca
20102,San Andrés Zautla,Oaxaca
20102,San Andrés Zautla,Oaxaca
20102,San Andrés Zautla,Oaxaca
20103,San Antonino Castillo Velasco,Oaxaca
20103,San Antonino Castillo Velasco,Oaxaca
20103,San Antonino Castillo Velasco,Oaxaca
20104,San Antonino el Alto,Oaxaca
20104,San Antonino el Alto,Oaxaca
20104,San Antonino el Alto,Oaxaca
20105,San Antonino Monte Verde,Oaxaca
20105,San Antonino Monte Verde,Oaxaca
20105,San Antonino Monte Verde,Oaxaca
20106,San Antonio Acutla,Oaxaca
20106,San Antonio Acutla,Oaxaca
20106,San Antonio Acutla,Oaxaca
20107,San Antonio de la Cal,Oaxaca
20107,San Antonio de la Cal,Oaxaca
20107,San Antonio de la Cal,Oaxaca
20108,San Antonio Huitepec,Oaxaca
20108,San Antonio Huitepec,Oaxaca
20108,San Antonio Huitepec,Oaxaca
20109,San Antonio Nanahuatípam,Oaxaca
20109,San Antonio Nanahuatípam,Oaxaca
20109,San Antonio Nanahuatípam,Oaxaca
20110,San Antonio Sinicahua,Oaxaca
20110,San Antonio Sinicahua,Oaxaca
20110,San Antonio Sinicahua,Oaxaca
20111,San Antonio Tepetlapa,Oaxaca
20111,San Antonio Tepetlapa,Oaxaca
20111,San Antonio Tepetlapa,Oaxaca
20112,San Baltazar Chichicápam,Oaxaca
20112,San Baltazar Chichicápam,Oaxaca
20112,San Baltazar Chichicápam,Oaxaca
20113,San Baltazar Loxicha,Oaxaca
20113,San Baltazar Loxicha,Oaxaca
20113,San Baltazar Loxicha,Oaxaca
20114,San Baltazar Yatzachi el Bajo,Oaxaca
20114,San Baltazar Yatzachi el Bajo,Oaxaca
20114,San Baltazar Yatzachi el Bajo,Oaxaca
20115,San Bartolo Coyotepec,Oaxaca
20115,San Bartolo Coyotepec,Oaxaca
20115,San Bartolo Coyotepec,Oaxaca
20116,San Bartolomé Ayautla,Oaxaca
20116,San Bartolomé Ayautla,Oaxaca
20116,San Bartolomé Ayautla,Oaxaca
20117,San Bartolomé Loxicha,Oaxaca
20117,San Bartolomé Loxicha,Oaxaca
20117,San Bartolomé Loxicha,Oaxaca
20118,San Bartolomé Quialana,Oaxaca
20118,San Bartolomé Quialana,Oaxaca
20118,San Bartolomé Quialana,Oaxaca
20119,San Bartolomé Yucuañe,Oaxaca
20119,San Bartolomé Yucuañe,Oaxaca
20119,San Bartolomé Yucuañe,Oaxaca
20120,San Bartolomé Zoogocho,Oaxaca
20120,San Bartolomé Zoogocho,Oaxaca
20120,San Bartolomé Zoogocho,Oaxaca
20121,San Bartolo Soyaltepec,Oaxaca
20121,San Bartolo Soyaltepec,Oaxaca
20121,San Bartolo Soyaltepec,Oaxaca
20122,San Bartolo Yautepec,Oaxaca
20122,San Bartolo Yautepec,Oaxaca
20122,San Bartolo Yautepec,Oaxaca
20123,San Bernardo Mixtepec,Oaxaca
20123,San Bernardo Mixtepec,Oaxaca
20123,San Bernardo Mixtepec,Oaxaca
20124,San Blas Atempa,Oaxaca
20124,San Blas Atempa,Oaxaca
20124,San Blas Atempa,Oaxaca
20125,San Carlos Yautepec,Oaxaca
20125,San Carlos Yautepec,Oaxaca
20125,San Carlos Yautepec,Oaxaca
20126,San Cristóbal Amatlán,Oaxaca
20126,San Cristóbal Amatlán,Oaxaca
20126,San Cristóbal Amatlán,Oaxaca
20127,San Cristóbal Amoltepec,Oaxaca
20127,San Cristóbal Amoltepec,Oaxaca
20127,San Cristóbal Amoltepec,Oaxaca
20128,San Cristóbal Lachirioag,Oaxaca
20128,San Cristóbal Lachirioag,Oaxaca
20128,San Cristóbal Lachirioag,Oaxaca
20129,San Cristóbal Suchixtlahuaca,Oaxaca
20129,San Cristóbal Suchixtlahuaca,Oaxaca
20129,San Cristóbal Suchixtlahuaca,Oaxaca
20130,San Dionisio del Mar,Oaxaca
20130,San Dionisio del Mar,Oaxaca
20130,San Dionisio del Mar,Oaxaca
20131,San Dionisio Ocotepec,Oaxaca
20131,San Dionisio Ocotepec,Oaxaca
20131,San Dionisio Ocotepec,Oaxaca
20132,San Dionisio Ocotlán,Oaxaca
20132,San Dionisio Ocotlán,Oaxaca
20132,San Dionisio Ocotlán,Oaxaca
20133,San Esteban Atatlahuca,Oaxaca
20133,San Esteban Atatlahuca,Oaxaca
20133,San Esteban Atatlahuca,Oaxaca
20134,San Felipe Jalapa de Díaz,Oaxaca
20134,San Felipe Jalapa de Díaz,Oaxaca
20134,San Felipe Jalapa de Díaz,Oaxaca
20135,San Felipe Tejalápam,Oaxaca
20135,San Felipe Tejalápam,Oaxaca
20135,San Felipe Tejalápam,Oaxaca
20136,San Felipe Usila,Oaxaca
20136,San Felipe Usila,Oaxaca
20136,San Felipe Usila,Oaxaca
20137,San Francisco Cahuacuá,Oaxaca
20137,San Francisco Cahuacuá,Oaxaca
20137,San Francisco Cahuacuá,Oaxaca
20138,San Francisco Cajonos,Oaxaca
20138,San Francisco Cajonos,Oaxaca
20138,San Francisco Cajonos,Oaxaca
20139,San Francisco Chapulapa,Oaxaca
20139,San Francisco Chapulapa,Oaxaca
20139,San Francisco Chapulapa,Oaxaca
20140,San Francisco Chindúa,Oaxaca
20140,San Francisco Chindúa,Oaxaca
20140,San Francisco Chindúa,Oaxaca
20141,San Francisco del Mar,Oaxaca
20141,San Francisco del Mar,Oaxaca
20141,San Francisco del Mar,Oaxaca
20142,San Francisco Huehuetlán,Oaxaca
20142,San Francisco Huehuetlán,Oaxaca
20142,San Francisco Huehuetlán,Oaxaca
20143,San Francisco Ixhuatán,Oaxaca
20143,San Francisco Ixhuatán,Oaxaca
20143,San Francisco Ixhuatán,Oaxaca
20144,San Francisco Jaltepetongo,Oaxaca
20144,San Francisco Jaltepetongo,Oaxaca
20144,San Francisco Jaltepetongo,Oaxaca
20145,San Francisco Lachigoló,Oaxaca
20145,San Francisco Lachigoló,Oaxaca
20145,San Francisco Lachigoló,Oaxaca
20146,San Francisco Logueche,Oaxaca
20146,San Francisco Logueche,Oaxaca
20146,San Francisco Logueche,Oaxaca
20147,San Francisco Nuxaño,Oaxaca
20147,San Francisco Nuxaño,Oaxaca
20147,San Francisco Nuxaño,Oaxaca
20148,San Francisco Ozolotepec,Oaxaca
20148,San Francisco Ozolotepec,Oaxaca
20148,San Francisco Ozolotepec,Oaxaca
20149,San Francisco Sola,Oaxaca
20149,San Francisco Sola,Oaxaca
20149,San Francisco Sola,Oaxaca
20150,San Francisco Telixtlahuaca,Oaxaca
20150,San Francisco Telixtlahuaca,Oaxaca
20150,San Francisco Telixtlahuaca,Oaxaca
20151,San Francisco Teopan,Oaxaca
20151,San Francisco Teopan,Oaxaca
20151,San Francisco Teopan,Oaxaca
20152,San Francisco Tlapancingo,Oaxaca
20152,San Francisco Tlapancingo,Oaxaca
20152,San Francisco Tlapancingo,Oaxaca
20153,San Gabriel Mixtepec,Oaxaca
20153,San Gabriel Mixtepec,Oaxaca
20153,San Gabriel Mixtepec,Oaxaca
20154,San Ildefonso Amatlán,Oaxaca
20154,San Ildefonso Amatlán,Oaxaca
20154,San Ildefonso Amatlán,Oaxaca
20155,San Ildefonso Sola,Oaxaca
20155,San Ildefonso Sola,Oaxaca
20155,San Ildefonso Sola,Oaxaca
20156,San Ildefonso Villa Alta,Oaxaca
20156,San Ildefonso Villa Alta,Oaxaca
20156,San Ildefonso Villa Alta,Oaxaca
20157,San Jacinto Amilpas,Oaxaca
20157,San Jacinto Amilpas,Oaxaca
20157,San Jacinto Amilpas,Oaxaca
20158,San Jacinto Tlacotepec,Oaxaca
20158,San Jacinto Tlacotepec,Oaxaca
20158,San Jacinto Tlacotepec,Oaxaca
20159,San Jerónimo Coatlán,Oaxaca
20159,San Jerónimo Coatlán,Oaxaca
20159,San Jerónimo Coatlán,Oaxaca
20160,San Jerónimo Silacayoapilla,Oaxaca
20160,San Jerónimo Silacayoapilla,Oaxaca
20160,San Jerónimo Silacayoapilla,Oaxaca
20161,San Jerónimo Sosola,Oaxaca
20161,San Jerónimo Sosola,Oaxaca
20161,San Jerónimo Sosola,Oaxaca
20162,San Jerónimo Taviche,Oaxaca
20162,San Jerónimo Taviche,Oaxaca
20162,San Jerónimo Taviche,Oaxaca
20163,San Jerónimo Tecóatl,Oaxaca
20163,San Jerónimo Tecóatl,Oaxaca
20163,San Jerónimo Tecóatl,Oaxaca
20164,San Jorge Nuchita,Oaxaca
20164,San Jorge Nuchita,Oaxaca
20164,San Jorge Nuchita,Oaxaca
20165,San José Ayuquila,Oaxaca
20165,San José Ayuquila,Oaxaca
20165,San José Ayuquila,Oaxaca
20166,San José Chiltepec,Oaxaca
20166,San José Chiltepec,Oaxaca
20166,San José Chiltepec,Oaxaca
20167,San José del Peñasco,Oaxaca
20167,San José del Peñasco,Oaxaca
20167,San José del Peñasco,Oaxaca
20168,San José Estancia Grande,Oaxaca
20168,San José Estancia Grande,Oaxaca
20168,San José Estancia Grande,Oaxaca
20169,San José Independencia,Oaxaca
20169,San José Independencia,Oaxaca
20169,San José Independencia,Oaxaca
20170,San José Lachiguiri,Oaxaca
20170,San José Lachiguiri,Oaxaca
20170,San José Lachiguiri,Oaxaca
20171,San José Tenango,Oaxaca
20171,San José Tenango,Oaxaca
20171,San José Tenango,Oaxaca
20172,San Juan Achiutla,Oaxaca
20172,San Juan Achiutla,Oaxaca
20172,San Juan Achiutla,Oaxaca
20173,San Juan Atepec,Oaxaca
20173,San Juan Atepec,Oaxaca
20173,San Juan Atepec,Oaxaca
20174,Ánimas Trujano,Oaxaca
20174,Ánimas Trujano,Oaxaca
20174,Ánimas Trujano,Oaxaca
20175,San Juan Bautista Atatlahuca,Oaxaca
20175,San Juan Bautista Atatlahuca,Oaxaca
20175,San Juan Bautista Atatlahuca,Oaxaca
20176,San Juan Bautista Coixtlahuaca,Oaxaca
20176,San Juan Bautista Coixtlahuaca,Oaxaca
20176,San Juan Bautista Coixtlahuaca,Oaxaca
20177,San Juan Bautista Cuicatlán,Oaxaca
20177,San Juan Bautista Cuicatlán,Oaxaca
20177,San Juan Bautista Cuicatlán,Oaxaca
20178,San Juan Bautista Guelache,Oaxaca
20178,San Juan Bautista Guelache,Oaxaca
20178,San Juan Bautista Guelache,Oaxaca
20179,San Juan Bautista Jayacatlán,Oaxaca
20179,San Juan Bautista Jayacatlán,Oaxaca
20179,San Juan Bautista Jayacatlán,Oaxaca
20180,San Juan Bautista Lo de Soto,Oaxaca
20180,San Juan Bautista Lo de Soto,Oaxaca
20180,San Juan Bautista Lo de Soto,Oaxaca
20181,San Juan Bautista Suchitepec,Oaxaca
20181,San Juan Bautista Suchitepec,Oaxaca
20181,San Juan Bautista Suchitepec,Oaxaca
20182,San Juan Bautista Tlacoatzintepec,Oaxaca
20182,San Juan Bautista Tlacoatzintepec,Oaxaca
20182,San Juan Bautista Tlacoatzintepec,Oaxaca
20183,San Juan Bautista Tlachichilco,Oaxaca
20183,San Juan Bautista Tlachichilco,Oaxaca
20183,San Juan Bautista Tlachichilco,Oaxaca
20184,San Juan Bautista Tuxtepec,Oaxaca
20184,San Juan Bautista Tuxtepec,Oaxaca
20184,San Juan Bautista Tuxtepec,Oaxaca
20185,San Juan Cacahuatepec,Oaxaca
20185,San Juan Cacahuatepec,Oaxaca
20185,San Juan Cacahuatepec,Oaxaca
20186,San Juan Cieneguilla,Oaxaca
20186,San Juan Cieneguilla,Oaxaca
20186,San Juan Cieneguilla,Oaxaca
20187,San Juan Coatzóspam,Oaxaca
20187,San Juan Coatzóspam,Oaxaca
20187,San Juan Coatzóspam,Oaxaca
20188,San Juan Colorado,Oaxaca
20188,San Juan Colorado,Oaxaca
20188,San Juan Colorado,Oaxaca
20189,San Juan Comaltepec,Oaxaca
20189,San Juan Comaltepec,Oaxaca
20189,San Juan Comaltepec,Oaxaca
20190,San Juan Cotzocón,Oaxaca
20190,San Juan Cotzocón,Oaxaca
20190,San Juan Cotzocón,Oaxaca
20191,San Juan Chicomezúchil,Oaxaca
20191,San Juan Chicomezúchil,Oaxaca
20191,San Juan Chicomezúchil,Oaxaca
20192,San Juan Chilateca,Oaxaca
20192,San Juan Chilateca,Oaxaca
20192,San Juan Chilateca,Oaxaca
20193,San Juan del Estado,Oaxaca
20193,San Juan del Estado,Oaxaca
20193,San Juan del Estado,Oaxaca
20194,San Juan del Río,Oaxaca
20194,San Juan del Río,Oaxaca
20194,San Juan del Río,Oaxaca
20195,San Juan Diuxi,Oaxaca
20195,San Juan Diuxi,Oaxaca
20195,San Juan Diuxi,Oaxaca
20196,San Juan Evangelista Analco,Oaxaca
20196,San Juan Evangelista Analco,Oaxaca
20196,San Juan Evangelista Analco,Oaxaca
20197,San Juan Guelavía,Oaxaca
20197,San Juan Guelavía,Oaxaca
20197,San Juan Guelavía,Oaxaca
20198,San Juan Guichicovi,Oaxaca
20198,San Juan Guichicovi,Oaxaca
20198,San Juan Guichicovi,Oaxaca
20199,San Juan Ihualtepec,Oaxaca
20199,San Juan Ihualtepec,Oaxaca
20199,San Juan Ihualtepec,Oaxaca
20200,San Juan Juquila Mixes,Oaxaca
20200,San Juan Juquila Mixes,Oaxaca
20200,San Juan Juquila Mixes,Oaxaca
20201,San Juan Juquila Vijanos,Oaxaca
20201,San Juan Juquila Vijanos,Oaxaca
20201,San Juan Juquila Vijanos,Oaxaca
20202,San Juan Lachao,Oaxaca
20202,San Juan Lachao,Oaxaca
20202,San Juan Lachao,Oaxaca
20203,San Juan Lachigalla,Oaxaca
20203,San Juan Lachigalla,Oaxaca
20203,San Juan Lachigalla,Oaxaca
20204,San Juan Lajarcia,Oaxaca
20204,San Juan Lajarcia,Oaxaca
20204,San Juan Lajarcia,Oaxaca
20205,San Juan Lalana,Oaxaca
20205,San Juan Lalana,Oaxaca
20205,San Juan Lalana,Oaxaca
20206,San Juan de los Cués,Oaxaca
20206,San Juan de los Cués,Oaxaca
20206,San Juan de los Cués,Oaxaca
20207,San Juan Mazatlán,Oaxaca
20207,San Juan Mazatlán,Oaxaca
20207,San Juan Mazatlán,Oaxaca
20208,San Juan Mixtepec Distrito 08,Oaxaca
20208,San Juan Mixtepec Distrito 08,Oaxaca
20208,San Juan Mixtepec Distrito 08,Oaxaca
20209,San Juan Mixtepec Distrito 26,Oaxaca
20209,San Juan Mixtepec Distrito 26,Oaxaca
20209,San Juan Mixtepec Distrito 26,Oaxaca
20210,San Juan Ñumí,Oaxaca
20210,San Juan Ñumí,Oaxaca
20210,San Juan Ñumí,Oaxaca
20211,San Juan Ozolotepec,Oaxaca
20211,San Juan Ozolotepec,Oaxaca
20211,San Juan Ozolotepec,Oaxaca
20212,San Juan Petlapa,Oaxaca
20212,San Juan Petlapa,Oaxaca
20212,San Juan Petlapa,Oaxaca
20213,San Juan Quiahije,Oaxaca
20213,San Juan Quiahije,Oaxaca
20213,San Juan Quiahije,Oaxaca
20214,San Juan Quiotepec,Oaxaca
20214,San Juan Quiotepec,Oaxaca
20214,San Juan Quiotepec,Oaxaca
20215,San Juan Sayultepec,Oaxaca
20215,San Juan Sayultepec,Oaxaca
20215,San Juan Sayultepec,Oaxaca
20216,San Juan Tabaá,Oaxaca
20216,San Juan Tabaá,Oaxaca
20216,San Juan Tabaá,Oaxaca
20217,San Juan Tamazola,Oaxaca
20217,San Juan Tamazola,Oaxaca
20217,San Juan Tamazola,Oaxaca
20218,San Juan Teita,Oaxaca
20218,San Juan Teita,Oaxaca
20218,San Juan Teita,Oaxaca
20219,San Juan Teitipac,Oaxaca
20219,San Juan Teitipac,Oaxaca
20219,San Juan Teitipac,Oaxaca
20220,San Juan Tepeuxila,Oaxaca
20220,San Juan Tepeuxila,Oaxaca
20220,San Juan Tepeuxila,Oaxaca
20221,San Juan Teposcolula,Oaxaca
20221,San Juan Teposcolula,Oaxaca
20221,San Juan Teposcolula,Oaxaca
20222,San Juan Yaeé,Oaxaca
20222,San Juan Yaeé,Oaxaca
20222,San Juan Yaeé,Oaxaca
20223,San Juan Yatzona,Oaxaca
20223,San Juan Yatzona,Oaxaca
20223,San Juan Yatzona,Oaxaca
20224,San Juan Yucuita,Oaxaca
20224,San Juan Yucuita,Oaxaca
20224,San Juan Yucuita,Oaxaca
20225,San Lorenzo,Oaxaca
20225,San Lorenzo,Oaxaca
20225,San Lorenzo,Oaxaca
20226,San Lorenzo Albarradas,Oaxaca
20226,San Lorenzo Albarradas,Oaxaca
20226,San Lorenzo Albarradas,Oaxaca
20227,San Lorenzo Cacaotepec,Oaxaca
20227,San Lorenzo Cacaotepec,Oaxaca
20227,San Lorenzo Cacaotepec,Oaxaca
20228,San Lorenzo Cuaunecuiltitla,Oaxaca
20228,San Lorenzo Cuaunecuiltitla,Oaxaca
20228,San Lorenzo Cuaunecuiltitla,Oaxaca
20229,San Lorenzo Texmelúcan,Oaxaca
20229,San Lorenzo Texmelúcan,Oaxaca
20229,San Lorenzo Texmelúcan,Oaxaca
20230,San Lorenzo Victoria,Oaxaca
20230,San Lorenzo Victoria,Oaxaca
20230,San Lorenzo Victoria,Oaxaca
20231,San Lucas Camotlán,Oaxaca
20231,San Lucas Camotlán,Oaxaca
20231,San Lucas Camotlán,Oaxaca
20232,San Lucas Ojitlán,Oaxaca
20232,San Lucas Ojitlán,Oaxaca
20232,San Lucas Ojitlán,Oaxaca
20233,San Lucas Quiaviní,Oaxaca
20233,San Lucas Quiaviní,Oaxaca
20233,San Lucas Quiaviní,Oaxaca
20234,San Lucas Zoquiápam,Oaxaca
20234,San Lucas Zoquiápam,Oaxaca
20234,San Lucas Zoquiápam,Oaxaca
20235,San Luis Amatlán,Oaxaca
20235,San Luis Amatlán,Oaxaca
20235,San Luis Amatlán,Oaxaca
20236,San Marcial Ozolotepec,Oaxaca
20236,San Marcial Ozolotepec,Oaxaca
20236,San Marcial Ozolotepec,Oaxaca
20237,San Marcos Arteaga,Oaxaca
20237,San Marcos Arteaga,Oaxaca
20237,San Marcos Arteaga,Oaxaca
20238,San Martín de los Cansecos,Oaxaca
20238,San Martín de los Cansecos,Oaxaca
20238,San Martín de los Cansecos,Oaxaca
20239,San Martín Huamelúlpam,Oaxaca
20239,San Martín Huamelúlpam,Oaxaca
20239,San Martín Huamelúlpam,Oaxaca
20240,San Martín Itunyoso,Oaxaca
20240,San Martín Itunyoso,Oaxaca
20240,San Martín Itunyoso,Oaxaca
20241,San Martín Lachilá,Oaxaca
20241,San Martín Lachilá,Oaxaca
20241,San Martín Lachilá,Oaxaca
20242,San Martín Peras,Oaxaca
20242,San Martín Peras,Oaxaca
20242,San Martín Peras,Oaxaca
20243,San Martín Tilcajete,Oaxaca
20243,San Martín Tilcajete,Oaxaca
20243,San Martín Tilcajete,Oaxaca
20244,San Martín Toxpalan,Oaxaca
20244,San Martín Toxpalan,Oaxaca
20244,San Martín Toxpalan,Oaxaca
20245,San Martín Zacatepec,Oaxaca
20245,San Martín Zacatepec,Oaxaca
20245,San Martín Zacatepec,Oaxaca
20246,San Mateo Cajonos,Oaxaca
20246,San Mateo Cajonos,Oaxaca
20246,San Mateo Cajonos,Oaxaca
20247,Capulálpam de Méndez,Oaxaca
20247,Capulálpam de Méndez,Oaxaca
20247,Capulálpam de Méndez,Oaxaca
20248,San Mateo del Mar,Oaxaca
20248,San Mateo del Mar,Oaxaca
20248,San Mateo del Mar,Oaxaca
20249,San Mateo Yoloxochitlán,Oaxaca
20249,San Mateo Yoloxochitlán,Oaxaca
20249,San Mateo Yoloxochitlán,Oaxaca
20250,San Mateo Etlatongo,Oaxaca
20250,San Mateo Etlatongo,Oaxaca
20250,San Mateo Etlatongo,Oaxaca
20251,San Mateo Nejápam,Oaxaca
20251,San Mateo Nejápam,Oaxaca
20251,San Mateo Nejápam,Oaxaca
20252,San Mateo Peñasco,Oaxaca
20252,San Mateo Peñasco,Oaxaca
20252,San Mateo Peñasco,Oaxaca
20253,San Mateo Piñas,Oaxaca
20253,San Mateo Piñas,Oaxaca
20253,San Mateo Piñas,Oaxaca
20254,San Mateo Río Hondo,Oaxaca
20254,San Mateo Río Hondo,Oaxaca
20254,San Mateo Río Hondo,Oaxaca
20255,San Mateo Sindihui,Oaxaca
20255,San Mateo Sindihui,Oaxaca
20255,San Mateo Sindihui,Oaxaca
20256,San Mateo Tlapiltepec,Oaxaca
20256,San Mateo Tlapiltepec,Oaxaca
20256,San Mateo Tlapiltepec,Oaxaca
20257,San Melchor Betaza,Oaxaca
20257,San Melchor Betaza,Oaxaca
20257,San Melchor Betaza,Oaxaca
20258,San Miguel Achiutla,Oaxaca
20258,San Miguel Achiutla,Oaxaca
20258,San Miguel Achiutla,Oaxaca
20259,San Miguel Ahuehuetitlán,Oaxaca
20259,San Miguel Ahuehuetitlán,Oaxaca
20259,San Miguel Ahuehuetitlán,Oaxaca
20260,San Miguel Aloápam,Oaxaca
20260,San Miguel Aloápam,Oaxaca
20260,San Miguel Aloápam,Oaxaca
20261,San Miguel Amatitlán,Oaxaca
20261,San Miguel Amatitlán,Oaxaca
20261,San Miguel Amatitlán,Oaxaca
20262,San Miguel Amatlán,Oaxaca
20262,San Miguel Amatlán,Oaxaca
20262,San Miguel Amatlán,Oaxaca
20263,San Miguel Coatlán,Oaxaca
20263,San Miguel Coatlán,Oaxaca
20263,San Miguel Coatlán,Oaxaca
20264,San Miguel Chicahua,Oaxaca
20264,San Miguel Chicahua,Oaxaca
20264,San Miguel Chicahua,Oaxaca
20265,San Miguel Chimalapa,Oaxaca
20265,San Miguel Chimalapa,Oaxaca
20265,San Miguel Chimalapa,Oaxaca
20266,San Miguel del Puerto,Oaxaca
20266,San Miguel del Puerto,Oaxaca
20266,San Miguel del Puerto,Oaxaca
20267,San Miguel del Río,Oaxaca
20267,San Miguel del Río,Oaxaca
20267,San Miguel del Río,Oaxaca
20268,San Miguel Ejutla,Oaxaca
20268,San Miguel Ejutla,Oaxaca
20268,San Miguel Ejutla,Oaxaca
20269,San Miguel el Grande,Oaxaca
20269,San Miguel el Grande,Oaxaca
20269,San Miguel el Grande,Oaxaca
20270,San Miguel Huautla,Oaxaca
20270,San Miguel Huautla,Oaxaca
20270,San Miguel Huautla,Oaxaca
20271,San Miguel Mixtepec,Oaxaca
20271,San Miguel Mixtepec,Oaxaca
20271,San Miguel Mixtepec,Oaxaca
20272,San Miguel Panixtlahuaca,Oaxaca
20272,San Miguel Panixtlahuaca,Oaxaca
20272,San Miguel Panixtlahuaca,Oaxaca
20273,San Miguel Peras,Oaxaca
20273,San Miguel Peras,Oaxaca
20273,San Miguel Peras,Oaxaca
20274,San Miguel Piedras,Oaxaca
20274,San Miguel Piedras,Oaxaca
20274,San Miguel Piedras,Oaxaca
20275,San Miguel Quetzaltepec,Oaxaca
20275,San Miguel Quetzaltepec,Oaxaca
20275,San Miguel Quetzaltepec,Oaxaca
20276,San Miguel Santa Flor,Oaxaca
20276,San Miguel Santa Flor,Oaxaca
20276,San Miguel Santa Flor,Oaxaca
20277,Villa Sola de Vega,Oaxaca
20277,Villa Sola de Vega,Oaxaca
20277,Villa Sola de Vega,Oaxaca
20278,San Miguel Soyaltepec,Oaxaca
20278,San Miguel Soyaltepec,Oaxaca
20278,San Miguel Soyaltepec,Oaxaca
20279,San Miguel Suchixtepec,Oaxaca
20279,San Miguel Suchixtepec,Oaxaca
20279,San Miguel Suchixtepec,Oaxaca
20280,Villa Talea de Castro,Oaxaca
20280,Villa Talea de Castro,Oaxaca
20280,Villa Talea de Castro,Oaxaca
20281,San Miguel Tecomatlán,Oaxaca
20281,San Miguel Tecomatlán,Oaxaca
20281,San Miguel Tecomatlán,Oaxaca
20282,San Miguel Tenango,Oaxaca
20282,San Miguel Tenango,Oaxaca
20282,San Miguel Tenango,Oaxaca
20283,San Miguel Tequixtepec,Oaxaca
20283,San Miguel Tequixtepec,Oaxaca
20283,San Miguel Tequixtepec,Oaxaca
20284,San Miguel Tilquiápam,Oaxaca
20284,San Miguel Tilquiápam,Oaxaca
20284,San Miguel Tilquiápam,Oaxaca
20285,San Miguel Tlacamama,Oaxaca
20285,San Miguel Tlacamama,Oaxaca
20285,San Miguel Tlacamama,Oaxaca
20286,San Miguel Tlacotepec,Oaxaca
20286,San Miguel Tlacotepec,Oaxaca
20286,San Miguel Tlacotepec,Oaxaca
20287,San Miguel Tulancingo,Oaxaca
20287,San Miguel Tulancingo,Oaxaca
20287,San Miguel Tulancingo,Oaxaca
20288,San Miguel Yotao,Oaxaca
20288,San Miguel Yotao,Oaxaca
20288,San Miguel Yotao,Oaxaca
20289,San Nicolás,Oaxaca
20289,San Nicolás,Oaxaca
20289,San Nicolás,Oaxaca
20290,San Nicolás Hidalgo,Oaxaca
20290,San Nicolás Hidalgo,Oaxaca
20290,San Nicolás Hidalgo,Oaxaca
20291,San Pablo Coatlán,Oaxaca
20291,San Pablo Coatlán,Oaxaca
20291,San Pablo Coatlán,Oaxaca
20292,San Pablo Cuatro Venados,Oaxaca
20292,San Pablo Cuatro Venados,Oaxaca
20292,San Pablo Cuatro Venados,Oaxaca
20293,San Pablo Etla,Oaxaca
20293,San Pablo Etla,Oaxaca
20293,San Pablo Etla,Oaxaca
20294,San Pablo Huitzo,Oaxaca
20294,San Pablo Huitzo,Oaxaca
20294,San Pablo Huitzo,Oaxaca
20295,San Pablo Huixtepec,Oaxaca
20295,San Pablo Huixtepec,Oaxaca
20295,San Pablo Huixtepec,Oaxaca
20296,San Pablo Macuiltianguis,Oaxaca
20296,San Pablo Macuiltianguis,Oaxaca
20296,San Pablo Macuiltianguis,Oaxaca
20297,San Pablo Tijaltepec,Oaxaca
20297,San Pablo Tijaltepec,Oaxaca
20297,San Pablo Tijaltepec,Oaxaca
20298,San Pablo Villa de Mitla,Oaxaca
20298,San Pablo Villa de Mitla,Oaxaca
20298,San Pablo Villa de Mitla,Oaxaca
20299,San Pablo Yaganiza,Oaxaca
20299,San Pablo Yaganiza,Oaxaca
20299,San Pablo Yaganiza,Oaxaca
20300,San Pedro Amuzgos,Oaxaca
20300,San Pedro Amuzgos,Oaxaca
20300,San Pedro Amuzgos,Oaxaca
20301,San Pedro Apóstol,Oaxaca
20301,San Pedro Apóstol,Oaxaca
20301,San Pedro Apóstol,Oaxaca
20302,San Pedro Atoyac,Oaxaca
20302,San Pedro Atoyac,Oaxaca
20302,San Pedro Atoyac,Oaxaca
20303,San Pedro Cajonos,Oaxaca
20303,San Pedro Cajonos,Oaxaca
20303,San Pedro Cajonos,Oaxaca
20304,San Pedro Coxcaltepec Cántaros,Oaxaca
20304,San Pedro Coxcaltepec Cántaros,Oaxaca
20304,San Pedro Coxcaltepec Cántaros,Oaxaca
20305,San Pedro Comitancillo,Oaxaca
20305,San Pedro Comitancillo,Oaxaca
20305,San Pedro Comitancillo,Oaxaca
20306,San Pedro el Alto,Oaxaca
20306,San Pedro el Alto,Oaxaca
20306,San Pedro el Alto,Oaxaca
20307,San Pedro Huamelula,Oaxaca
20307,San Pedro Huamelula,Oaxaca
20307,San Pedro Huamelula,Oaxaca
20308,San Pedro Huilotepec,Oaxaca
20308,San Pedro Huilotepec,Oaxaca
20308,San Pedro Huilotepec,Oaxaca
20309,San Pedro Ixcatlán,Oaxaca
20309,San Pedro Ixcatlán,Oaxaca
20309,San Pedro Ixcatlán,Oaxaca
20310,San Pedro Ixtlahuaca,Oaxaca
20310,San Pedro Ixtlahuaca,Oaxaca
20310,San Pedro Ixtlahuaca,Oaxaca
20311,San Pedro Jaltepetongo,Oaxaca
20311,San Pedro Jaltepetongo,Oaxaca
20311,San Pedro Jaltepetongo,Oaxaca
20312,San Pedro Jicayán,Oaxaca
20312,San Pedro Jicayán,Oaxaca
20312,San Pedro Jicayán,Oaxaca
20313,San Pedro Jocotipac,Oaxaca
20313,San Pedro Jocotipac,Oaxaca
20313,San Pedro Jocotipac,Oaxaca
20314,San Pedro Juchatengo,Oaxaca
20314,San Pedro Juchatengo,Oaxaca
20314,San Pedro Juchatengo,Oaxaca
20315,San Pedro Mártir,Oaxaca
20315,San Pedro Mártir,Oaxaca
20315,San Pedro Mártir,Oaxaca
20316,San Pedro Mártir Quiechapa,Oaxaca
20316,San Pedro Mártir Quiechapa,Oaxaca
20316,San Pedro Mártir Quiechapa,Oaxaca
20317,San Pedro Mártir Yucuxaco,Oaxaca
20317,San Pedro Mártir Yucuxaco,Oaxaca
20317,San Pedro Mártir Yucuxaco,Oaxaca
20318,San Pedro Mixtepec Distrito 22,Oaxaca
20318,San Pedro Mixtepec Distrito 22,Oaxaca
20318,San Pedro Mixtepec Distrito 22,Oaxaca
20319,San Pedro Mixtepec Distrito 26,Oaxaca
20319,San Pedro Mixtepec Distrito 26,Oaxaca
20319,San Pedro Mixtepec Distrito 26,Oaxaca
20320,San Pedro Molinos,Oaxaca
20320,San Pedro Molinos,Oaxaca
20320,San Pedro Molinos,Oaxaca
20321,San Pedro Nopala,Oaxaca
20321,San Pedro Nopala,Oaxaca
20321,San Pedro Nopala,Oaxaca
20322,San Pedro Ocopetatillo,Oaxaca
20322,San Pedro Ocopetatillo,Oaxaca
20322,San Pedro Ocopetatillo,Oaxaca
20323,San Pedro Ocotepec,Oaxaca
20323,San Pedro Ocotepec,Oaxaca
20323,San Pedro Ocotepec,Oaxaca
20324,San Pedro Pochutla,Oaxaca
20324,San Pedro Pochutla,Oaxaca
20324,San Pedro Pochutla,Oaxaca
20325,San Pedro Quiatoni,Oaxaca
20325,San Pedro Quiatoni,Oaxaca
20325,San Pedro Quiatoni,Oaxaca
20326,San Pedro Sochiápam,Oaxaca
20326,San Pedro Sochiápam,Oaxaca
20326,San Pedro Sochiápam,Oaxaca
20327,San Pedro Tapanatepec,Oaxaca
20327,San Pedro Tapanatepec,Oaxaca
20327,San Pedro Tapanatepec,Oaxaca
20328,San Pedro Taviche,Oaxaca
20328,San Pedro Taviche,Oaxaca
20328,San Pedro Taviche,Oaxaca
20329,San Pedro Teozacoalco,Oaxaca
20329,San Pedro Teozacoalco,Oaxaca
20329,San Pedro Teozacoalco,Oaxaca
20330,San Pedro Teutila,Oaxaca
20330,San Pedro Teutila,Oaxaca
20330,San Pedro Teutila,Oaxaca
20331,San Pedro Tidaá,Oaxaca
20331,San Pedro Tidaá,Oaxaca
20331,San Pedro Tidaá,Oaxaca
20332,San Pedro Topiltepec,Oaxaca
20332,San Pedro Topiltepec,Oaxaca
20332,San Pedro Topiltepec,Oaxaca
20333,San Pedro Totolápam,Oaxaca
20333,San Pedro Totolápam,Oaxaca
20333,San Pedro Totolápam,Oaxaca
20334,Villa de Tututepec,Oaxaca
20334,Villa de Tututepec,Oaxaca
20334,Villa de Tututepec,Oaxaca
20335,San Pedro Yaneri,Oaxaca
20335,San Pedro Yaneri,Oaxaca
20335,San Pedro Yaneri,Oaxaca
20336,San Pedro Yólox,Oaxaca
20336,San Pedro Yólox,Oaxaca
20336,San Pedro Yólox,Oaxaca
20337,San Pedro y San Pablo Ayutla,Oaxaca
20337,San Pedro y San Pablo Ayutla,Oaxaca
20337,San Pedro y San Pablo Ayutla,Oaxaca
20338,Villa de Etla,Oaxaca
20338,Villa de Etla,Oaxaca
20338,Villa de Etla,Oaxaca
20339,San Pedro y San Pablo Teposcolula,Oaxaca
20339,San Pedro y San Pablo Teposcolula,Oaxaca
20339,San Pedro y San Pablo Teposcolula,Oaxaca
20340,San Pedro y San Pablo Tequixtepec,Oaxaca
20340,San Pedro y San Pablo Tequixtepec,Oaxaca
20340,San Pedro y San Pablo Tequixtepec,Oaxaca
20341,San Pedro Yucunama,Oaxaca
20341,San Pedro Yucunama,Oaxaca
20341,San Pedro Yucunama,Oaxaca
20342,San Raymundo Jalpan,Oaxaca
20342,San Raymundo Jalpan,Oaxaca
20342,San Raymundo Jalpan,Oaxaca
20343,San Sebastián Abasolo,Oaxaca
20343,San Sebastián Abasolo,Oaxaca
20343,San Sebastián Abasolo,Oaxaca
20344,San Sebastián Coatlán,Oaxaca
20344,San Sebastián Coatlán,Oaxaca
20344,San Sebastián Coatlán,Oaxaca
20345,San Sebastián Ixcapa,Oaxaca
20345,San Sebastián Ixcapa,Oaxaca
20345,San Sebastián Ixcapa,Oaxaca
20346,San Sebastián Nicananduta,Oaxaca
20346,San Sebastián Nicananduta,Oaxaca
20346,San Sebastián Nicananduta,Oaxaca
20347,San Sebastián Río Hondo,Oaxaca
20347,San Sebastián Río Hondo,Oaxaca
20347,San Sebastián Río Hondo,Oaxaca
20348,San Sebastián Tecomaxtlahuaca,Oaxaca
20348,San Sebastián Tecomaxtlahuaca,Oaxaca
20348,San Sebastián Tecomaxtlahuaca,Oaxaca
20349,San Sebastián Teitipac,Oaxaca
20349,San Sebastián Teitipac,Oaxaca
20349,San Sebastián Teitipac,Oaxaca
20350,San Sebastián Tutla,Oaxaca
20350,San Sebastián Tutla,Oaxaca
20350,San Sebastián Tutla,Oaxaca
20351,San Simón Almolongas,Oaxaca
20351,San Simón Almolongas,Oaxaca
20351,San Simón Almolongas,Oaxaca
20352,San Simón Zahuatlán,Oaxaca
20352,San Simón Zahuatlán,Oaxaca
20352,San Simón Zahuatlán,Oaxaca
20353,Santa Ana,Oaxaca
20353,Santa Ana,Oaxaca
20353,Santa Ana,Oaxaca
20354,Santa Ana Ateixtlahuaca,Oaxaca
20354,Santa Ana Ateixtlahuaca,Oaxaca
20354,Santa Ana Ateixtlahuaca,Oaxaca
20355,Santa Ana Cuauhtémoc,Oaxaca
20355,Santa Ana Cuauhtémoc,Oaxaca
20355,Santa Ana Cuauhtémoc,Oaxaca
20356,Santa Ana del Valle,Oaxaca
20356,Santa Ana del Valle,Oaxaca
20356,Santa Ana del Valle,Oaxaca
20357,Santa Ana Tavela,Oaxaca
20357,Santa Ana Tavela,Oaxaca
20357,Santa Ana Tavela,Oaxaca
20358,Santa Ana Tlapacoyan,Oaxaca
20358,Santa Ana Tlapacoyan,Oaxaca
20358,Santa Ana Tlapacoyan,Oaxaca
20359,Santa Ana Yareni,Oaxaca
20359,Santa Ana Yareni,Oaxaca
20359,Santa Ana Yareni,Oaxaca
20360,Santa Ana Zegache,Oaxaca
20360,Santa Ana Zegache,Oaxaca
20360,Santa Ana Zegache,Oaxaca
20361,Santa Catalina Quierí,Oaxaca
20361,Santa Catalina Quierí,Oaxaca
20361,Santa Catalina Quierí,Oaxaca
20362,Santa Catarina Cuixtla,Oaxaca
20362,Santa Catarina Cuixtla,Oaxaca
20362,Santa Catarina Cuixtla,Oaxaca
20363,Santa Catarina Ixtepeji,Oaxaca
20363,Santa Catarina Ixtepeji,Oaxaca
20363,Santa Catarina Ixtepeji,Oaxaca
20364,Santa Catarina Juquila,Oaxaca
20364,Santa Catarina Juquila,Oaxaca
20364,Santa Catarina Juquila,Oaxaca
20365,Santa Catarina Lachatao,Oaxaca
20365,Santa Catarina Lachatao,Oaxaca
20365,Santa Catarina Lachatao,Oaxaca
20366,Santa Catarina Loxicha,Oaxaca
20366,Santa Catarina Loxicha,Oaxaca
20366,Santa Catarina Loxicha,Oaxaca
20367,Santa Catarina Mechoacán,Oaxaca
20367,Santa Catarina Mechoacán,Oaxaca
20367,Santa Catarina Mechoacán,Oaxaca
20368,Santa Catarina Minas,Oaxaca
20368,Santa Catarina Minas,Oaxaca
20368,Santa Catarina Minas,Oaxaca
20369,Santa Catarina Quiané,Oaxaca
20369,Santa Catarina Quiané,Oaxaca
20369,Santa Catarina Quiané,Oaxaca
20370,Santa Catarina Tayata,Oaxaca
20370,Santa Catarina Tayata,Oaxaca
20370,Santa Catarina Tayata,Oaxaca
20371,Santa Catarina Ticuá,Oaxaca
20371,Santa Catarina Ticuá,Oaxaca
20371,Santa Catarina Ticuá,Oaxaca
20372,Santa Catarina Yosonotú,Oaxaca
20372,Santa Catarina Yosonotú,Oaxaca
20372,Santa Catarina Yosonotú,Oaxaca
20373,Santa Catarina Zapoquila,Oaxaca
20373,Santa Catarina Zapoquila,Oaxaca
20373,Santa Catarina Zapoquila,Oaxaca
20374,Santa Cruz Acatepec,Oaxaca
20374,Santa Cruz Acatepec,Oaxaca
20374,Santa Cruz Acatepec,Oaxaca
20375,Santa Cruz Amilpas,Oaxaca
20375,Santa Cruz Amilpas,Oaxaca
20375,Santa Cruz Amilpas,Oaxaca
20376,Santa Cruz de Bravo,Oaxaca
20376,Santa Cruz de Bravo,Oaxaca
20376,Santa Cruz de Bravo,Oaxaca
20377,Santa Cruz Itundujia,Oaxaca
20377,Santa Cruz Itundujia,Oaxaca
20377,Santa Cruz Itundujia,Oaxaca
20378,Santa Cruz Mixtepec,Oaxaca
20378,Santa Cruz Mixtepec,Oaxaca
20378,Santa Cruz Mixtepec,Oaxaca
20379,Santa Cruz Nundaco,Oaxaca
20379,Santa Cruz Nundaco,Oaxaca
20379,Santa Cruz Nundaco,Oaxaca
20380,Santa Cruz Papalutla,Oaxaca
20380,Santa Cruz Papalutla,Oaxaca
20380,Santa Cruz Papalutla,Oaxaca
20381,Santa Cruz Tacache de Mina,Oaxaca
20381,Santa Cruz Tacache de Mina,Oaxaca
20381,Santa Cruz Tacache de Mina,Oaxaca
20382,Santa Cruz Tacahua,Oaxaca
20382,Santa Cruz Tacahua,Oaxaca
20382,Santa Cruz Tacahua,Oaxaca
20383,Santa Cruz Tayata,Oaxaca
20383,Santa Cruz Tayata,Oaxaca
20383,Santa Cruz Tayata,Oaxaca
20384,Santa Cruz Xitla,Oaxaca
20384,Santa Cruz Xitla,Oaxaca
20384,Santa Cruz Xitla,Oaxaca
20385,Santa Cruz Xoxocotlán,Oaxaca
20385,Santa Cruz Xoxocotlán,Oaxaca
20385,Santa Cruz Xoxocotlán,Oaxaca
20386,Santa Cruz Zenzontepec,Oaxaca
20386,Santa Cruz Zenzontepec,Oaxaca
20386,Santa Cruz Zenzontepec,Oaxaca
20387,Santa Gertrudis,Oaxaca
20387,Santa Gertrudis,Oaxaca
20387,Santa Gertrudis,Oaxaca
20388,Santa Inés del Monte,Oaxaca
20388,Santa Inés del Monte,Oaxaca
20388,Santa Inés del Monte,Oaxaca
20389,Santa Inés Yatzeche,Oaxaca
20389,Santa Inés Yatzeche,Oaxaca
20389,Santa Inés Yatzeche,Oaxaca
20390,Santa Lucía del Camino,Oaxaca
20390,Santa Lucía del Camino,Oaxaca
20390,Santa Lucía del Camino,Oaxaca
20391,Santa Lucía Miahuatlán,Oaxaca
20391,Santa Lucía Miahuatlán,Oaxaca
20391,Santa Lucía Miahuatlán,Oaxaca
20392,Santa Lucía Monteverde,Oaxaca
20392,Santa Lucía Monteverde,Oaxaca
20392,Santa Lucía Monteverde,Oaxaca
20393,Santa Lucía Ocotlán,Oaxaca
20393,Santa Lucía Ocotlán,Oaxaca
20393,Santa Lucía Ocotlán,Oaxaca
20394,Santa María Alotepec,Oaxaca
20394,Santa María Alotepec,Oaxaca
20394,Santa María Alotepec,Oaxaca
20395,Santa María Apazco,Oaxaca
20395,Santa María Apazco,Oaxaca
20395,Santa María Apazco,Oaxaca
20396,Santa María la Asunción,Oaxaca
20396,Santa María la Asunción,Oaxaca
20396,Santa María la Asunción,Oaxaca
20397,Heroica Ciudad de Tlaxiaco,Oaxaca
20397,Heroica Ciudad de Tlaxiaco,Oaxaca
20397,Heroica Ciudad de Tlaxiaco,Oaxaca
20398,Ayoquezco de Aldama,Oaxaca
20398,Ayoquezco de Aldama,Oaxaca
20398,Ayoquezco de Aldama,Oaxaca
20399,Santa María Atzompa,Oaxaca
20399,Santa María Atzompa,Oaxaca
20399,Santa María Atzompa,Oaxaca
20400,Santa María Camotlán,Oaxaca
20400,Santa María Camotlán,Oaxaca
20400,Santa María Camotlán,Oaxaca
20401,Santa María Colotepec,Oaxaca
20401,Santa María Colotepec,Oaxaca
20401,Santa María Colotepec,Oaxaca
20402,Santa María Cortijo,Oaxaca
20402,Santa María Cortijo,Oaxaca
20402,Santa María Cortijo,Oaxaca
20403,Santa María Coyotepec,Oaxaca
20403,Santa María Coyotepec,Oaxaca
20403,Santa María Coyotepec,Oaxaca
20404,Santa María Chachoápam,Oaxaca
20404,Santa María Chachoápam,Oaxaca
20404,Santa María Chachoápam,Oaxaca
20405,Villa de Chilapa de Díaz,Oaxaca
20405,Villa de Chilapa de Díaz,Oaxaca
20405,Villa de Chilapa de Díaz,Oaxaca
20406,Santa María Chilchotla,Oaxaca
20406,Santa María Chilchotla,Oaxaca
20406,Santa María Chilchotla,Oaxaca
20407,Santa María Chimalapa,Oaxaca
20407,Santa María Chimalapa,Oaxaca
20407,Santa María Chimalapa,Oaxaca
20408,Santa María del Rosario,Oaxaca
20408,Santa María del Rosario,Oaxaca
20408,Santa María del Rosario,Oaxaca
20409,Santa María del Tule,Oaxaca
20409,Santa María del Tule,Oaxaca
20409,Santa María del Tule,Oaxaca
20410,Santa María Ecatepec,Oaxaca
20410,Santa María Ecatepec,Oaxaca
20410,Santa María Ecatepec,Oaxaca
20411,Santa María Guelacé,Oaxaca
20411,Santa María Guelacé,Oaxaca
20411,Santa María Guelacé,Oaxaca
20412,Santa María Guienagati,Oaxaca
20412,Santa María Guienagati,Oaxaca
20412,Santa María Guienagati,Oaxaca
20413,Santa María Huatulco,Oaxaca
20413,Santa María Huatulco,Oaxaca
20413,Santa María Huatulco,Oaxaca
20414,Santa María Huazolotitlán,Oaxaca
20414,Santa María Huazolotitlán,Oaxaca
20414,Santa María Huazolotitlán,Oaxaca
20415,Santa María Ipalapa,Oaxaca
20415,Santa María Ipalapa,Oaxaca
20415,Santa María Ipalapa,Oaxaca
20416,Santa María Ixcatlán,Oaxaca
20416,Santa María Ixcatlán,Oaxaca
20416,Santa María Ixcatlán,Oaxaca
20417,Santa María Jacatepec,Oaxaca
20417,Santa María Jacatepec,Oaxaca
20417,Santa María Jacatepec,Oaxaca
20418,Santa María Jalapa del Marqués,Oaxaca
20418,Santa María Jalapa del Marqués,Oaxaca
20418,Santa María Jalapa del Marqués,Oaxaca
20419,Santa María Jaltianguis,Oaxaca
20419,Santa María Jaltianguis,Oaxaca
20419,Santa María Jaltianguis,Oaxaca
20420,Santa María Lachixío,Oaxaca
20420,Santa María Lachixío,Oaxaca
20420,Santa María Lachixío,Oaxaca
20421,Santa María Mixtequilla,Oaxaca
20421,Santa María Mixtequilla,Oaxaca
20421,Santa María Mixtequilla,Oaxaca
20422,Santa María Nativitas,Oaxaca
20422,Santa María Nativitas,Oaxaca
20422,Santa María Nativitas,Oaxaca
20423,Santa María Nduayaco,Oaxaca
20423,Santa María Nduayaco,Oaxaca
20423,Santa María Nduayaco,Oaxaca
20424,Santa María Ozolotepec,Oaxaca
20424,Santa María Ozolotepec,Oaxaca
20424,Santa María Ozolotepec,Oaxaca
20425,Santa María Pápalo,Oaxaca
20425,Santa María Pápalo,Oaxaca
20425,Santa María Pápalo,Oaxaca
20426,Santa María Peñoles,Oaxaca
20426,Santa María Peñoles,Oaxaca
20426,Santa María Peñoles,Oaxaca
20427,Santa María Petapa,Oaxaca
20427,Santa María Petapa,Oaxaca
20427,Santa María Petapa,Oaxaca
20428,Santa María Quiegolani,Oaxaca
20428,Santa María Quiegolani,Oaxaca
20428,Santa María Quiegolani,Oaxaca
20429,Santa María Sola,Oaxaca
20429,Santa María Sola,Oaxaca
20429,Santa María Sola,Oaxaca
20430,Santa María Tataltepec,Oaxaca
20430,Santa María Tataltepec,Oaxaca
20430,Santa María Tataltepec,Oaxaca
20431,Santa María Tecomavaca,Oaxaca
20431,Santa María Tecomavaca,Oaxaca
20431,Santa María Tecomavaca,Oaxaca
20432,Santa María Temaxcalapa,Oaxaca
20432,Santa María Temaxcalapa,Oaxaca
20432,Santa María Temaxcalapa,Oaxaca
20433,Santa María Temaxcaltepec,Oaxaca
20433,Santa María Temaxcaltepec,Oaxaca
20433,Santa María Temaxcaltepec,Oaxaca
20434,Santa María Teopoxco,Oaxaca
20434,Santa María Teopoxco,Oaxaca
20434,Santa María Teopoxco,Oaxaca
20435,Santa María Tepantlali,Oaxaca
20435,Santa María Tepantlali,Oaxaca
20435,Santa María Tepantlali,Oaxaca
20436,Santa María Texcatitlán,Oaxaca
20436,Santa María Texcatitlán,Oaxaca
20436,Santa María Texcatitlán,Oaxaca
20437,Santa María Tlahuitoltepec,Oaxaca
20437,Santa María Tlahuitoltepec,Oaxaca
20437,Santa María Tlahuitoltepec,Oaxaca
20438,Santa María Tlalixtac,Oaxaca
20438,Santa María Tlalixtac,Oaxaca
20438,Santa María Tlalixtac,Oaxaca
20439,Santa María Tonameca,Oaxaca
20439,Santa María Tonameca,Oaxaca
20439,Santa María Tonameca,Oaxaca
20440,Santa María Totolapilla,Oaxaca
20440,Santa María Totolapilla,Oaxaca
20440,Santa María Totolapilla,Oaxaca
20441,Santa María Xadani,Oaxaca
20441,Santa María Xadani,Oaxaca
20441,Santa María Xadani,Oaxaca
20442,Santa María Yalina,Oaxaca
20442,Santa María Yalina,Oaxaca
20442,Santa María Yalina,Oaxaca
20443,Santa María Yavesía,Oaxaca
20443,Santa María Yavesía,Oaxaca
20443,Santa María Yavesía,Oaxaca
20444,Santa María Yolotepec,Oaxaca
20444,Santa María Yolotepec,Oaxaca
20444,Santa María Yolotepec,Oaxaca
20445,Santa María Yosoyúa,Oaxaca
20445,Santa María Yosoyúa,Oaxaca
20445,Santa María Yosoyúa,Oaxaca
20446,Santa María Yucuhiti,Oaxaca
20446,Santa María Yucuhiti,Oaxaca
20446,Santa María Yucuhiti,Oaxaca
20447,Santa María Zacatepec,Oaxaca
20447,Santa María Zacatepec,Oaxaca
20447,Santa María Zacatepec,Oaxaca
20448,Santa María Zaniza,Oaxaca
20448,Santa María Zaniza,Oaxaca
20448,Santa María Zaniza,Oaxaca
20449,Santa María Zoquitlán,Oaxaca
20449,Santa María Zoquitlán,Oaxaca
20449,Santa María Zoquitlán,Oaxaca
20450,Santiago Amoltepec,Oaxaca
20450,Santiago Amoltepec,Oaxaca
20450,Santiago Amoltepec,Oaxaca
20451,Santiago Apoala,Oaxaca
20451,Santiago Apoala,Oaxaca
20451,Santiago Apoala,Oaxaca
20452,Santiago Apóstol,Oaxaca
20452,Santiago Apóstol,Oaxaca
20452,Santiago Apóstol,Oaxaca
20453,Santiago Astata,Oaxaca
20453,Santiago Astata,Oaxaca
20453,Santiago Astata,Oaxaca
20454,Santiago Atitlán,Oaxaca
20454,Santiago Atitlán,Oaxaca
20454,Santiago Atitlán,Oaxaca
20455,Santiago Ayuquililla,Oaxaca
20455,Santiago Ayuquililla,Oaxaca
20455,Santiago Ayuquililla,Oaxaca
20456,Santiago Cacaloxtepec,Oaxaca
20456,Santiago Cacaloxtepec,Oaxaca
20456,Santiago Cacaloxtepec,Oaxaca
20457,Santiago Camotlán,Oaxaca
20457,Santiago Camotlán,Oaxaca
20457,Santiago Camotlán,Oaxaca
20458,Santiago Comaltepec,Oaxaca
20458,Santiago Comaltepec,Oaxaca
20458,Santiago Comaltepec,Oaxaca
20459,Santiago Chazumba,Oaxaca
20459,Santiago Chazumba,Oaxaca
20459,Santiago Chazumba,Oaxaca
20460,Santiago Choápam,Oaxaca
20460,Santiago Choápam,Oaxaca
20460,Santiago Choápam,Oaxaca
20461,Santiago del Río,Oaxaca
20461,Santiago del Río,Oaxaca
20461,Santiago del Río,Oaxaca
20462,Santiago Huajolotitlán,Oaxaca
20462,Santiago Huajolotitlán,Oaxaca
20462,Santiago Huajolotitlán,Oaxaca
20463,Santiago Huauclilla,Oaxaca
20463,Santiago Huauclilla,Oaxaca
20463,Santiago Huauclilla,Oaxaca
20464,Santiago Ihuitlán Plumas,Oaxaca
20464,Santiago Ihuitlán Plumas,Oaxaca
20464,Santiago Ihuitlán Plumas,Oaxaca
20465,Santiago Ixcuintepec,Oaxaca
20465,Santiago Ixcuintepec,Oaxaca
20465,Santiago Ixcuintepec,Oaxaca
20466,Santiago Ixtayutla,Oaxaca
20466,Santiago Ixtayutla,Oaxaca
20466,Santiago Ixtayutla,Oaxaca
20467,Santiago Jamiltepec,Oaxaca
20467,Santiago Jamiltepec,Oaxaca
20467,Santiago Jamiltepec,Oaxaca
20468,Santiago Jocotepec,Oaxaca
20468,Santiago Jocotepec,Oaxaca
20468,Santiago Jocotepec,Oaxaca
20469,Santiago Juxtlahuaca,Oaxaca
20469,Santiago Juxtlahuaca,Oaxaca
20469,Santiago Juxtlahuaca,Oaxaca
20470,Santiago Lachiguiri,Oaxaca
20470,Santiago Lachiguiri,Oaxaca
20470,Santiago Lachiguiri,Oaxaca
20471,Santiago Lalopa,Oaxaca
20471,Santiago Lalopa,Oaxaca
20471,Santiago Lalopa,Oaxaca
20472,Santiago Laollaga,Oaxaca
20472,Santiago Laollaga,Oaxaca
20472,Santiago Laollaga,Oaxaca
20473,Santiago Laxopa,Oaxaca
20473,Santiago Laxopa,Oaxaca
20473,Santiago Laxopa,Oaxaca
20474,Santiago Llano Grande,Oaxaca
20474,Santiago Llano Grande,Oaxaca
20474,Santiago Llano Grande,Oaxaca
20475,Santiago Matatlán,Oaxaca
20475,Santiago Matatlán,Oaxaca
20475,Santiago Matatlán,Oaxaca
20476,Santiago Miltepec,Oaxaca
20476,Santiago Miltepec,Oaxaca
20476,Santiago Miltepec,Oaxaca
20477,Santiago Minas,Oaxaca
20477,Santiago Minas,Oaxaca
20477,Santiago Minas,Oaxaca
20478,Santiago Nacaltepec,Oaxaca
20478,Santiago Nacaltepec,Oaxaca
20478,Santiago Nacaltepec,Oaxaca
20479,Santiago Nejapilla,Oaxaca
20479,Santiago Nejapilla,Oaxaca
20479,Santiago Nejapilla,Oaxaca
20480,Santiago Nundiche,Oaxaca
20480,Santiago Nundiche,Oaxaca
20480,Santiago Nundiche,Oaxaca
20481,Santiago Nuyoó,Oaxaca
20481,Santiago Nuyoó,Oaxaca
20481,Santiago Nuyoó,Oaxaca
20482,Santiago Pinotepa Nacional,Oaxaca
20482,Santiago Pinotepa Nacional,Oaxaca
20482,Santiago Pinotepa Nacional,Oaxaca
20483,Santiago Suchilquitongo,Oaxaca
20483,Santiago Suchilquitongo,Oaxaca
20483,Santiago Suchilquitongo,Oaxaca
20484,Santiago Tamazola,Oaxaca
20484,Santiago Tamazola,Oaxaca
20484,Santiago Tamazola,Oaxaca
20485,Santiago Tapextla,Oaxaca
20485,Santiago Tapextla,Oaxaca
20485,Santiago Tapextla,Oaxaca
20486,Villa Tejúpam de la Unión,Oaxaca
20486,Villa Tejúpam de la Unión,Oaxaca
20486,Villa Tejúpam de la Unión,Oaxaca
20487,Santiago Tenango,Oaxaca
20487,Santiago Tenango,Oaxaca
20487,Santiago Tenango,Oaxaca
20488,Santiago Tepetlapa,Oaxaca
20488,Santiago Tepetlapa,Oaxaca
20488,Santiago Tepetlapa,Oaxaca
20489,Santiago Tetepec,Oaxaca
20489,Santiago Tetepec,Oaxaca
20489,Santiago Tetepec,Oaxaca
20490,Santiago Texcalcingo,Oaxaca
20490,Santiago Texcalcingo,Oaxaca
20490,Santiago Texcalcingo,Oaxaca
20491,Santiago Textitlán,Oaxaca
20491,Santiago Textitlán,Oaxaca
20491,Santiago Textitlán,Oaxaca
20492,Santiago Tilantongo,Oaxaca
20492,Santiago Tilantongo,Oaxaca
20492,Santiago Tilantongo,Oaxaca
20493,Santiago Tillo,Oaxaca
20493,Santiago Tillo,Oaxaca
20493,Santiago Tillo,Oaxaca
20494,Santiago Tlazoyaltepec,Oaxaca
20494,Santiago Tlazoyaltepec,Oaxaca
20494,Santiago Tlazoyaltepec,Oaxaca
20495,Santiago Xanica,Oaxaca
20495,Santiago Xanica,Oaxaca
20495,Santiago Xanica,Oaxaca
20496,Santiago Xiacuí,Oaxaca
20496,Santiago Xiacuí,Oaxaca
20496,Santiago Xiacuí,Oaxaca
20497,Santiago Yaitepec,Oaxaca
20497,Santiago Yaitepec,Oaxaca
20497,Santiago Yaitepec,Oaxaca
20498,Santiago Yaveo,Oaxaca
20498,Santiago Yaveo,Oaxaca
20498,Santiago Yaveo,Oaxaca
20499,Santiago Yolomécatl,Oaxaca
20499,Santiago Yolomécatl,Oaxaca
20499,Santiago Yolomécatl,Oaxaca
20500,Santiago Yosondúa,Oaxaca
20500,Santiago Yosondúa,Oaxaca
20500,Santiago Yosondúa,Oaxaca
20501,Santiago Yucuyachi,Oaxaca
20501,Santiago Yucuyachi,Oaxaca
20501,Santiago Yucuyachi,Oaxaca
20502,Santiago Zacatepec,Oaxaca
20502,Santiago Zacatepec,Oaxaca
20502,Santiago Zacatepec,Oaxaca
20503,Santiago Zoochila,Oaxaca
20503,Santiago Zoochila,Oaxaca
20503,Santiago Zoochila,Oaxaca
20504,Nuevo Zoquiápam,Oaxaca
20504,Nuevo Zoquiápam,Oaxaca
20504,Nuevo Zoquiápam,Oaxaca
20505,Santo Domingo Ingenio,Oaxaca
20505,Santo Domingo Ingenio,Oaxaca
20505,Santo Domingo Ingenio,Oaxaca
20506,Santo Domingo Albarradas,Oaxaca
20506,Santo Domingo Albarradas,Oaxaca
20506,Santo Domingo Albarradas,Oaxaca
20507,Santo Domingo Armenta,Oaxaca
20507,Santo Domingo Armenta,Oaxaca
20507,Santo Domingo Armenta,Oaxaca
20508,Santo Domingo Chihuitán,Oaxaca
20508,Santo Domingo Chihuitán,Oaxaca
20508,Santo Domingo Chihuitán,Oaxaca
20509,Santo Domingo de Morelos,Oaxaca
20509,Santo Domingo de Morelos,Oaxaca
20509,Santo Domingo de Morelos,Oaxaca
20510,Santo Domingo Ixcatlán,Oaxaca
20510,Santo Domingo Ixcatlán,Oaxaca
20510,Santo Domingo Ixcatlán,Oaxaca
20511,Santo Domingo Nuxaá,Oaxaca
20511,Santo Domingo Nuxaá,Oaxaca
20511,Santo Domingo Nuxaá,Oaxaca
20512,Santo Domingo Ozolotepec,Oaxaca
20512,Santo Domingo Ozolotepec,Oaxaca
20512,Santo Domingo Ozolotepec,Oaxaca
20513,Santo Domingo Petapa,Oaxaca
20513,Santo Domingo Petapa,Oaxaca
20513,Santo Domingo Petapa,Oaxaca
20514,Santo Domingo Roayaga,Oaxaca
20514,Santo Domingo Roayaga,Oaxaca
20514,Santo Domingo Roayaga,Oaxaca
20515,Santo Domingo Tehuantepec,Oaxaca
20515,Santo Domingo Tehuantepec,Oaxaca
20515,Santo Domingo Tehuantepec,Oaxaca
20516,Santo Domingo Teojomulco,Oaxaca
20516,Santo Domingo Teojomulco,Oaxaca
20516,Santo Domingo Teojomulco,Oaxaca
20517,Santo Domingo Tepuxtepec,Oaxaca
20517,Santo Domingo Tepuxtepec,Oaxaca
20517,Santo Domingo Tepuxtepec,Oaxaca
20518,Santo Domingo Tlatayápam,Oaxaca
20518,Santo Domingo Tlatayápam,Oaxaca
20518,Santo Domingo Tlatayápam,Oaxaca
20519,Santo Domingo Tomaltepec,Oaxaca
20519,Santo Domingo Tomaltepec,Oaxaca
20519,Santo Domingo Tomaltepec,Oaxaca
20520,Santo Domingo Tonalá,Oaxaca
20520,Santo Domingo Tonalá,Oaxaca
20520,Santo Domingo Tonalá,Oaxaca
20521,Santo Domingo Tonaltepec,Oaxaca
20521,Santo Domingo Tonaltepec,Oaxaca
20521,Santo Domingo Tonaltepec,Oaxaca
20522,Santo Domingo Xagacía,Oaxaca
20522,Santo Domingo Xagacía,Oaxaca
20522,Santo Domingo Xagacía,Oaxaca
20523,Santo Domingo Yanhuitlán,Oaxaca
20523,Santo Domingo Yanhuitlán,Oaxaca
20523,Santo Domingo Yanhuitlán,Oaxaca
20524,Santo Domingo Yodohino,Oaxaca
20524,Santo Domingo Yodohino,Oaxaca
20524,Santo Domingo Yodohino,Oaxaca
20525,Santo Domingo Zanatepec,Oaxaca
20525,Santo Domingo Zanatepec,Oaxaca
20525,Santo Domingo Zanatepec,Oaxaca
20526,Santos Reyes Nopala,Oaxaca
20526,Santos Reyes Nopala,Oaxaca
20526,Santos Reyes Nopala,Oaxaca
20527,Santos Reyes Pápalo,Oaxaca
20527,Santos Reyes Pápalo,Oaxaca
20527,Santos Reyes Pápalo,Oaxaca
20528,Santos Reyes Tepejillo,Oaxaca
20528,Santos Reyes Tepejillo,Oaxaca
20528,Santos Reyes Tepejillo,Oaxaca
20529,Santos Reyes Yucuná,Oaxaca
20529,Santos Reyes Yucuná,Oaxaca
20529,Santos Reyes Yucuná,Oaxaca
20530,Santo Tomás Jalieza,Oaxaca
20530,Santo Tomás Jalieza,Oaxaca
20530,Santo Tomás Jalieza,Oaxaca
20531,Santo Tomás Mazaltepec,Oaxaca
20531,Santo Tomás Mazaltepec,Oaxaca
20531,Santo Tomás Mazaltepec,Oaxaca
20532,Santo Tomás Ocotepec,Oaxaca
20532,Santo Tomás Ocotepec,Oaxaca
20532,Santo Tomás Ocotepec,Oaxaca
20533,Santo Tomás Tamazulapan,Oaxaca
20533,Santo Tomás Tamazulapan,Oaxaca
20533,Santo Tomás Tamazulapan,Oaxaca
20534,San Vicente Coatlán,Oaxaca
20534,San Vicente Coatlán,Oaxaca
20534,San Vicente Coatlán,Oaxaca
20535,San Vicente Lachixío,Oaxaca
20535,San Vicente Lachixío,Oaxaca
20535,San Vicente Lachixío,Oaxaca
20536,San Vicente Nuñú,Oaxaca
20536,San Vicente Nuñú,Oaxaca
20536,San Vicente Nuñú,Oaxaca
20537,Silacayoápam,Oaxaca
20537,Silacayoápam,Oaxaca
20537,Silacayoápam,Oaxaca
20538,Sitio de Xitlapehua,Oaxaca
20538,Sitio de Xitlapehua,Oaxaca
20538,Sitio de Xitlapehua,Oaxaca
20539,Soledad Etla,Oaxaca
20539,Soledad Etla,Oaxaca
20539,Soledad Etla,Oaxaca
20540,Villa de Tamazulápam del Progreso,Oaxaca
20540,Villa de Tamazulápam del Progreso,Oaxaca
20540,Villa de Tamazulápam del Progreso,Oaxaca
20541,Tanetze de Zaragoza,Oaxaca
20541,Tanetze de Zaragoza,Oaxaca
20541,Tanetze de Zaragoza,Oaxaca
20542,Taniche,Oaxaca
20542,Taniche,Oaxaca
20542,Taniche,Oaxaca
20543,Tataltepec de Valdés,Oaxaca
20543,Tataltepec de Valdés,Oaxaca
20543,Tataltepec de Valdés,Oaxaca
20544,Teococuilco de Marcos Pérez,Oaxaca
20544,Teococuilco de Marcos Pérez,Oaxaca
20544,Teococuilco de Marcos Pérez,Oaxaca
20545,Teotitlán de Flores Magón,Oaxaca
20545,Teotitlán de Flores Magón,Oaxaca
20545,Teotitlán de Flores Magón,Oaxaca
20546,Teotitlán del Valle,Oaxaca
20546,Teotitlán del Valle,Oaxaca
20546,Teotitlán del Valle,Oaxaca
20547,Teotongo,Oaxaca
20547,Teotongo,Oaxaca
20547,Teotongo,Oaxaca
20548,Tepelmeme Villa de Morelos,Oaxaca
20548,Tepelmeme Villa de Morelos,Oaxaca
20548,Tepelmeme Villa de Morelos,Oaxaca
20549,"Heroica Villa Tezoatlán de Segura y Luna, Cuna de la Independencia de Oaxaca",Oaxaca
20549,"Heroica Villa Tezoatlán de Segura y Luna, Cuna de la Independencia de Oaxaca",Oaxaca
20549,"Heroica Villa Tezoatlán de Segura y Luna, Cuna de la Independencia de Oaxaca",Oaxaca
20550,San Jerónimo Tlacochahuaya,Oaxaca
20550,San Jerónimo Tlacochahuaya,Oaxaca
20550,San Jerónimo Tlacochahuaya,Oaxaca
20551,Tlacolula de Matamoros,Oaxaca
20551,Tlacolula de Matamoros,Oaxaca
20551,Tlacolula de Matamoros,Oaxaca
20552,Tlacotepec Plumas,Oaxaca
20552,Tlacotepec Plumas,Oaxaca
20552,Tlacotepec Plumas,Oaxaca
20553,Tlalixtac de Cabrera,Oaxaca
20553,Tlalixtac de Cabrera,Oaxaca
20553,Tlalixtac de Cabrera,Oaxaca
20554,Totontepec Villa de Morelos,Oaxaca
20554,Totontepec Villa de Morelos,Oaxaca
20554,Totontepec Villa de Morelos,Oaxaca
20555,Trinidad Zaachila,Oaxaca
20555,Trinidad Zaachila,Oaxaca
20555,Trinidad Zaachila,Oaxaca
20556,La Trinidad Vista Hermosa,Oaxaca
20556,La Trinidad Vista Hermosa,Oaxaca
20556,La Trinidad Vista Hermosa,Oaxaca
20557,Unión Hidalgo,Oaxaca
20557,Unión Hidalgo,Oaxaca
20557,Unión Hidalgo,Oaxaca
20558,Valerio Trujano,Oaxaca
20558,Valerio Trujano,Oaxaca
20558,Valerio Trujano,Oaxaca
20559,San Juan Bautista Valle Nacional,Oaxaca
20559,San Juan Bautista Valle Nacional,Oaxaca
20559,San Juan Bautista Valle Nacional,Oaxaca
20560,Villa Díaz Ordaz,Oaxaca
20560,Villa Díaz Ordaz,Oaxaca
20560,Villa Díaz Ordaz,Oaxaca
20561,Yaxe,Oaxaca
20561,Yaxe,Oaxaca
20561,Yaxe,Oaxaca
20562,Magdalena Yodocono de Porfirio Díaz,Oaxaca
20562,Magdalena Yodocono de Porfirio Díaz,Oaxaca
20562,Magdalena Yodocono de Porfirio Díaz,Oaxaca
20563,Yogana,Oaxaca
20563,Yogana,Oaxaca
20563,Yogana,Oaxaca
20564,Yutanduchi de Guerrero,Oaxaca
20564,Yutanduchi de Guerrero,Oaxaca
20564,Yutanduchi de Guerrero,Oaxaca
20565,Villa de Zaachila,Oaxaca
20565,Villa de Zaachila,Oaxaca
20565,Villa de Zaachila,Oaxaca
20566,San Mateo Yucutindoo,Oaxaca
20566,San Mateo Yucutindoo,Oaxaca
20566,San Mateo Yucutindoo,Oaxaca
20567,Zapotitlán Lagunas,Oaxaca
20567,Zapotitlán Lagunas,Oaxaca
20567,Zapotitlán Lagunas,Oaxaca
20568,Zapotitlán Palmas,Oaxaca
20568,Zapotitlán Palmas,Oaxaca
20568,Zapotitlán Palmas,Oaxaca
20569,Santa Inés de Zaragoza,Oaxaca
20569,Santa Inés de Zaragoza,Oaxaca
20569,Santa Inés de Zaragoza,Oaxaca
20570,Zimatlán de Álvarez,Oaxaca
20570,Zimatlán de Álvarez,Oaxaca
20570,Zimatlán de Álvarez,Oaxaca
20999,Otros Municipios,Oaxaca
20999,Otros Municipios,Oaxaca
20999,Otros Municipios,Oaxaca
21001,Acajete,Puebla
21001,Acajete,Puebla
21001,Acajete,Puebla
21002,Acateno,Puebla
21002,Acateno,Puebla
21002,Acateno,Puebla
21003,Acatlán,Puebla
21003,Acatlán,Puebla
21003,Acatlán,Puebla
21004,Acatzingo,Puebla
21004,Acatzingo,Puebla
21004,Acatzingo,Puebla
21005,Acteopan,Puebla
21005,Acteopan,Puebla
21005,Acteopan,Puebla
21006,Ahuacatlán,Puebla
21006,Ahuacatlán,Puebla
21006,Ahuacatlán,Puebla
21007,Ahuatlán,Puebla
21007,Ahuatlán,Puebla
21007,Ahuatlán,Puebla
21008,Ahuazotepec,Puebla
21008,Ahuazotepec,Puebla
21008,Ahuazotepec,Puebla
21009,Ahuehuetitla,Puebla
21009,Ahuehuetitla,Puebla
21009,Ahuehuetitla,Puebla
21010,Ajalpan,Puebla
21010,Ajalpan,Puebla
21010,Ajalpan,Puebla
21011,Albino Zertuche,Puebla
21011,Albino Zertuche,Puebla
21011,Albino Zertuche,Puebla
21012,Aljojuca,Puebla
21012,Aljojuca,Puebla
21012,Aljojuca,Puebla
21013,Altepexi,Puebla
21013,Altepexi,Puebla
21013,Altepexi,Puebla
21014,Amixtlán,Puebla
21014,Amixtlán,Puebla
21014,Amixtlán,Puebla
21015,Amozoc,Puebla
21015,Amozoc,Puebla
21015,Amozoc,Puebla
21016,Aquixtla,Puebla
21016,Aquixtla,Puebla
21016,Aquixtla,Puebla
21017,Atempan,Puebla
21017,Atempan,Puebla
21017,Atempan,Puebla
21018,Atexcal,Puebla
21018,Atexcal,Puebla
21018,Atexcal,Puebla
21019,Atlixco,Puebla
21019,Atlixco,Puebla
21019,Atlixco,Puebla
21020,Atoyatempan,Puebla
21020,Atoyatempan,Puebla
21020,Atoyatempan,Puebla
21021,Atzala,Puebla
21021,Atzala,Puebla
21021,Atzala,Puebla
21022,Atzitzihuacán,Puebla
21022,Atzitzihuacán,Puebla
21022,Atzitzihuacán,Puebla
21023,Atzitzintla,Puebla
21023,Atzitzintla,Puebla
21023,Atzitzintla,Puebla
21024,Axutla,Puebla
21024,Axutla,Puebla
21024,Axutla,Puebla
21025,Ayotoxco de Guerrero,Puebla
21025,Ayotoxco de Guerrero,Puebla
21025,Ayotoxco de Guerrero,Puebla
21026,Calpan,Puebla
21026,Calpan,Puebla
21026,Calpan,Puebla
21027,Caltepec,Puebla
21027,Caltepec,Puebla
21027,Caltepec,Puebla
21028,Camocuautla,Puebla
21028,Camocuautla,Puebla
21028,Camocuautla,Puebla
21029,Caxhuacan,Puebla
21029,Caxhuacan,Puebla
21029,Caxhuacan,Puebla
21030,Coatepec,Puebla
21030,Coatepec,Puebla
21030,Coatepec,Puebla
21031,Coatzingo,Puebla
21031,Coatzingo,Puebla
21031,Coatzingo,Puebla
21032,Cohetzala,Puebla
21032,Cohetzala,Puebla
21032,Cohetzala,Puebla
21033,Cohuecan,Puebla
21033,Cohuecan,Puebla
21033,Cohuecan,Puebla
21034,Coronango,Puebla
21034,Coronango,Puebla
21034,Coronango,Puebla
21035,Coxcatlán,Puebla
21035,Coxcatlán,Puebla
21035,Coxcatlán,Puebla
21036,Coyomeapan,Puebla
21036,Coyomeapan,Puebla
21036,Coyomeapan,Puebla
21037,Coyotepec,Puebla
21037,Coyotepec,Puebla
21037,Coyotepec,Puebla
21038,Cuapiaxtla de Madero,Puebla
21038,Cuapiaxtla de Madero,Puebla
21038,Cuapiaxtla de Madero,Puebla
21039,Cuautempan,Puebla
21039,Cuautempan,Puebla
21039,Cuautempan,Puebla
21040,Cuautinchán,Puebla
21040,Cuautinchán,Puebla
21040,Cuautinchán,Puebla
21041,Cuautlancingo,Puebla
21041,Cuautlancingo,Puebla
21041,Cuautlancingo,Puebla
21042,Cuayuca de Andrade,Puebla
21042,Cuayuca de Andrade,Puebla
21042,Cuayuca de Andrade,Puebla
21043,Cuetzalan del Progreso,Puebla
21043,Cuetzalan del Progreso,Puebla
21043,Cuetzalan del Progreso,Puebla
21044,Cuyoaco,Puebla
21044,Cuyoaco,Puebla
21044,Cuyoaco,Puebla
21045,Chalchicomula de Sesma,Puebla
21045,Chalchicomula de Sesma,Puebla
21045,Chalchicomula de Sesma,Puebla
21046,Chapulco,Puebla
21046,Chapulco,Puebla
21046,Chapulco,Puebla
21047,Chiautla,Puebla
21047,Chiautla,Puebla
21047,Chiautla,Puebla
21048,Chiautzingo,Puebla
21048,Chiautzingo,Puebla
21048,Chiautzingo,Puebla
21049,Chiconcuautla,Puebla
21049,Chiconcuautla,Puebla
21049,Chiconcuautla,Puebla
21050,Chichiquila,Puebla
21050,Chichiquila,Puebla
21050,Chichiquila,Puebla
21051,Chietla,Puebla
21051,Chietla,Puebla
21051,Chietla,Puebla
21052,Chigmecatitlán,Puebla
21052,Chigmecatitlán,Puebla
21052,Chigmecatitlán,Puebla
21053,Chignahuapan,Puebla
21053,Chignahuapan,Puebla
21053,Chignahuapan,Puebla
21054,Chignautla,Puebla
21054,Chignautla,Puebla
21054,Chignautla,Puebla
21055,Chila,Puebla
21055,Chila,Puebla
21055,Chila,Puebla
21056,Chila de la Sal,Puebla
21056,Chila de la Sal,Puebla
21056,Chila de la Sal,Puebla
21057,Honey,Puebla
21057,Honey,Puebla
21057,Honey,Puebla
21058,Chilchotla,Puebla
21058,Chilchotla,Puebla
21058,Chilchotla,Puebla
21059,Chinantla,Puebla
21059,Chinantla,Puebla
21059,Chinantla,Puebla
21060,Domingo Arenas,Puebla
21060,Domingo Arenas,Puebla
21060,Domingo Arenas,Puebla
21061,Eloxochitlán,Puebla
21061,Eloxochitlán,Puebla
21061,Eloxochitlán,Puebla
21062,Epatlán,Puebla
21062,Epatlán,Puebla
21062,Epatlán,Puebla
21063,Esperanza,Puebla
21063,Esperanza,Puebla
21063,Esperanza,Puebla
21064,Francisco Z. Mena,Puebla
21064,Francisco Z. Mena,Puebla
21064,Francisco Z. Mena,Puebla
21065,General Felipe Ángeles,Puebla
21065,General Felipe Ángeles,Puebla
21065,General Felipe Ángeles,Puebla
21066,Guadalupe,Puebla
21066,Guadalupe,Puebla
21066,Guadalupe,Puebla
21067,Guadalupe Victoria,Puebla
21067,Guadalupe Victoria,Puebla
21067,Guadalupe Victoria,Puebla
21068,Hermenegildo Galeana,Puebla
21068,Hermenegildo Galeana,Puebla
21068,Hermenegildo Galeana,Puebla
21069,Huaquechula,Puebla
21069,Huaquechula,Puebla
21069,Huaquechula,Puebla
21070,Huatlatlauca,Puebla
21070,Huatlatlauca,Puebla
21070,Huatlatlauca,Puebla
21071,Huauchinango,Puebla
21071,Huauchinango,Puebla
21071,Huauchinango,Puebla
21072,Huehuetla,Puebla
21072,Huehuetla,Puebla
21072,Huehuetla,Puebla
21073,Huehuetlán el Chico,Puebla
21073,Huehuetlán el Chico,Puebla
21073,Huehuetlán el Chico,Puebla
21074,Huejotzingo,Puebla
21074,Huejotzingo,Puebla
21074,Huejotzingo,Puebla
21075,Hueyapan,Puebla
21075,Hueyapan,Puebla
21075,Hueyapan,Puebla
21076,Hueytamalco,Puebla
21076,Hueytamalco,Puebla
21076,Hueytamalco,Puebla
21077,Hueytlalpan,Puebla
21077,Hueytlalpan,Puebla
21077,Hueytlalpan,Puebla
21078,Huitzilan de Serdán,Puebla
21078,Huitzilan de Serdán,Puebla
21078,Huitzilan de Serdán,Puebla
21079,Huitziltepec,Puebla
21079,Huitziltepec,Puebla
21079,Huitziltepec,Puebla
21080,Atlequizayan,Puebla
21080,Atlequizayan,Puebla
21080,Atlequizayan,Puebla
21081,Ixcamilpa de Guerrero,Puebla
21081,Ixcamilpa de Guerrero,Puebla
21081,Ixcamilpa de Guerrero,Puebla
21082,Ixcaquixtla,Puebla
21082,Ixcaquixtla,Puebla
21082,Ixcaquixtla,Puebla
21083,Ixtacamaxtitlán,Puebla
21083,Ixtacamaxtitlán,Puebla
21083,Ixtacamaxtitlán,Puebla
21084,Ixtepec,Puebla
21084,Ixtepec,Puebla
21084,Ixtepec,Puebla
21085,Izúcar de Matamoros,Puebla
21085,Izúcar de Matamoros,Puebla
21085,Izúcar de Matamoros,Puebla
21086,Jalpan,Puebla
21086,Jalpan,Puebla
21086,Jalpan,Puebla
21087,Jolalpan,Puebla
21087,Jolalpan,Puebla
21087,Jolalpan,Puebla
21088,Jonotla,Puebla
21088,Jonotla,Puebla
21088,Jonotla,Puebla
21089,Jopala,Puebla
21089,Jopala,Puebla
21089,Jopala,Puebla
21090,Juan C. Bonilla,Puebla
21090,Juan C. Bonilla,Puebla
21090,Juan C. Bonilla,Puebla
21091,Juan Galindo,Puebla
21091,Juan Galindo,Puebla
21091,Juan Galindo,Puebla
21092,Juan N. Méndez,Puebla
21092,Juan N. Méndez,Puebla
21092,Juan N. Méndez,Puebla
21093,Lafragua,Puebla
21093,Lafragua,Puebla
21093,Lafragua,Puebla
21094,Libres,Puebla
21094,Libres,Puebla
21094,Libres,Puebla
21095,La Magdalena Tlatlauquitepec,Puebla
21095,La Magdalena Tlatlauquitepec,Puebla
21095,La Magdalena Tlatlauquitepec,Puebla
21096,Mazapiltepec de Juárez,Puebla
21096,Mazapiltepec de Juárez,Puebla
21096,Mazapiltepec de Juárez,Puebla
21097,Mixtla,Puebla
21097,Mixtla,Puebla
21097,Mixtla,Puebla
21098,Molcaxac,Puebla
21098,Molcaxac,Puebla
21098,Molcaxac,Puebla
21099,Cañada Morelos,Puebla
21099,Cañada Morelos,Puebla
21099,Cañada Morelos,Puebla
21100,Naupan,Puebla
21100,Naupan,Puebla
21100,Naupan,Puebla
21101,Nauzontla,Puebla
21101,Nauzontla,Puebla
21101,Nauzontla,Puebla
21102,Nealtican,Puebla
21102,Nealtican,Puebla
21102,Nealtican,Puebla
21103,Nicolás Bravo,Puebla
21103,Nicolás Bravo,Puebla
21103,Nicolás Bravo,Puebla
21104,Nopalucan,Puebla
21104,Nopalucan,Puebla
21104,Nopalucan,Puebla
21105,Ocotepec,Puebla
21105,Ocotepec,Puebla
21105,Ocotepec,Puebla
21106,Ocoyucan,Puebla
21106,Ocoyucan,Puebla
21106,Ocoyucan,Puebla
21107,Olintla,Puebla
21107,Olintla,Puebla
21107,Olintla,Puebla
21108,Oriental,Puebla
21108,Oriental,Puebla
21108,Oriental,Puebla
21109,Pahuatlán,Puebla
21109,Pahuatlán,Puebla
21109,Pahuatlán,Puebla
21110,Palmar de Bravo,Puebla
21110,Palmar de Bravo,Puebla
21110,Palmar de Bravo,Puebla
21111,Pantepec,Puebla
21111,Pantepec,Puebla
21111,Pantepec,Puebla
21112,Petlalcingo,Puebla
21112,Petlalcingo,Puebla
21112,Petlalcingo,Puebla
21113,Piaxtla,Puebla
21113,Piaxtla,Puebla
21113,Piaxtla,Puebla
21114,Puebla,Puebla
21114,Puebla,Puebla
21114,Puebla,Puebla
21115,Quecholac,Puebla
21115,Quecholac,Puebla
21115,Quecholac,Puebla
21116,Quimixtlán,Puebla
21116,Quimixtlán,Puebla
21116,Quimixtlán,Puebla
21117,Rafael Lara Grajales,Puebla
21117,Rafael Lara Grajales,Puebla
21117,Rafael Lara Grajales,Puebla
21118,Los Reyes de Juárez,Puebla
21118,Los Reyes de Juárez,Puebla
21118,Los Reyes de Juárez,Puebla
21119,San Andrés Cholula,Puebla
21119,San Andrés Cholula,Puebla
21119,San Andrés Cholula,Puebla
21120,San Antonio Cañada,Puebla
21120,San Antonio Cañada,Puebla
21120,San Antonio Cañada,Puebla
21121,San Diego la Mesa Tochimiltzingo,Puebla
21121,San Diego la Mesa Tochimiltzingo,Puebla
21121,San Diego la Mesa Tochimiltzingo,Puebla
21122,San Felipe Teotlalcingo,Puebla
21122,San Felipe Teotlalcingo,Puebla
21122,San Felipe Teotlalcingo,Puebla
21123,San Felipe Tepatlán,Puebla
21123,San Felipe Tepatlán,Puebla
21123,San Felipe Tepatlán,Puebla
21124,San Gabriel Chilac,Puebla
21124,San Gabriel Chilac,Puebla
21124,San Gabriel Chilac,Puebla
21125,San Gregorio Atzompa,Puebla
21125,San Gregorio Atzompa,Puebla
21125,San Gregorio Atzompa,Puebla
21126,San Jerónimo Tecuanipan,Puebla
21126,San Jerónimo Tecuanipan,Puebla
21126,San Jerónimo Tecuanipan,Puebla
21127,San Jerónimo Xayacatlán,Puebla
21127,San Jerónimo Xayacatlán,Puebla
21127,San Jerónimo Xayacatlán,Puebla
21128,San José Chiapa,Puebla
21128,San José Chiapa,Puebla
21128,San José Chiapa,Puebla
21129,San José Miahuatlán,Puebla
21129,San José Miahuatlán,Puebla
21129,San José Miahuatlán,Puebla
21130,San Juan Atenco,Puebla
21130,San Juan Atenco,Puebla
21130,San Juan Atenco,Puebla
21131,San Juan Atzompa,Puebla
21131,San Juan Atzompa,Puebla
21131,San Juan Atzompa,Puebla
21132,San Martín Texmelucan,Puebla
21132,San Martín Texmelucan,Puebla
21132,San Martín Texmelucan,Puebla
21133,San Martín Totoltepec,Puebla
21133,San Martín Totoltepec,Puebla
21133,San Martín Totoltepec,Puebla
21134,San Matías Tlalancaleca,Puebla
21134,San Matías Tlalancaleca,Puebla
21134,San Matías Tlalancaleca,Puebla
21135,San Miguel Ixitlán,Puebla
21135,San Miguel Ixitlán,Puebla
21135,San Miguel Ixitlán,Puebla
21136,San Miguel Xoxtla,Puebla
21136,San Miguel Xoxtla,Puebla
21136,San Miguel Xoxtla,Puebla
21137,San Nicolás Buenos Aires,Puebla
21137,San Nicolás Buenos Aires,Puebla
21137,San Nicolás Buenos Aires,Puebla
21138,San Nicolás de los Ranchos,Puebla
21138,San Nicolás de los Ranchos,Puebla
21138,San Nicolás de los Ranchos,Puebla
21139,San Pablo Anicano,Puebla
21139,San Pablo Anicano,Puebla
21139,San Pablo Anicano,Puebla
21140,San Pedro Cholula,Puebla
21140,San Pedro Cholula,Puebla
21140,San Pedro Cholula,Puebla
21141,San Pedro Yeloixtlahuaca,Puebla
21141,San Pedro Yeloixtlahuaca,Puebla
21141,San Pedro Yeloixtlahuaca,Puebla
21142,San Salvador el Seco,Puebla
21142,San Salvador el Seco,Puebla
21142,San Salvador el Seco,Puebla
21143,San Salvador el Verde,Puebla
21143,San Salvador el Verde,Puebla
21143,San Salvador el Verde,Puebla
21144,San Salvador Huixcolotla,Puebla
21144,San Salvador Huixcolotla,Puebla
21144,San Salvador Huixcolotla,Puebla
21145,San Sebastián Tlacotepec,Puebla
21145,San Sebastián Tlacotepec,Puebla
21145,San Sebastián Tlacotepec,Puebla
21146,Santa Catarina Tlaltempan,Puebla
21146,Santa Catarina Tlaltempan,Puebla
21146,Santa Catarina Tlaltempan,Puebla
21147,Santa Inés Ahuatempan,Puebla
21147,Santa Inés Ahuatempan,Puebla
21147,Santa Inés Ahuatempan,Puebla
21148,Santa Isabel Cholula,Puebla
21148,Santa Isabel Cholula,Puebla
21148,Santa Isabel Cholula,Puebla
21149,Santiago Miahuatlán,Puebla
21149,Santiago Miahuatlán,Puebla
21149,Santiago Miahuatlán,Puebla
21150,Huehuetlán el Grande,Puebla
21150,Huehuetlán el Grande,Puebla
21150,Huehuetlán el Grande,Puebla
21151,Santo Tomás Hueyotlipan,Puebla
21151,Santo Tomás Hueyotlipan,Puebla
21151,Santo Tomás Hueyotlipan,Puebla
21152,Soltepec,Puebla
21152,Soltepec,Puebla
21152,Soltepec,Puebla
21153,Tecali de Herrera,Puebla
21153,Tecali de Herrera,Puebla
21153,Tecali de Herrera,Puebla
21154,Tecamachalco,Puebla
21154,Tecamachalco,Puebla
21154,Tecamachalco,Puebla
21155,Tecomatlán,Puebla
21155,Tecomatlán,Puebla
21155,Tecomatlán,Puebla
21156,Tehuacán,Puebla
21156,Tehuacán,Puebla
21156,Tehuacán,Puebla
21157,Tehuitzingo,Puebla
21157,Tehuitzingo,Puebla
21157,Tehuitzingo,Puebla
21158,Tenampulco,Puebla
21158,Tenampulco,Puebla
21158,Tenampulco,Puebla
21159,Teopantlán,Puebla
21159,Teopantlán,Puebla
21159,Teopantlán,Puebla
21160,Teotlalco,Puebla
21160,Teotlalco,Puebla
21160,Teotlalco,Puebla
21161,Tepanco de López,Puebla
21161,Tepanco de López,Puebla
21161,Tepanco de López,Puebla
21162,Tepango de Rodríguez,Puebla
21162,Tepango de Rodríguez,Puebla
21162,Tepango de Rodríguez,Puebla
21163,Tepatlaxco de Hidalgo,Puebla
21163,Tepatlaxco de Hidalgo,Puebla
21163,Tepatlaxco de Hidalgo,Puebla
21164,Tepeaca,Puebla
21164,Tepeaca,Puebla
21164,Tepeaca,Puebla
21165,Tepemaxalco,Puebla
21165,Tepemaxalco,Puebla
21165,Tepemaxalco,Puebla
21166,Tepeojuma,Puebla
21166,Tepeojuma,Puebla
21166,Tepeojuma,Puebla
21167,Tepetzintla,Puebla
21167,Tepetzintla,Puebla
21167,Tepetzintla,Puebla
21168,Tepexco,Puebla
21168,Tepexco,Puebla
21168,Tepexco,Puebla
21169,Tepexi de Rodríguez,Puebla
21169,Tepexi de Rodríguez,Puebla
21169,Tepexi de Rodríguez,Puebla
21170,Tepeyahualco,Puebla
21170,Tepeyahualco,Puebla
21170,Tepeyahualco,Puebla
21171,Tepeyahualco de Cuauhtémoc,Puebla
21171,Tepeyahualco de Cuauhtémoc,Puebla
21171,Tepeyahualco de Cuauhtémoc,Puebla
21172,Tetela de Ocampo,Puebla
21172,Tetela de Ocampo,Puebla
21172,Tetela de Ocampo,Puebla
21173,Teteles de Avila Castillo,Puebla
21173,Teteles de Avila Castillo,Puebla
21173,Teteles de Avila Castillo,Puebla
21174,Teziutlán,Puebla
21174,Teziutlán,Puebla
21174,Teziutlán,Puebla
21175,Tianguismanalco,Puebla
21175,Tianguismanalco,Puebla
21175,Tianguismanalco,Puebla
21176,Tilapa,Puebla
21176,Tilapa,Puebla
21176,Tilapa,Puebla
21177,Tlacotepec de Benito Juárez,Puebla
21177,Tlacotepec de Benito Juárez,Puebla
21177,Tlacotepec de Benito Juárez,Puebla
21178,Tlacuilotepec,Puebla
21178,Tlacuilotepec,Puebla
21178,Tlacuilotepec,Puebla
21179,Tlachichuca,Puebla
21179,Tlachichuca,Puebla
21179,Tlachichuca,Puebla
21180,Tlahuapan,Puebla
21180,Tlahuapan,Puebla
21180,Tlahuapan,Puebla
21181,Tlaltenango,Puebla
21181,Tlaltenango,Puebla
21181,Tlaltenango,Puebla
21182,Tlanepantla,Puebla
21182,Tlanepantla,Puebla
21182,Tlanepantla,Puebla
21183,Tlaola,Puebla
21183,Tlaola,Puebla
21183,Tlaola,Puebla
21184,Tlapacoya,Puebla
21184,Tlapacoya,Puebla
21184,Tlapacoya,Puebla
21185,Tlapanalá,Puebla
21185,Tlapanalá,Puebla
21185,Tlapanalá,Puebla
21186,Tlatlauquitepec,Puebla
21186,Tlatlauquitepec,Puebla
21186,Tlatlauquitepec,Puebla
21187,Tlaxco,Puebla
21187,Tlaxco,Puebla
21187,Tlaxco,Puebla
21188,Tochimilco,Puebla
21188,Tochimilco,Puebla
21188,Tochimilco,Puebla
21189,Tochtepec,Puebla
21189,Tochtepec,Puebla
21189,Tochtepec,Puebla
21190,Totoltepec de Guerrero,Puebla
21190,Totoltepec de Guerrero,Puebla
21190,Totoltepec de Guerrero,Puebla
21191,Tulcingo,Puebla
21191,Tulcingo,Puebla
21191,Tulcingo,Puebla
21192,Tuzamapan de Galeana,Puebla
21192,Tuzamapan de Galeana,Puebla
21192,Tuzamapan de Galeana,Puebla
21193,Tzicatlacoyan,Puebla
21193,Tzicatlacoyan,Puebla
21193,Tzicatlacoyan,Puebla
21194,Venustiano Carranza,Puebla
21194,Venustiano Carranza,Puebla
21194,Venustiano Carranza,Puebla
21195,Vicente Guerrero,Puebla
21195,Vicente Guerrero,Puebla
21195,Vicente Guerrero,Puebla
21196,Xayacatlán de Bravo,Puebla
21196,Xayacatlán de Bravo,Puebla
21196,Xayacatlán de Bravo,Puebla
21197,Xicotepec,Puebla
21197,Xicotepec,Puebla
21197,Xicotepec,Puebla
21198,Xicotlán,Puebla
21198,Xicotlán,Puebla
21198,Xicotlán,Puebla
21199,Xiutetelco,Puebla
21199,Xiutetelco,Puebla
21199,Xiutetelco,Puebla
21200,Xochiapulco,Puebla
21200,Xochiapulco,Puebla
21200,Xochiapulco,Puebla
21201,Xochiltepec,Puebla
21201,Xochiltepec,Puebla
21201,Xochiltepec,Puebla
21202,Xochitlán de Vicente Suárez,Puebla
21202,Xochitlán de Vicente Suárez,Puebla
21202,Xochitlán de Vicente Suárez,Puebla
21203,Xochitlán Todos Santos,Puebla
21203,Xochitlán Todos Santos,Puebla
21203,Xochitlán Todos Santos,Puebla
21204,Yaonáhuac,Puebla
21204,Yaonáhuac,Puebla
21204,Yaonáhuac,Puebla
21205,Yehualtepec,Puebla
21205,Yehualtepec,Puebla
21205,Yehualtepec,Puebla
21206,Zacapala,Puebla
21206,Zacapala,Puebla
21206,Zacapala,Puebla
21207,Zacapoaxtla,Puebla
21207,Zacapoaxtla,Puebla
21207,Zacapoaxtla,Puebla
21208,Zacatlán,Puebla
21208,Zacatlán,Puebla
21208,Zacatlán,Puebla
21209,Zapotitlán,Puebla
21209,Zapotitlán,Puebla
21209,Zapotitlán,Puebla
21210,Zapotitlán de Méndez,Puebla
21210,Zapotitlán de Méndez,Puebla
21210,Zapotitlán de Méndez,Puebla
21211,Zaragoza,Puebla
21211,Zaragoza,Puebla
21211,Zaragoza,Puebla
21212,Zautla,Puebla
21212,Zautla,Puebla
21212,Zautla,Puebla
21213,Zihuateutla,Puebla
21213,Zihuateutla,Puebla
21213,Zihuateutla,Puebla
21214,Zinacatepec,Puebla
21214,Zinacatepec,Puebla
21214,Zinacatepec,Puebla
21215,Zongozotla,Puebla
21215,Zongozotla,Puebla
21215,Zongozotla,Puebla
21216,Zoquiapan,Puebla
21216,Zoquiapan,Puebla
21216,Zoquiapan,Puebla
21217,Zoquitlán,Puebla
21217,Zoquitlán,Puebla
21217,Zoquitlán,Puebla
22001,Amealco de Bonfil,Querétaro
22001,Amealco de Bonfil,Querétaro
22001,Amealco de Bonfil,Querétaro
22002,Pinal de Amoles,Querétaro
22002,Pinal de Amoles,Querétaro
22002,Pinal de Amoles,Querétaro
22003,Arroyo Seco,Querétaro
22003,Arroyo Seco,Querétaro
22003,Arroyo Seco,Querétaro
22004,Cadereyta de Montes,Querétaro
22004,Cadereyta de Montes,Querétaro
22004,Cadereyta de Montes,Querétaro
22005,Colón,Querétaro
22005,Colón,Querétaro
22005,Colón,Querétaro
22006,Corregidora,Querétaro
22006,Corregidora,Querétaro
22006,Corregidora,Querétaro
22007,Ezequiel Montes,Querétaro
22007,Ezequiel Montes,Querétaro
22007,Ezequiel Montes,Querétaro
22008,Huimilpan,Querétaro
22008,Huimilpan,Querétaro
22008,Huimilpan,Querétaro
22009,Jalpan de Serra,Querétaro
22009,Jalpan de Serra,Querétaro
22009,Jalpan de Serra,Querétaro
22010,Landa de Matamoros,Querétaro
22010,Landa de Matamoros,Querétaro
22010,Landa de Matamoros,Querétaro
22011,El Marqués,Querétaro
22011,El Marqués,Querétaro
22011,El Marqués,Querétaro
22012,Pedro Escobedo,Querétaro
22012,Pedro Escobedo,Querétaro
22012,Pedro Escobedo,Querétaro
22013,Peñamiller,Querétaro
22013,Peñamiller,Querétaro
22013,Peñamiller,Querétaro
22014,Querétaro,Querétaro
22014,Querétaro,Querétaro
22014,Querétaro,Querétaro
22015,San Joaquín,Querétaro
22015,San Joaquín,Querétaro
22015,San Joaquín,Querétaro
22016,San Juan del Río,Querétaro
22016,San Juan del Río,Querétaro
22016,San Juan del Río,Querétaro
22017,Tequisquiapan,Querétaro
22017,Tequisquiapan,Querétaro
22017,Tequisquiapan,Querétaro
22018,Tolimán,Querétaro
22018,Tolimán,Querétaro
22018,Tolimán,Querétaro
22998,No Especificado,Querétaro
22998,No Especificado,Querétaro
22998,No Especificado,Querétaro
23001,Cozumel,Quintana Roo
23001,Cozumel,Quintana Roo
23001,Cozumel,Quintana Roo
23002,Felipe Carrillo Puerto,Quintana Roo
23002,Felipe Carrillo Puerto,Quintana Roo
23002,Felipe Carrillo Puerto,Quintana Roo
23003,Isla Mujeres,Quintana Roo
23003,Isla Mujeres,Quintana Roo
23003,Isla Mujeres,Quintana Roo
23004,Othón P. Blanco,Quintana Roo
23004,Othón P. Blanco,Quintana Roo
23004,Othón P. Blanco,Quintana Roo
23005,Benito Juárez,Quintana Roo
23005,Benito Juárez,Quintana Roo
23005,Benito Juárez,Quintana Roo
23006,José María Morelos,Quintana Roo
23006,José María Morelos,Quintana Roo
23006,José María Morelos,Quintana Roo
23007,Lázaro Cárdenas,Quintana Roo
23007,Lázaro Cárdenas,Quintana Roo
23007,Lázaro Cárdenas,Quintana Roo
23008,Solidaridad,Quintana Roo
23008,Solidaridad,Quintana Roo
23008,Solidaridad,Quintana Roo
23009,Tulum,Quintana Roo
23009,Tulum,Quintana Roo
23009,Tulum,Quintana Roo
23010,Bacalar,Quintana Roo
23010,Bacalar,Quintana Roo
23010,Bacalar,Quintana Roo
23011,Puerto Morelos,Quintana Roo
23011,Puerto Morelos,Quintana Roo
23011,Puerto Morelos,Quintana Roo
24001,Ahualulco,San Luis Potosí
24001,Ahualulco,San Luis Potosí
24001,Ahualulco,San Luis Potosí
24002,Alaquines,San Luis Potosí
24002,Alaquines,San Luis Potosí
24002,Alaquines,San Luis Potosí
24003,Aquismón,San Luis Potosí
24003,Aquismón,San Luis Potosí
24003,Aquismón,San Luis Potosí
24004,Armadillo de los Infante,San Luis Potosí
24004,Armadillo de los Infante,San Luis Potosí
24004,Armadillo de los Infante,San Luis Potosí
24005,Cárdenas,San Luis Potosí
24005,Cárdenas,San Luis Potosí
24005,Cárdenas,San Luis Potosí
24006,Catorce,San Luis Potosí
24006,Catorce,San Luis Potosí
24006,Catorce,San Luis Potosí
24007,Cedral,San Luis Potosí
24007,Cedral,San Luis Potosí
24007,Cedral,San Luis Potosí
24008,Cerritos,San Luis Potosí
24008,Cerritos,San Luis Potosí
24008,Cerritos,San Luis Potosí
24009,Cerro de San Pedro,San Luis Potosí
24009,Cerro de San Pedro,San Luis Potosí
24009,Cerro de San Pedro,San Luis Potosí
24010,Ciudad del Maíz,San Luis Potosí
24010,Ciudad del Maíz,San Luis Potosí
24010,Ciudad del Maíz,San Luis Potosí
24011,Ciudad Fernández,San Luis Potosí
24011,Ciudad Fernández,San Luis Potosí
24011,Ciudad Fernández,San Luis Potosí
24012,Tancanhuitz,San Luis Potosí
24012,Tancanhuitz,San Luis Potosí
24012,Tancanhuitz,San Luis Potosí
24013,Ciudad Valles,San Luis Potosí
24013,Ciudad Valles,San Luis Potosí
24013,Ciudad Valles,San Luis Potosí
24014,Coxcatlán,San Luis Potosí
24014,Coxcatlán,San Luis Potosí
24014,Coxcatlán,San Luis Potosí
24015,Charcas,San Luis Potosí
24015,Charcas,San Luis Potosí
24015,Charcas,San Luis Potosí
24016,Ebano,San Luis Potosí
24016,Ebano,San Luis Potosí
24016,Ebano,San Luis Potosí
24017,Guadalcázar,San Luis Potosí
24017,Guadalcázar,San Luis Potosí
24017,Guadalcázar,San Luis Potosí
24018,Huehuetlán,San Luis Potosí
24018,Huehuetlán,San Luis Potosí
24018,Huehuetlán,San Luis Potosí
24019,Lagunillas,San Luis Potosí
24019,Lagunillas,San Luis Potosí
24019,Lagunillas,San Luis Potosí
24020,Matehuala,San Luis Potosí
24020,Matehuala,San Luis Potosí
24020,Matehuala,San Luis Potosí
24021,Mexquitic de Carmona,San Luis Potosí
24021,Mexquitic de Carmona,San Luis Potosí
24021,Mexquitic de Carmona,San Luis Potosí
24022,Moctezuma,San Luis Potosí
24022,Moctezuma,San Luis Potosí
24022,Moctezuma,San Luis Potosí
24023,Rayón,San Luis Potosí
24023,Rayón,San Luis Potosí
24023,Rayón,San Luis Potosí
24024,Rioverde,San Luis Potosí
24024,Rioverde,San Luis Potosí
24024,Rioverde,San Luis Potosí
24025,Salinas,San Luis Potosí
24025,Salinas,San Luis Potosí
24025,Salinas,San Luis Potosí
24026,San Antonio,San Luis Potosí
24026,San Antonio,San Luis Potosí
24026,San Antonio,San Luis Potosí
24027,San Ciro de Acosta,San Luis Potosí
24027,San Ciro de Acosta,San Luis Potosí
24027,San Ciro de Acosta,San Luis Potosí
24028,San Luis Potosí,San Luis Potosí
24028,San Luis Potosí,San Luis Potosí
24028,San Luis Potosí,San Luis Potosí
24029,San Martín Chalchicuautla,San Luis Potosí
24029,San Martín Chalchicuautla,San Luis Potosí
24029,San Martín Chalchicuautla,San Luis Potosí
24030,San Nicolás Tolentino,San Luis Potosí
24030,San Nicolás Tolentino,San Luis Potosí
24030,San Nicolás Tolentino,San Luis Potosí
24031,Santa Catarina,San Luis Potosí
24031,Santa Catarina,San Luis Potosí
24031,Santa Catarina,San Luis Potosí
24032,Santa María del Río,San Luis Potosí
24032,Santa María del Río,San Luis Potosí
24032,Santa María del Río,San Luis Potosí
24033,Santo Domingo,San Luis Potosí
24033,Santo Domingo,San Luis Potosí
24033,Santo Domingo,San Luis Potosí
24034,San Vicente Tancuayalab,San Luis Potosí
24034,San Vicente Tancuayalab,San Luis Potosí
24034,San Vicente Tancuayalab,San Luis Potosí
24035,Soledad de Graciano Sánchez,San Luis Potosí
24035,Soledad de Graciano Sánchez,San Luis Potosí
24035,Soledad de Graciano Sánchez,San Luis Potosí
24036,Tamasopo,San Luis Potosí
24036,Tamasopo,San Luis Potosí
24036,Tamasopo,San Luis Potosí
24037,Tamazunchale,San Luis Potosí
24037,Tamazunchale,San Luis Potosí
24037,Tamazunchale,San Luis Potosí
24038,Tampacán,San Luis Potosí
24038,Tampacán,San Luis Potosí
24038,Tampacán,San Luis Potosí
24039,Tampamolón Corona,San Luis Potosí
24039,Tampamolón Corona,San Luis Potosí
24039,Tampamolón Corona,San Luis Potosí
24040,Tamuín,San Luis Potosí
24040,Tamuín,San Luis Potosí
24040,Tamuín,San Luis Potosí
24041,Tanlajás,San Luis Potosí
24041,Tanlajás,San Luis Potosí
24041,Tanlajás,San Luis Potosí
24042,Tanquián de Escobedo,San Luis Potosí
24042,Tanquián de Escobedo,San Luis Potosí
24042,Tanquián de Escobedo,San Luis Potosí
24043,Tierra Nueva,San Luis Potosí
24043,Tierra Nueva,San Luis Potosí
24043,Tierra Nueva,San Luis Potosí
24044,Vanegas,San Luis Potosí
24044,Vanegas,San Luis Potosí
24044,Vanegas,San Luis Potosí
24045,Venado,San Luis Potosí
24045,Venado,San Luis Potosí
24045,Venado,San Luis Potosí
24046,Villa de Arriaga,San Luis Potosí
24046,Villa de Arriaga,San Luis Potosí
24046,Villa de Arriaga,San Luis Potosí
24047,Villa de Guadalupe,San Luis Potosí
24047,Villa de Guadalupe,San Luis Potosí
24047,Villa de Guadalupe,San Luis Potosí
24048,Villa de la Paz,San Luis Potosí
24048,Villa de la Paz,San Luis Potosí
24048,Villa de la Paz,San Luis Potosí
24049,Villa de Ramos,San Luis Potosí
24049,Villa de Ramos,San Luis Potosí
24049,Villa de Ramos,San Luis Potosí
24050,Villa de Reyes,San Luis Potosí
24050,Villa de Reyes,San Luis Potosí
24050,Villa de Reyes,San Luis Potosí
24051,Villa Hidalgo,San Luis Potosí
24051,Villa Hidalgo,San Luis Potosí
24051,Villa Hidalgo,San Luis Potosí
24052,Villa Juárez,San Luis Potosí
24052,Villa Juárez,San Luis Potosí
24052,Villa Juárez,San Luis Potosí
24053,Axtla de Terrazas,San Luis Potosí
24053,Axtla de Terrazas,San Luis Potosí
24053,Axtla de Terrazas,San Luis Potosí
24054,Xilitla,San Luis Potosí
24054,Xilitla,San Luis Potosí
24054,Xilitla,San Luis Potosí
24055,Zaragoza,San Luis Potosí
24055,Zaragoza,San Luis Potosí
24055,Zaragoza,San Luis Potosí
24056,Villa de Arista,San Luis Potosí
24056,Villa de Arista,San Luis Potosí
24056,Villa de Arista,San Luis Potosí
24057,Matlapa,San Luis Potosí
24057,Matlapa,San Luis Potosí
24057,Matlapa,San Luis Potosí
24058,El Naranjo,San Luis Potosí
24058,El Naranjo,San Luis Potosí
24058,El Naranjo,San Luis Potosí
24059,Villa de Pozos,San Luis Potosí
24059,Villa de Pozos,San Luis Potosí
24059,Villa de Pozos,San Luis Potosí
25001,Ahome,Sinaloa
25001,Ahome,Sinaloa
25001,Ahome,Sinaloa
25002,Angostura,Sinaloa
25002,Angostura,Sinaloa
25002,Angostura,Sinaloa
25003,Badiraguato,Sinaloa
25003,Badiraguato,Sinaloa
25003,Badiraguato,Sinaloa
25004,Concordia,Sinaloa
25004,Concordia,Sinaloa
25004,Concordia,Sinaloa
25005,Cosalá,Sinaloa
25005,Cosalá,Sinaloa
25005,Cosalá,Sinaloa
25006,Culiacán,Sinaloa
25006,Culiacán,Sinaloa
25006,Culiacán,Sinaloa
25007,Choix,Sinaloa
25007,Choix,Sinaloa
25007,Choix,Sinaloa
25008,Elota,Sinaloa
25008,Elota,Sinaloa
25008,Elota,Sinaloa
25009,Escuinapa,Sinaloa
25009,Escuinapa,Sinaloa
25009,Escuinapa,Sinaloa
25010,El Fuerte,Sinaloa
25010,El Fuerte,Sinaloa
25010,El Fuerte,Sinaloa
25011,Guasave,Sinaloa
25011,Guasave,Sinaloa
25011,Guasave,Sinaloa
25012,Mazatlán,Sinaloa
25012,Mazatlán,Sinaloa
25012,Mazatlán,Sinaloa
25013,Mocorito,Sinaloa
25013,Mocorito,Sinaloa
25013,Mocorito,Sinaloa
25014,Rosario,Sinaloa
25014,Rosario,Sinaloa
25014,Rosario,Sinaloa
25015,Salvador Alvarado,Sinaloa
25015,Salvador Alvarado,Sinaloa
25015,Salvador Alvarado,Sinaloa
25016,San Ignacio,Sinaloa
25016,San Ignacio,Sinaloa
25016,San Ignacio,Sinaloa
25017,Sinaloa,Sinaloa
25017,Sinaloa,Sinaloa
25017,Sinaloa,Sinaloa
25018,Navolato,Sinaloa
25018,Navolato,Sinaloa
25018,Navolato,Sinaloa
25019,Eldorado,Sinaloa
25019,Eldorado,Sinaloa
25019,Eldorado,Sinaloa
25020,Juan José Ríos,Sinaloa
25020,Juan José Ríos,Sinaloa
25020,Juan José Ríos,Sinaloa
26001,Aconchi,Sonora
26001,Aconchi,Sonora
26001,Aconchi,Sonora
26002,Agua Prieta,Sonora
26002,Agua Prieta,Sonora
26002,Agua Prieta,Sonora
26003,Alamos,Sonora
26003,Alamos,Sonora
26003,Alamos,Sonora
26004,Altar,Sonora
26004,Altar,Sonora
26004,Altar,Sonora
26005,Arivechi,Sonora
26005,Arivechi,Sonora
26005,Arivechi,Sonora
26006,Arizpe,Sonora
26006,Arizpe,Sonora
26006,Arizpe,Sonora
26007,Atil,Sonora
26007,Atil,Sonora
26007,Atil,Sonora
26008,Bacadéhuachi,Sonora
26008,Bacadéhuachi,Sonora
26008,Bacadéhuachi,Sonora
26009,Bacanora,Sonora
26009,Bacanora,Sonora
26009,Bacanora,Sonora
26010,Bacerac,Sonora
26010,Bacerac,Sonora
26010,Bacerac,Sonora
26011,Bacoachi,Sonora
26011,Bacoachi,Sonora
26011,Bacoachi,Sonora
26012,Bácum,Sonora
26012,Bácum,Sonora
26012,Bácum,Sonora
26013,Banámichi,Sonora
26013,Banámichi,Sonora
26013,Banámichi,Sonora
26014,Baviácora,Sonora
26014,Baviácora,Sonora
26014,Baviácora,Sonora
26015,Bavispe,Sonora
26015,Bavispe,Sonora
26015,Bavispe,Sonora
26016,Benjamín Hill,Sonora
26016,Benjamín Hill,Sonora
26016,Benjamín Hill,Sonora
26017,Caborca,Sonora
26017,Caborca,Sonora
26017,Caborca,Sonora
26018,Cajeme,Sonora
26018,Cajeme,Sonora
26018,Cajeme,Sonora
26019,Cananea,Sonora
26019,Cananea,Sonora
26019,Cananea,Sonora
26020,Carbó,Sonora
26020,Carbó,Sonora
26020,Carbó,Sonora
26021,La Colorada,Sonora
26021,La Colorada,Sonora
26021,La Colorada,Sonora
26022,Cucurpe,Sonora
26022,Cucurpe,Sonora
26022,Cucurpe,Sonora
26023,Cumpas,Sonora
26023,Cumpas,Sonora
26023,Cumpas,Sonora
26024,Divisaderos,Sonora
26024,Divisaderos,Sonora
26024,Divisaderos,Sonora
26025,Empalme,Sonora
26025,Empalme,Sonora
26025,Empalme,Sonora
26026,Etchojoa,Sonora
26026,Etchojoa,Sonora
26026,Etchojoa,Sonora
26027,Fronteras,Sonora
26027,Fronteras,Sonora
26027,Fronteras,Sonora
26028,Granados,Sonora
26028,Granados,Sonora
26028,Granados,Sonora
26029,Guaymas,Sonora
26029,Guaymas,Sonora
26029,Guaymas,Sonora
26030,Hermosillo,Sonora
26030,Hermosillo,Sonora
26030,Hermosillo,Sonora
26031,Huachinera,Sonora
26031,Huachinera,Sonora
26031,Huachinera,Sonora
26032,Huásabas,Sonora
26032,Huásabas,Sonora
26032,Huásabas,Sonora
26033,Huatabampo,Sonora
26033,Huatabampo,Sonora
26033,Huatabampo,Sonora
26034,Huépac,Sonora
26034,Huépac,Sonora
26034,Huépac,Sonora
26035,Imuris,Sonora
26035,Imuris,Sonora
26035,Imuris,Sonora
26036,Magdalena,Sonora
26036,Magdalena,Sonora
26036,Magdalena,Sonora
26037,Mazatán,Sonora
26037,Mazatán,Sonora
26037,Mazatán,Sonora
26038,Moctezuma,Sonora
26038,Moctezuma,Sonora
26038,Moctezuma,Sonora
26039,Naco,Sonora
26039,Naco,Sonora
26039,Naco,Sonora
26040,Nácori Chico,Sonora
26040,Nácori Chico,Sonora
26040,Nácori Chico,Sonora
26041,Nacozari de García,Sonora
26041,Nacozari de García,Sonora
26041,Nacozari de García,Sonora
26042,Navojoa,Sonora
26042,Navojoa,Sonora
26042,Navojoa,Sonora
26043,Nogales,Sonora
26043,Nogales,Sonora
26043,Nogales,Sonora
26044,Onavas,Sonora
26044,Onavas,Sonora
26044,Onavas,Sonora
26045,Opodepe,Sonora
26045,Opodepe,Sonora
26045,Opodepe,Sonora
26046,Oquitoa,Sonora
26046,Oquitoa,Sonora
26046,Oquitoa,Sonora
26047,Pitiquito,Sonora
26047,Pitiquito,Sonora
26047,Pitiquito,Sonora
26048,Puerto Peñasco,Sonora
26048,Puerto Peñasco,Sonora
26048,Puerto Peñasco,Sonora
26049,Quiriego,Sonora
26049,Quiriego,Sonora
26049,Quiriego,Sonora
26050,Rayón,Sonora
26050,Rayón,Sonora
26050,Rayón,Sonora
26051,Rosario,Sonora
26051,Rosario,Sonora
26051,Rosario,Sonora
26052,Sahuaripa,Sonora
26052,Sahuaripa,Sonora
26052,Sahuaripa,Sonora
26053,San Felipe de Jesús,Sonora
26053,San Felipe de Jesús,Sonora
26053,San Felipe de Jesús,Sonora
26054,San Javier,Sonora
26054,San Javier,Sonora
26054,San Javier,Sonora
26055,San Luis Río Colorado,Sonora
26055,San Luis Río Colorado,Sonora
26055,San Luis Río Colorado,Sonora
26056,San Miguel de Horcasitas,Sonora
26056,San Miguel de Horcasitas,Sonora
26056,San Miguel de Horcasitas,Sonora
26057,San Pedro de la Cueva,Sonora
26057,San Pedro de la Cueva,Sonora
26057,San Pedro de la Cueva,Sonora
26058,Santa Ana,Sonora
26058,Santa Ana,Sonora
26058,Santa Ana,Sonora
26059,Santa Cruz,Sonora
26059,Santa Cruz,Sonora
26059,Santa Cruz,Sonora
26060,Sáric,Sonora
26060,Sáric,Sonora
26060,Sáric,Sonora
26061,Soyopa,Sonora
26061,Soyopa,Sonora
26061,Soyopa,Sonora
26062,Suaqui Grande,Sonora
26062,Suaqui Grande,Sonora
26062,Suaqui Grande,Sonora
26063,Tepache,Sonora
26063,Tepache,Sonora
26063,Tepache,Sonora
26064,Trincheras,Sonora
26064,Trincheras,Sonora
26064,Trincheras,Sonora
26065,Tubutama,Sonora
26065,Tubutama,Sonora
26065,Tubutama,Sonora
26066,Ures,Sonora
26066,Ures,Sonora
26066,Ures,Sonora
26067,Villa Hidalgo,Sonora
26067,Villa Hidalgo,Sonora
26067,Villa Hidalgo,Sonora
26068,Villa Pesqueira,Sonora
26068,Villa Pesqueira,Sonora
26068,Villa Pesqueira,Sonora
26069,Yécora,Sonora
26069,Yécora,Sonora
26069,Yécora,Sonora
26070,General Plutarco Elías Calles,Sonora
26070,General Plutarco Elías Calles,Sonora
26070,General Plutarco Elías Calles,Sonora
26071,Benito Juárez,Sonora
26071,Benito Juárez,Sonora
26071,Benito Juárez,Sonora
26072,San Ignacio Río Muerto,Sonora
26072,San Ignacio Río Muerto,Sonora
26072,San Ignacio Río Muerto,Sonora
26998,No Especificado,Sonora
26998,No Especificado,Sonora
26998,No Especificado,Sonora
26999,Otros Municipios,Sonora
26999,Otros Municipios,Sonora
26999,Otros Municipios,Sonora
27001,Balancán,Tabasco
27001,Balancán,Tabasco
27001,Balancán,Tabasco
27002,Cárdenas,Tabasco
27002,Cárdenas,Tabasco
27002,Cárdenas,Tabasco
27003,Centla,Tabasco
27003,Centla,Tabasco
27003,Centla,Tabasco
27004,Centro,Tabasco
27004,Centro,Tabasco
27004,Centro,Tabasco
27005,Comalcalco,Tabasco
27005,Comalcalco,Tabasco
27005,Comalcalco,Tabasco
27006,Cunduacán,Tabasco
27006,Cunduacán,Tabasco
27006,Cunduacán,Tabasco
27007,Emiliano Zapata,Tabasco
27007,Emiliano Zapata,Tabasco
27007,Emiliano Zapata,Tabasco
27008,Huimanguillo,Tabasco
27008,Huimanguillo,Tabasco
27008,Huimanguillo,Tabasco
27009,Jalapa,Tabasco
27009,Jalapa,Tabasco
27009,Jalapa,Tabasco
27010,Jalpa de Méndez,Tabasco
27010,Jalpa de Méndez,Tabasco
27010,Jalpa de Méndez,Tabasco
27011,Jonuta,Tabasco
27011,Jonuta,Tabasco
27011,Jonuta,Tabasco
27012,Macuspana,Tabasco
27012,Macuspana,Tabasco
27012,Macuspana,Tabasco
27013,Nacajuca,Tabasco
27013,Nacajuca,Tabasco
27013,Nacajuca,Tabasco
27014,Paraíso,Tabasco
27014,Paraíso,Tabasco
27014,Paraíso,Tabasco
27015,Tacotalpa,Tabasco
27015,Tacotalpa,Tabasco
27015,Tacotalpa,Tabasco
27016,Teapa,Tabasco
27016,Teapa,Tabasco
27016,Teapa,Tabasco
27017,Tenosique,Tabasco
27017,Tenosique,Tabasco
27017,Tenosique,Tabasco
28001,Abasolo,Tamaulipas
28001,Abasolo,Tamaulipas
28001,Abasolo,Tamaulipas
28002,Aldama,Tamaulipas
28002,Aldama,Tamaulipas
28002,Aldama,Tamaulipas
28003,Altamira,Tamaulipas
28003,Altamira,Tamaulipas
28003,Altamira,Tamaulipas
28004,Antiguo Morelos,Tamaulipas
28004,Antiguo Morelos,Tamaulipas
28004,Antiguo Morelos,Tamaulipas
28005,Burgos,Tamaulipas
28005,Burgos,Tamaulipas
28005,Burgos,Tamaulipas
28006,Bustamante,Tamaulipas
28006,Bustamante,Tamaulipas
28006,Bustamante,Tamaulipas
28007,Camargo,Tamaulipas
28007,Camargo,Tamaulipas
28007,Camargo,Tamaulipas
28008,Casas,Tamaulipas
28008,Casas,Tamaulipas
28008,Casas,Tamaulipas
28009,Ciudad Madero,Tamaulipas
28009,Ciudad Madero,Tamaulipas
28009,Ciudad Madero,Tamaulipas
28010,Cruillas,Tamaulipas
28010,Cruillas,Tamaulipas
28010,Cruillas,Tamaulipas
28011,Gómez Farías,Tamaulipas
28011,Gómez Farías,Tamaulipas
28011,Gómez Farías,Tamaulipas
28012,González,Tamaulipas
28012,González,Tamaulipas
28012,González,Tamaulipas
28013,Güémez,Tamaulipas
28013,Güémez,Tamaulipas
28013,Güémez,Tamaulipas
28014,Guerrero,Tamaulipas
28014,Guerrero,Tamaulipas
28014,Guerrero,Tamaulipas
28015,Gustavo Díaz Ordaz,Tamaulipas
28015,Gustavo Díaz Ordaz,Tamaulipas
28015,Gustavo Díaz Ordaz,Tamaulipas
28016,Hidalgo,Tamaulipas
28016,Hidalgo,Tamaulipas
28016,Hidalgo,Tamaulipas
28017,Jaumave,Tamaulipas
28017,Jaumave,Tamaulipas
28017,Jaumave,Tamaulipas
28018,Jiménez,Tamaulipas
28018,Jiménez,Tamaulipas
28018,Jiménez,Tamaulipas
28019,Llera,Tamaulipas
28019,Llera,Tamaulipas
28019,Llera,Tamaulipas
28020,Mainero,Tamaulipas
28020,Mainero,Tamaulipas
28020,Mainero,Tamaulipas
28021,El Mante,Tamaulipas
28021,El Mante,Tamaulipas
28021,El Mante,Tamaulipas
28022,Matamoros,Tamaulipas
28022,Matamoros,Tamaulipas
28022,Matamoros,Tamaulipas
28023,Méndez,Tamaulipas
28023,Méndez,Tamaulipas
28023,Méndez,Tamaulipas
28024,Mier,Tamaulipas
28024,Mier,Tamaulipas
28024,Mier,Tamaulipas
28025,Miguel Alemán,Tamaulipas
28025,Miguel Alemán,Tamaulipas
28025,Miguel Alemán,Tamaulipas
28026,Miquihuana,Tamaulipas
28026,Miquihuana,Tamaulipas
28026,Miquihuana,Tamaulipas
28027,Nuevo Laredo,Tamaulipas
28027,Nuevo Laredo,Tamaulipas
28027,Nuevo Laredo,Tamaulipas
28028,Nuevo Morelos,Tamaulipas
28028,Nuevo Morelos,Tamaulipas
28028,Nuevo Morelos,Tamaulipas
28029,Ocampo,Tamaulipas
28029,Ocampo,Tamaulipas
28029,Ocampo,Tamaulipas
28030,Padilla,Tamaulipas
28030,Padilla,Tamaulipas
28030,Padilla,Tamaulipas
28031,Palmillas,Tamaulipas
28031,Palmillas,Tamaulipas
28031,Palmillas,Tamaulipas
28032,Reynosa,Tamaulipas
28032,Reynosa,Tamaulipas
28032,Reynosa,Tamaulipas
28033,Río Bravo,Tamaulipas
28033,Río Bravo,Tamaulipas
28033,Río Bravo,Tamaulipas
28034,San Carlos,Tamaulipas
28034,San Carlos,Tamaulipas
28034,San Carlos,Tamaulipas
28035,San Fernando,Tamaulipas
28035,San Fernando,Tamaulipas
28035,San Fernando,Tamaulipas
28036,San Nicolás,Tamaulipas
28036,San Nicolás,Tamaulipas
28036,San Nicolás,Tamaulipas
28037,Soto la Marina,Tamaulipas
28037,Soto la Marina,Tamaulipas
28037,Soto la Marina,Tamaulipas
28038,Tampico,Tamaulipas
28038,Tampico,Tamaulipas
28038,Tampico,Tamaulipas
28039,Tula,Tamaulipas
28039,Tula,Tamaulipas
28039,Tula,Tamaulipas
28040,Valle Hermoso,Tamaulipas
28040,Valle Hermoso,Tamaulipas
28040,Valle Hermoso,Tamaulipas
28041,Victoria,Tamaulipas
28041,Victoria,Tamaulipas
28041,Victoria,Tamaulipas
28042,Villagrán,Tamaulipas
28042,Villagrán,Tamaulipas
28042,Villagrán,Tamaulipas
28043,Xicoténcatl,Tamaulipas
28043,Xicoténcatl,Tamaulipas
28043,Xicoténcatl,Tamaulipas
29001,Amaxac de Guerrero,Tlaxcala
29001,Amaxac de Guerrero,Tlaxcala
29001,Amaxac de Guerrero,Tlaxcala
29002,Apetatitlán de Antonio Carvajal,Tlaxcala
29002,Apetatitlán de Antonio Carvajal,Tlaxcala
29002,Apetatitlán de Antonio Carvajal,Tlaxcala
29003,Atlangatepec,Tlaxcala
29003,Atlangatepec,Tlaxcala
29003,Atlangatepec,Tlaxcala
29004,Atltzayanca,Tlaxcala
29004,Atltzayanca,Tlaxcala
29004,Atltzayanca,Tlaxcala
29005,Apizaco,Tlaxcala
29005,Apizaco,Tlaxcala
29005,Apizaco,Tlaxcala
29006,Calpulalpan,Tlaxcala
29006,Calpulalpan,Tlaxcala
29006,Calpulalpan,Tlaxcala
29007,El Carmen Tequexquitla,Tlaxcala
29007,El Carmen Tequexquitla,Tlaxcala
29007,El Carmen Tequexquitla,Tlaxcala
29008,Cuapiaxtla,Tlaxcala
29008,Cuapiaxtla,Tlaxcala
29008,Cuapiaxtla,Tlaxcala
29009,Cuaxomulco,Tlaxcala
29009,Cuaxomulco,Tlaxcala
29009,Cuaxomulco,Tlaxcala
29010,Chiautempan,Tlaxcala
29010,Chiautempan,Tlaxcala
29010,Chiautempan,Tlaxcala
29011,Muñoz de Domingo Arenas,Tlaxcala
29011,Muñoz de Domingo Arenas,Tlaxcala
29011,Muñoz de Domingo Arenas,Tlaxcala
29012,Españita,Tlaxcala
29012,Españita,Tlaxcala
29012,Españita,Tlaxcala
29013,Huamantla,Tlaxcala
29013,Huamantla,Tlaxcala
29013,Huamantla,Tlaxcala
29014,Hueyotlipan,Tlaxcala
29014,Hueyotlipan,Tlaxcala
29014,Hueyotlipan,Tlaxcala
29015,Ixtacuixtla de Mariano Matamoros,Tlaxcala
29015,Ixtacuixtla de Mariano Matamoros,Tlaxcala
29015,Ixtacuixtla de Mariano Matamoros,Tlaxcala
29016,Ixtenco,Tlaxcala
29016,Ixtenco,Tlaxcala
29016,Ixtenco,Tlaxcala
29017,Mazatecochco de José María Morelos,Tlaxcala
29017,Mazatecochco de José María Morelos,Tlaxcala
29017,Mazatecochco de José María Morelos,Tlaxcala
29018,Contla de Juan Cuamatzi,Tlaxcala
29018,Contla de Juan Cuamatzi,Tlaxcala
29018,Contla de Juan Cuamatzi,Tlaxcala
29019,Tepetitla de Lardizábal,Tlaxcala
29019,Tepetitla de Lardizábal,Tlaxcala
29019,Tepetitla de Lardizábal,Tlaxcala
29020,Sanctórum de Lázaro Cárdenas,Tlaxcala
29020,Sanctórum de Lázaro Cárdenas,Tlaxcala
29020,Sanctórum de Lázaro Cárdenas,Tlaxcala
29021,Nanacamilpa de Mariano Arista,Tlaxcala
29021,Nanacamilpa de Mariano Arista,Tlaxcala
29021,Nanacamilpa de Mariano Arista,Tlaxcala
29022,Acuamanala de Miguel Hidalgo,Tlaxcala
29022,Acuamanala de Miguel Hidalgo,Tlaxcala
29022,Acuamanala de Miguel Hidalgo,Tlaxcala
29023,Natívitas,Tlaxcala
29023,Natívitas,Tlaxcala
29023,Natívitas,Tlaxcala
29024,Panotla,Tlaxcala
29024,Panotla,Tlaxcala
29024,Panotla,Tlaxcala
29025,San Pablo del Monte,Tlaxcala
29025,San Pablo del Monte,Tlaxcala
29025,San Pablo del Monte,Tlaxcala
29026,Santa Cruz Tlaxcala,Tlaxcala
29026,Santa Cruz Tlaxcala,Tlaxcala
29026,Santa Cruz Tlaxcala,Tlaxcala
29027,Tenancingo,Tlaxcala
29027,Tenancingo,Tlaxcala
29027,Tenancingo,Tlaxcala
29028,Teolocholco,Tlaxcala
29028,Teolocholco,Tlaxcala
29028,Teolocholco,Tlaxcala
29029,Tepeyanco,Tlaxcala
29029,Tepeyanco,Tlaxcala
29029,Tepeyanco,Tlaxcala
29030,Terrenate,Tlaxcala
29030,Terrenate,Tlaxcala
29030,Terrenate,Tlaxcala
29031,Tetla de la Solidaridad,Tlaxcala
29031,Tetla de la Solidaridad,Tlaxcala
29031,Tetla de la Solidaridad,Tlaxcala
29032,Tetlatlahuca,Tlaxcala
29032,Tetlatlahuca,Tlaxcala
29032,Tetlatlahuca,Tlaxcala
29033,Tlaxcala,Tlaxcala
29033,Tlaxcala,Tlaxcala
29033,Tlaxcala,Tlaxcala
29034,Tlaxco,Tlaxcala
29034,Tlaxco,Tlaxcala
29034,Tlaxco,Tlaxcala
29035,Tocatlán,Tlaxcala
29035,Tocatlán,Tlaxcala
29035,Tocatlán,Tlaxcala
29036,Totolac,Tlaxcala
29036,Totolac,Tlaxcala
29036,Totolac,Tlaxcala
29037,Ziltlaltépec de Trinidad Sánchez Santos,Tlaxcala
29037,Ziltlaltépec de Trinidad Sánchez Santos,Tlaxcala
29037,Ziltlaltépec de Trinidad Sánchez Santos,Tlaxcala
29038,Tzompantepec,Tlaxcala
29038,Tzompantepec,Tlaxcala
29038,Tzompantepec,Tlaxcala
29039,Xaloztoc,Tlaxcala
29039,Xaloztoc,Tlaxcala
29039,Xaloztoc,Tlaxcala
29040,Xaltocan,Tlaxcala
29040,Xaltocan,Tlaxcala
29040,Xaltocan,Tlaxcala
29041,Papalotla de Xicohténcatl,Tlaxcala
29041,Papalotla de Xicohténcatl,Tlaxcala
29041,Papalotla de Xicohténcatl,Tlaxcala
29042,Xicohtzinco,Tlaxcala
29042,Xicohtzinco,Tlaxcala
29042,Xicohtzinco,Tlaxcala
29043,Yauhquemehcan,Tlaxcala
29043,Yauhquemehcan,Tlaxcala
29043,Yauhquemehcan,Tlaxcala
29044,Zacatelco,Tlaxcala
29044,Zacatelco,Tlaxcala
29044,Zacatelco,Tlaxcala
29045,Benito Juárez,Tlaxcala
29045,Benito Juárez,Tlaxcala
29045,Benito Juárez,Tlaxcala
29046,Emiliano Zapata,Tlaxcala
29046,Emiliano Zapata,Tlaxcala
29046,Emiliano Zapata,Tlaxcala
29047,Lázaro Cárdenas,Tlaxcala
29047,Lázaro Cárdenas,Tlaxcala
29047,Lázaro Cárdenas,Tlaxcala
29048,La Magdalena Tlaltelulco,Tlaxcala
29048,La Magdalena Tlaltelulco,Tlaxcala
29048,La Magdalena Tlaltelulco,Tlaxcala
29049,San Damián Texóloc,Tlaxcala
29049,San Damián Texóloc,Tlaxcala
29049,San Damián Texóloc,Tlaxcala
29050,San Francisco Tetlanohcan,Tlaxcala
29050,San Francisco Tetlanohcan,Tlaxcala
29050,San Francisco Tetlanohcan,Tlaxcala
29051,San Jerónimo Zacualpan,Tlaxcala
29051,San Jerónimo Zacualpan,Tlaxcala
29051,San Jerónimo Zacualpan,Tlaxcala
29052,San José Teacalco,Tlaxcala
29052,San José Teacalco,Tlaxcala
29052,San José Teacalco,Tlaxcala
29053,San Juan Huactzinco,Tlaxcala
29053,San Juan Huactzinco,Tlaxcala
29053,San Juan Huactzinco,Tlaxcala
29054,San Lorenzo Axocomanitla,Tlaxcala
29054,San Lorenzo Axocomanitla,Tlaxcala
29054,San Lorenzo Axocomanitla,Tlaxcala
29055,San Lucas Tecopilco,Tlaxcala
29055,San Lucas Tecopilco,Tlaxcala
29055,San Lucas Tecopilco,Tlaxcala
29056,Santa Ana Nopalucan,Tlaxcala
29056,Santa Ana Nopalucan,Tlaxcala
29056,Santa Ana Nopalucan,Tlaxcala
29057,Santa Apolonia Teacalco,Tlaxcala
29057,Santa Apolonia Teacalco,Tlaxcala
29057,Santa Apolonia Teacalco,Tlaxcala
29058,Santa Catarina Ayometla,Tlaxcala
29058,Santa Catarina Ayometla,Tlaxcala
29058,Santa Catarina Ayometla,Tlaxcala
29059,Santa Cruz Quilehtla,Tlaxcala
29059,Santa Cruz Quilehtla,Tlaxcala
29059,Santa Cruz Quilehtla,Tlaxcala
29060,Santa Isabel Xiloxoxtla,Tlaxcala
29060,Santa Isabel Xiloxoxtla,Tlaxcala
29060,Santa Isabel Xiloxoxtla,Tlaxcala
30001,Acajete,Veracruz de Ignacio de la Llave
30001,Acajete,Veracruz de Ignacio de la Llave
30001,Acajete,Veracruz de Ignacio de la Llave
30002,Acatlán,Veracruz de Ignacio de la Llave
30002,Acatlán,Veracruz de Ignacio de la Llave
30002,Acatlán,Veracruz de Ignacio de la Llave
30003,Acayucan,Veracruz de Ignacio de la Llave
30003,Acayucan,Veracruz de Ignacio de la Llave
30003,Acayucan,Veracruz de Ignacio de la Llave
30004,Actopan,Veracruz de Ignacio de la Llave
30004,Actopan,Veracruz de Ignacio de la Llave
30004,Actopan,Veracruz de Ignacio de la Llave
30005,Acula,Veracruz de Ignacio de la Llave
30005,Acula,Veracruz de Ignacio de la Llave
30005,Acula,Veracruz de Ignacio de la Llave
30006,Acultzingo,Veracruz de Ignacio de la Llave
30006,Acultzingo,Veracruz de Ignacio de la Llave
30006,Acultzingo,Veracruz de Ignacio de la Llave
30007,Camarón de Tejeda,Veracruz de Ignacio de la Llave
30007,Camarón de Tejeda,Veracruz de Ignacio de la Llave
30007,Camarón de Tejeda,Veracruz de Ignacio de la Llave
30008,Alpatláhuac,Veracruz de Ignacio de la Llave
30008,Alpatláhuac,Veracruz de Ignacio de la Llave
30008,Alpatláhuac,Veracruz de Ignacio de la Llave
30009,Alto Lucero de Gutiérrez Barrios,Veracruz de Ignacio de la Llave
30009,Alto Lucero de Gutiérrez Barrios,Veracruz de Ignacio de la Llave
30009,Alto Lucero de Gutiérrez Barrios,Veracruz de Ignacio de la Llave
30010,Altotonga,Veracruz de Ignacio de la Llave
30010,Altotonga,Veracruz de Ignacio de la Llave
30010,Altotonga,Veracruz de Ignacio de la Llave
30011,Alvarado,Veracruz de Ignacio de la Llave
30011,Alvarado,Veracruz de Ignacio de la Llave
30011,Alvarado,Veracruz de Ignacio de la Llave
30012,Amatitlán,Veracruz de Ignacio de la Llave
30012,Amatitlán,Veracruz de Ignacio de la Llave
30012,Amatitlán,Veracruz de Ignacio de la Llave
30013,Naranjos Amatlán,Veracruz de Ignacio de la Llave
30013,Naranjos Amatlán,Veracruz de Ignacio de la Llave
30013,Naranjos Amatlán,Veracruz de Ignacio de la Llave
30014,Amatlán de los Reyes,Veracruz de Ignacio de la Llave
30014,Amatlán de los Reyes,Veracruz de Ignacio de la Llave
30014,Amatlán de los Reyes,Veracruz de Ignacio de la Llave
30015,Angel R. Cabada,Veracruz de Ignacio de la Llave
30015,Angel R. Cabada,Veracruz de Ignacio de la Llave
30015,Angel R. Cabada,Veracruz de Ignacio de la Llave
30016,La Antigua,Veracruz de Ignacio de la Llave
30016,La Antigua,Veracruz de Ignacio de la Llave
30016,La Antigua,Veracruz de Ignacio de la Llave
30017,Apazapan,Veracruz de Ignacio de la Llave
30017,Apazapan,Veracruz de Ignacio de la Llave
30017,Apazapan,Veracruz de Ignacio de la Llave
30018,Aquila,Veracruz de Ignacio de la Llave
30018,Aquila,Veracruz de Ignacio de la Llave
30018,Aquila,Veracruz de Ignacio de la Llave
30019,Astacinga,Veracruz de Ignacio de la Llave
30019,Astacinga,Veracruz de Ignacio de la Llave
30019,Astacinga,Veracruz de Ignacio de la Llave
30020,Atlahuilco,Veracruz de Ignacio de la Llave
30020,Atlahuilco,Veracruz de Ignacio de la Llave
30020,Atlahuilco,Veracruz de Ignacio de la Llave
30021,Atoyac,Veracruz de Ignacio de la Llave
30021,Atoyac,Veracruz de Ignacio de la Llave
30021,Atoyac,Veracruz de Ignacio de la Llave
30022,Atzacan,Veracruz de Ignacio de la Llave
30022,Atzacan,Veracruz de Ignacio de la Llave
30022,Atzacan,Veracruz de Ignacio de la Llave
30023,Atzalan,Veracruz de Ignacio de la Llave
30023,Atzalan,Veracruz de Ignacio de la Llave
30023,Atzalan,Veracruz de Ignacio de la Llave
30024,Tlaltetela,Veracruz de Ignacio de la Llave
30024,Tlaltetela,Veracruz de Ignacio de la Llave
30024,Tlaltetela,Veracruz de Ignacio de la Llave
30025,Ayahualulco,Veracruz de Ignacio de la Llave
30025,Ayahualulco,Veracruz de Ignacio de la Llave
30025,Ayahualulco,Veracruz de Ignacio de la Llave
30026,Banderilla,Veracruz de Ignacio de la Llave
30026,Banderilla,Veracruz de Ignacio de la Llave
30026,Banderilla,Veracruz de Ignacio de la Llave
30027,Benito Juárez,Veracruz de Ignacio de la Llave
30027,Benito Juárez,Veracruz de Ignacio de la Llave
30027,Benito Juárez,Veracruz de Ignacio de la Llave
30028,Boca del Río,Veracruz de Ignacio de la Llave
30028,Boca del Río,Veracruz de Ignacio de la Llave
30028,Boca del Río,Veracruz de Ignacio de la Llave
30029,Calcahualco,Veracruz de Ignacio de la Llave
30029,Calcahualco,Veracruz de Ignacio de la Llave
30029,Calcahualco,Veracruz de Ignacio de la Llave
30030,Camerino Z. Mendoza,Veracruz de Ignacio de la Llave
30030,Camerino Z. Mendoza,Veracruz de Ignacio de la Llave
30030,Camerino Z. Mendoza,Veracruz de Ignacio de la Llave
30031,Carrillo Puerto,Veracruz de Ignacio de la Llave
30031,Carrillo Puerto,Veracruz de Ignacio de la Llave
30031,Carrillo Puerto,Veracruz de Ignacio de la Llave
30032,Catemaco,Veracruz de Ignacio de la Llave
30032,Catemaco,Veracruz de Ignacio de la Llave
30032,Catemaco,Veracruz de Ignacio de la Llave
30033,Cazones de Herrera,Veracruz de Ignacio de la Llave
30033,Cazones de Herrera,Veracruz de Ignacio de la Llave
30033,Cazones de Herrera,Veracruz de Ignacio de la Llave
30034,Cerro Azul,Veracruz de Ignacio de la Llave
30034,Cerro Azul,Veracruz de Ignacio de la Llave
30034,Cerro Azul,Veracruz de Ignacio de la Llave
30035,Citlaltépetl,Veracruz de Ignacio de la Llave
30035,Citlaltépetl,Veracruz de Ignacio de la Llave
30035,Citlaltépetl,Veracruz de Ignacio de la Llave
30036,Coacoatzintla,Veracruz de Ignacio de la Llave
30036,Coacoatzintla,Veracruz de Ignacio de la Llave
30036,Coacoatzintla,Veracruz de Ignacio de la Llave
30037,Coahuitlán,Veracruz de Ignacio de la Llave
30037,Coahuitlán,Veracruz de Ignacio de la Llave
30037,Coahuitlán,Veracruz de Ignacio de la Llave
30038,Coatepec,Veracruz de Ignacio de la Llave
30038,Coatepec,Veracruz de Ignacio de la Llave
30038,Coatepec,Veracruz de Ignacio de la Llave
30039,Coatzacoalcos,Veracruz de Ignacio de la Llave
30039,Coatzacoalcos,Veracruz de Ignacio de la Llave
30039,Coatzacoalcos,Veracruz de Ignacio de la Llave
30040,Coatzintla,Veracruz de Ignacio de la Llave
30040,Coatzintla,Veracruz de Ignacio de la Llave
30040,Coatzintla,Veracruz de Ignacio de la Llave
30041,Coetzala,Veracruz de Ignacio de la Llave
30041,Coetzala,Veracruz de Ignacio de la Llave
30041,Coetzala,Veracruz de Ignacio de la Llave
30042,Colipa,Veracruz de Ignacio de la Llave
30042,Colipa,Veracruz de Ignacio de la Llave
30042,Colipa,Veracruz de Ignacio de la Llave
30043,Comapa,Veracruz de Ignacio de la Llave
30043,Comapa,Veracruz de Ignacio de la Llave
30043,Comapa,Veracruz de Ignacio de la Llave
30044,Córdoba,Veracruz de Ignacio de la Llave
30044,Córdoba,Veracruz de Ignacio de la Llave
30044,Córdoba,Veracruz de Ignacio de la Llave
30045,Cosamaloapan de Carpio,Veracruz de Ignacio de la Llave
30045,Cosamaloapan de Carpio,Veracruz de Ignacio de la Llave
30045,Cosamaloapan de Carpio,Veracruz de Ignacio de la Llave
30046,Cosautlán de Carvajal,Veracruz de Ignacio de la Llave
30046,Cosautlán de Carvajal,Veracruz de Ignacio de la Llave
30046,Cosautlán de Carvajal,Veracruz de Ignacio de la Llave
30047,Coscomatepec,Veracruz de Ignacio de la Llave
30047,Coscomatepec,Veracruz de Ignacio de la Llave
30047,Coscomatepec,Veracruz de Ignacio de la Llave
30048,Cosoleacaque,Veracruz de Ignacio de la Llave
30048,Cosoleacaque,Veracruz de Ignacio de la Llave
30048,Cosoleacaque,Veracruz de Ignacio de la Llave
30049,Cotaxtla,Veracruz de Ignacio de la Llave
30049,Cotaxtla,Veracruz de Ignacio de la Llave
30049,Cotaxtla,Veracruz de Ignacio de la Llave
30050,Coxquihui,Veracruz de Ignacio de la Llave
30050,Coxquihui,Veracruz de Ignacio de la Llave
30050,Coxquihui,Veracruz de Ignacio de la Llave
30051,Coyutla,Veracruz de Ignacio de la Llave
30051,Coyutla,Veracruz de Ignacio de la Llave
30051,Coyutla,Veracruz de Ignacio de la Llave
30052,Cuichapa,Veracruz de Ignacio de la Llave
30052,Cuichapa,Veracruz de Ignacio de la Llave
30052,Cuichapa,Veracruz de Ignacio de la Llave
30053,Cuitláhuac,Veracruz de Ignacio de la Llave
30053,Cuitláhuac,Veracruz de Ignacio de la Llave
30053,Cuitláhuac,Veracruz de Ignacio de la Llave
30054,Chacaltianguis,Veracruz de Ignacio de la Llave
30054,Chacaltianguis,Veracruz de Ignacio de la Llave
30054,Chacaltianguis,Veracruz de Ignacio de la Llave
30055,Chalma,Veracruz de Ignacio de la Llave
30055,Chalma,Veracruz de Ignacio de la Llave
30055,Chalma,Veracruz de Ignacio de la Llave
30056,Chiconamel,Veracruz de Ignacio de la Llave
30056,Chiconamel,Veracruz de Ignacio de la Llave
30056,Chiconamel,Veracruz de Ignacio de la Llave
30057,Chiconquiaco,Veracruz de Ignacio de la Llave
30057,Chiconquiaco,Veracruz de Ignacio de la Llave
30057,Chiconquiaco,Veracruz de Ignacio de la Llave
30058,Chicontepec,Veracruz de Ignacio de la Llave
30058,Chicontepec,Veracruz de Ignacio de la Llave
30058,Chicontepec,Veracruz de Ignacio de la Llave
30059,Chinameca,Veracruz de Ignacio de la Llave
30059,Chinameca,Veracruz de Ignacio de la Llave
30059,Chinameca,Veracruz de Ignacio de la Llave
30060,Chinampa de Gorostiza,Veracruz de Ignacio de la Llave
30060,Chinampa de Gorostiza,Veracruz de Ignacio de la Llave
30060,Chinampa de Gorostiza,Veracruz de Ignacio de la Llave
30061,Las Choapas,Veracruz de Ignacio de la Llave
30061,Las Choapas,Veracruz de Ignacio de la Llave
30061,Las Choapas,Veracruz de Ignacio de la Llave
30062,Chocamán,Veracruz de Ignacio de la Llave
30062,Chocamán,Veracruz de Ignacio de la Llave
30062,Chocamán,Veracruz de Ignacio de la Llave
30063,Chontla,Veracruz de Ignacio de la Llave
30063,Chontla,Veracruz de Ignacio de la Llave
30063,Chontla,Veracruz de Ignacio de la Llave
30064,Chumatlán,Veracruz de Ignacio de la Llave
30064,Chumatlán,Veracruz de Ignacio de la Llave
30064,Chumatlán,Veracruz de Ignacio de la Llave
30065,Emiliano Zapata,Veracruz de Ignacio de la Llave
30065,Emiliano Zapata,Veracruz de Ignacio de la Llave
30065,Emiliano Zapata,Veracruz de Ignacio de la Llave
30066,Espinal,Veracruz de Ignacio de la Llave
30066,Espinal,Veracruz de Ignacio de la Llave
30066,Espinal,Veracruz de Ignacio de la Llave
30067,Filomeno Mata,Veracruz de Ignacio de la Llave
30067,Filomeno Mata,Veracruz de Ignacio de la Llave
30067,Filomeno Mata,Veracruz de Ignacio de la Llave
30068,Fortín,Veracruz de Ignacio de la Llave
30068,Fortín,Veracruz de Ignacio de la Llave
30068,Fortín,Veracruz de Ignacio de la Llave
30069,Gutiérrez Zamora,Veracruz de Ignacio de la Llave
30069,Gutiérrez Zamora,Veracruz de Ignacio de la Llave
30069,Gutiérrez Zamora,Veracruz de Ignacio de la Llave
30070,Hidalgotitlán,Veracruz de Ignacio de la Llave
30070,Hidalgotitlán,Veracruz de Ignacio de la Llave
30070,Hidalgotitlán,Veracruz de Ignacio de la Llave
30071,Huatusco,Veracruz de Ignacio de la Llave
30071,Huatusco,Veracruz de Ignacio de la Llave
30071,Huatusco,Veracruz de Ignacio de la Llave
30072,Huayacocotla,Veracruz de Ignacio de la Llave
30072,Huayacocotla,Veracruz de Ignacio de la Llave
30072,Huayacocotla,Veracruz de Ignacio de la Llave
30073,Hueyapan de Ocampo,Veracruz de Ignacio de la Llave
30073,Hueyapan de Ocampo,Veracruz de Ignacio de la Llave
30073,Hueyapan de Ocampo,Veracruz de Ignacio de la Llave
30074,Huiloapan de Cuauhtémoc,Veracruz de Ignacio de la Llave
30074,Huiloapan de Cuauhtémoc,Veracruz de Ignacio de la Llave
30074,Huiloapan de Cuauhtémoc,Veracruz de Ignacio de la Llave
30075,Ignacio de la Llave,Veracruz de Ignacio de la Llave
30075,Ignacio de la Llave,Veracruz de Ignacio de la Llave
30075,Ignacio de la Llave,Veracruz de Ignacio de la Llave
30076,Ilamatlán,Veracruz de Ignacio de la Llave
30076,Ilamatlán,Veracruz de Ignacio de la Llave
30076,Ilamatlán,Veracruz de Ignacio de la Llave
30077,Isla,Veracruz de Ignacio de la Llave
30077,Isla,Veracruz de Ignacio de la Llave
30077,Isla,Veracruz de Ignacio de la Llave
30078,Ixcatepec,Veracruz de Ignacio de la Llave
30078,Ixcatepec,Veracruz de Ignacio de la Llave
30078,Ixcatepec,Veracruz de Ignacio de la Llave
30079,Ixhuacán de los Reyes,Veracruz de Ignacio de la Llave
30079,Ixhuacán de los Reyes,Veracruz de Ignacio de la Llave
30079,Ixhuacán de los Reyes,Veracruz de Ignacio de la Llave
30080,Ixhuatlán del Café,Veracruz de Ignacio de la Llave
30080,Ixhuatlán del Café,Veracruz de Ignacio de la Llave
30080,Ixhuatlán del Café,Veracruz de Ignacio de la Llave
30081,Ixhuatlancillo,Veracruz de Ignacio de la Llave
30081,Ixhuatlancillo,Veracruz de Ignacio de la Llave
30081,Ixhuatlancillo,Veracruz de Ignacio de la Llave
30082,Ixhuatlán del Sureste,Veracruz de Ignacio de la Llave
30082,Ixhuatlán del Sureste,Veracruz de Ignacio de la Llave
30082,Ixhuatlán del Sureste,Veracruz de Ignacio de la Llave
30083,Ixhuatlán de Madero,Veracruz de Ignacio de la Llave
30083,Ixhuatlán de Madero,Veracruz de Ignacio de la Llave
30083,Ixhuatlán de Madero,Veracruz de Ignacio de la Llave
30084,Ixmatlahuacan,Veracruz de Ignacio de la Llave
30084,Ixmatlahuacan,Veracruz de Ignacio de la Llave
30084,Ixmatlahuacan,Veracruz de Ignacio de la Llave
30085,Ixtaczoquitlán,Veracruz de Ignacio de la Llave
30085,Ixtaczoquitlán,Veracruz de Ignacio de la Llave
30085,Ixtaczoquitlán,Veracruz de Ignacio de la Llave
30086,Jalacingo,Veracruz de Ignacio de la Llave
30086,Jalacingo,Veracruz de Ignacio de la Llave
30086,Jalacingo,Veracruz de Ignacio de la Llave
30087,Xalapa,Veracruz de Ignacio de la Llave
30087,Xalapa,Veracruz de Ignacio de la Llave
30087,Xalapa,Veracruz de Ignacio de la Llave
30088,Jalcomulco,Veracruz de Ignacio de la Llave
30088,Jalcomulco,Veracruz de Ignacio de la Llave
30088,Jalcomulco,Veracruz de Ignacio de la Llave
30089,Jáltipan,Veracruz de Ignacio de la Llave
30089,Jáltipan,Veracruz de Ignacio de la Llave
30089,Jáltipan,Veracruz de Ignacio de la Llave
30090,Jamapa,Veracruz de Ignacio de la Llave
30090,Jamapa,Veracruz de Ignacio de la Llave
30090,Jamapa,Veracruz de Ignacio de la Llave
30091,Jesús Carranza,Veracruz de Ignacio de la Llave
30091,Jesús Carranza,Veracruz de Ignacio de la Llave
30091,Jesús Carranza,Veracruz de Ignacio de la Llave
30092,Xico,Veracruz de Ignacio de la Llave
30092,Xico,Veracruz de Ignacio de la Llave
30092,Xico,Veracruz de Ignacio de la Llave
30093,Jilotepec,Veracruz de Ignacio de la Llave
30093,Jilotepec,Veracruz de Ignacio de la Llave
30093,Jilotepec,Veracruz de Ignacio de la Llave
30094,Juan Rodríguez Clara,Veracruz de Ignacio de la Llave
30094,Juan Rodríguez Clara,Veracruz de Ignacio de la Llave
30094,Juan Rodríguez Clara,Veracruz de Ignacio de la Llave
30095,Juchique de Ferrer,Veracruz de Ignacio de la Llave
30095,Juchique de Ferrer,Veracruz de Ignacio de la Llave
30095,Juchique de Ferrer,Veracruz de Ignacio de la Llave
30096,Landero y Coss,Veracruz de Ignacio de la Llave
30096,Landero y Coss,Veracruz de Ignacio de la Llave
30096,Landero y Coss,Veracruz de Ignacio de la Llave
30097,Lerdo de Tejada,Veracruz de Ignacio de la Llave
30097,Lerdo de Tejada,Veracruz de Ignacio de la Llave
30097,Lerdo de Tejada,Veracruz de Ignacio de la Llave
30098,Magdalena,Veracruz de Ignacio de la Llave
30098,Magdalena,Veracruz de Ignacio de la Llave
30098,Magdalena,Veracruz de Ignacio de la Llave
30099,Maltrata,Veracruz de Ignacio de la Llave
30099,Maltrata,Veracruz de Ignacio de la Llave
30099,Maltrata,Veracruz de Ignacio de la Llave
30100,Manlio Fabio Altamirano,Veracruz de Ignacio de la Llave
30100,Manlio Fabio Altamirano,Veracruz de Ignacio de la Llave
30100,Manlio Fabio Altamirano,Veracruz de Ignacio de la Llave
30101,Mariano Escobedo,Veracruz de Ignacio de la Llave
30101,Mariano Escobedo,Veracruz de Ignacio de la Llave
30101,Mariano Escobedo,Veracruz de Ignacio de la Llave
30102,Martínez de la Torre,Veracruz de Ignacio de la Llave
30102,Martínez de la Torre,Veracruz de Ignacio de la Llave
30102,Martínez de la Torre,Veracruz de Ignacio de la Llave
30103,Mecatlán,Veracruz de Ignacio de la Llave
30103,Mecatlán,Veracruz de Ignacio de la Llave
30103,Mecatlán,Veracruz de Ignacio de la Llave
30104,Mecayapan,Veracruz de Ignacio de la Llave
30104,Mecayapan,Veracruz de Ignacio de la Llave
30104,Mecayapan,Veracruz de Ignacio de la Llave
30105,Medellín de Bravo,Veracruz de Ignacio de la Llave
30105,Medellín de Bravo,Veracruz de Ignacio de la Llave
30105,Medellín de Bravo,Veracruz de Ignacio de la Llave
30106,Miahuatlán,Veracruz de Ignacio de la Llave
30106,Miahuatlán,Veracruz de Ignacio de la Llave
30106,Miahuatlán,Veracruz de Ignacio de la Llave
30107,Las Minas,Veracruz de Ignacio de la Llave
30107,Las Minas,Veracruz de Ignacio de la Llave
30107,Las Minas,Veracruz de Ignacio de la Llave
30108,Minatitlán,Veracruz de Ignacio de la Llave
30108,Minatitlán,Veracruz de Ignacio de la Llave
30108,Minatitlán,Veracruz de Ignacio de la Llave
30109,Misantla,Veracruz de Ignacio de la Llave
30109,Misantla,Veracruz de Ignacio de la Llave
30109,Misantla,Veracruz de Ignacio de la Llave
30110,Mixtla de Altamirano,Veracruz de Ignacio de la Llave
30110,Mixtla de Altamirano,Veracruz de Ignacio de la Llave
30110,Mixtla de Altamirano,Veracruz de Ignacio de la Llave
30111,Moloacán,Veracruz de Ignacio de la Llave
30111,Moloacán,Veracruz de Ignacio de la Llave
30111,Moloacán,Veracruz de Ignacio de la Llave
30112,Naolinco,Veracruz de Ignacio de la Llave
30112,Naolinco,Veracruz de Ignacio de la Llave
30112,Naolinco,Veracruz de Ignacio de la Llave
30113,Naranjal,Veracruz de Ignacio de la Llave
30113,Naranjal,Veracruz de Ignacio de la Llave
30113,Naranjal,Veracruz de Ignacio de la Llave
30114,Nautla,Veracruz de Ignacio de la Llave
30114,Nautla,Veracruz de Ignacio de la Llave
30114,Nautla,Veracruz de Ignacio de la Llave
30115,Nogales,Veracruz de Ignacio de la Llave
30115,Nogales,Veracruz de Ignacio de la Llave
30115,Nogales,Veracruz de Ignacio de la Llave
30116,Oluta,Veracruz de Ignacio de la Llave
30116,Oluta,Veracruz de Ignacio de la Llave
30116,Oluta,Veracruz de Ignacio de la Llave
30117,Omealca,Veracruz de Ignacio de la Llave
30117,Omealca,Veracruz de Ignacio de la Llave
30117,Omealca,Veracruz de Ignacio de la Llave
30118,Orizaba,Veracruz de Ignacio de la Llave
30118,Orizaba,Veracruz de Ignacio de la Llave
30118,Orizaba,Veracruz de Ignacio de la Llave
30119,Otatitlán,Veracruz de Ignacio de la Llave
30119,Otatitlán,Veracruz de Ignacio de la Llave
30119,Otatitlán,Veracruz de Ignacio de la Llave
30120,Oteapan,Veracruz de Ignacio de la Llave
30120,Oteapan,Veracruz de Ignacio de la Llave
30120,Oteapan,Veracruz de Ignacio de la Llave
30121,Ozuluama de Mascareñas,Veracruz de Ignacio de la Llave
30121,Ozuluama de Mascareñas,Veracruz de Ignacio de la Llave
30121,Ozuluama de Mascareñas,Veracruz de Ignacio de la Llave
30122,Pajapan,Veracruz de Ignacio de la Llave
30122,Pajapan,Veracruz de Ignacio de la Llave
30122,Pajapan,Veracruz de Ignacio de la Llave
30123,Pánuco,Veracruz de Ignacio de la Llave
30123,Pánuco,Veracruz de Ignacio de la Llave
30123,Pánuco,Veracruz de Ignacio de la Llave
30124,Papantla,Veracruz de Ignacio de la Llave
30124,Papantla,Veracruz de Ignacio de la Llave
30124,Papantla,Veracruz de Ignacio de la Llave
30125,Paso del Macho,Veracruz de Ignacio de la Llave
30125,Paso del Macho,Veracruz de Ignacio de la Llave
30125,Paso del Macho,Veracruz de Ignacio de la Llave
30126,Paso de Ovejas,Veracruz de Ignacio de la Llave
30126,Paso de Ovejas,Veracruz de Ignacio de la Llave
30126,Paso de Ovejas,Veracruz de Ignacio de la Llave
30127,La Perla,Veracruz de Ignacio de la Llave
30127,La Perla,Veracruz de Ignacio de la Llave
30127,La Perla,Veracruz de Ignacio de la Llave
30128,Perote,Veracruz de Ignacio de la Llave
30128,Perote,Veracruz de Ignacio de la Llave
30128,Perote,Veracruz de Ignacio de la Llave
30129,Platón Sánchez,Veracruz de Ignacio de la Llave
30129,Platón Sánchez,Veracruz de Ignacio de la Llave
30129,Platón Sánchez,Veracruz de Ignacio de la Llave
30130,Playa Vicente,Veracruz de Ignacio de la Llave
30130,Playa Vicente,Veracruz de Ignacio de la Llave
30130,Playa Vicente,Veracruz de Ignacio de la Llave
30131,Poza Rica de Hidalgo,Veracruz de Ignacio de la Llave
30131,Poza Rica de Hidalgo,Veracruz de Ignacio de la Llave
30131,Poza Rica de Hidalgo,Veracruz de Ignacio de la Llave
30132,Las Vigas de Ramírez,Veracruz de Ignacio de la Llave
30132,Las Vigas de Ramírez,Veracruz de Ignacio de la Llave
30132,Las Vigas de Ramírez,Veracruz de Ignacio de la Llave
30133,Pueblo Viejo,Veracruz de Ignacio de la Llave
30133,Pueblo Viejo,Veracruz de Ignacio de la Llave
30133,Pueblo Viejo,Veracruz de Ignacio de la Llave
30134,Puente Nacional,Veracruz de Ignacio de la Llave
30134,Puente Nacional,Veracruz de Ignacio de la Llave
30134,Puente Nacional,Veracruz de Ignacio de la Llave
30135,Rafael Delgado,Veracruz de Ignacio de la Llave
30135,Rafael Delgado,Veracruz de Ignacio de la Llave
30135,Rafael Delgado,Veracruz de Ignacio de la Llave
30136,Rafael Lucio,Veracruz de Ignacio de la Llave
30136,Rafael Lucio,Veracruz de Ignacio de la Llave
30136,Rafael Lucio,Veracruz de Ignacio de la Llave
30137,Los Reyes,Veracruz de Ignacio de la Llave
30137,Los Reyes,Veracruz de Ignacio de la Llave
30137,Los Reyes,Veracruz de Ignacio de la Llave
30138,Río Blanco,Veracruz de Ignacio de la Llave
30138,Río Blanco,Veracruz de Ignacio de la Llave
30138,Río Blanco,Veracruz de Ignacio de la Llave
30139,Saltabarranca,Veracruz de Ignacio de la Llave
30139,Saltabarranca,Veracruz de Ignacio de la Llave
30139,Saltabarranca,Veracruz de Ignacio de la Llave
30140,San Andrés Tenejapan,Veracruz de Ignacio de la Llave
30140,San Andrés Tenejapan,Veracruz de Ignacio de la Llave
30140,San Andrés Tenejapan,Veracruz de Ignacio de la Llave
30141,San Andrés Tuxtla,Veracruz de Ignacio de la Llave
30141,San Andrés Tuxtla,Veracruz de Ignacio de la Llave
30141,San Andrés Tuxtla,Veracruz de Ignacio de la Llave
30142,San Juan Evangelista,Veracruz de Ignacio de la Llave
30142,San Juan Evangelista,Veracruz de Ignacio de la Llave
30142,San Juan Evangelista,Veracruz de Ignacio de la Llave
30143,Santiago Tuxtla,Veracruz de Ignacio de la Llave
30143,Santiago Tuxtla,Veracruz de Ignacio de la Llave
30143,Santiago Tuxtla,Veracruz de Ignacio de la Llave
30144,Sayula de Alemán,Veracruz de Ignacio de la Llave
30144,Sayula de Alemán,Veracruz de Ignacio de la Llave
30144,Sayula de Alemán,Veracruz de Ignacio de la Llave
30145,Soconusco,Veracruz de Ignacio de la Llave
30145,Soconusco,Veracruz de Ignacio de la Llave
30145,Soconusco,Veracruz de Ignacio de la Llave
30146,Sochiapa,Veracruz de Ignacio de la Llave
30146,Sochiapa,Veracruz de Ignacio de la Llave
30146,Sochiapa,Veracruz de Ignacio de la Llave
30147,Soledad Atzompa,Veracruz de Ignacio de la Llave
30147,Soledad Atzompa,Veracruz de Ignacio de la Llave
30147,Soledad Atzompa,Veracruz de Ignacio de la Llave
30148,Soledad de Doblado,Veracruz de Ignacio de la Llave
30148,Soledad de Doblado,Veracruz de Ignacio de la Llave
30148,Soledad de Doblado,Veracruz de Ignacio de la Llave
30149,Soteapan,Veracruz de Ignacio de la Llave
30149,Soteapan,Veracruz de Ignacio de la Llave
30149,Soteapan,Veracruz de Ignacio de la Llave
30150,Tamalín,Veracruz de Ignacio de la Llave
30150,Tamalín,Veracruz de Ignacio de la Llave
30150,Tamalín,Veracruz de Ignacio de la Llave
30151,Tamiahua,Veracruz de Ignacio de la Llave
30151,Tamiahua,Veracruz de Ignacio de la Llave
30151,Tamiahua,Veracruz de Ignacio de la Llave
30152,Tampico Alto,Veracruz de Ignacio de la Llave
30152,Tampico Alto,Veracruz de Ignacio de la Llave
30152,Tampico Alto,Veracruz de Ignacio de la Llave
30153,Tancoco,Veracruz de Ignacio de la Llave
30153,Tancoco,Veracruz de Ignacio de la Llave
30153,Tancoco,Veracruz de Ignacio de la Llave
30154,Tantima,Veracruz de Ignacio de la Llave
30154,Tantima,Veracruz de Ignacio de la Llave
30154,Tantima,Veracruz de Ignacio de la Llave
30155,Tantoyuca,Veracruz de Ignacio de la Llave
30155,Tantoyuca,Veracruz de Ignacio de la Llave
30155,Tantoyuca,Veracruz de Ignacio de la Llave
30156,Tatatila,Veracruz de Ignacio de la Llave
30156,Tatatila,Veracruz de Ignacio de la Llave
30156,Tatatila,Veracruz de Ignacio de la Llave
30157,Castillo de Teayo,Veracruz de Ignacio de la Llave
30157,Castillo de Teayo,Veracruz de Ignacio de la Llave
30157,Castillo de Teayo,Veracruz de Ignacio de la Llave
30158,Tecolutla,Veracruz de Ignacio de la Llave
30158,Tecolutla,Veracruz de Ignacio de la Llave
30158,Tecolutla,Veracruz de Ignacio de la Llave
30159,Tehuipango,Veracruz de Ignacio de la Llave
30159,Tehuipango,Veracruz de Ignacio de la Llave
30159,Tehuipango,Veracruz de Ignacio de la Llave
30160,Álamo Temapache,Veracruz de Ignacio de la Llave
30160,Álamo Temapache,Veracruz de Ignacio de la Llave
30160,Álamo Temapache,Veracruz de Ignacio de la Llave
30161,Tempoal,Veracruz de Ignacio de la Llave
30161,Tempoal,Veracruz de Ignacio de la Llave
30161,Tempoal,Veracruz de Ignacio de la Llave
30162,Tenampa,Veracruz de Ignacio de la Llave
30162,Tenampa,Veracruz de Ignacio de la Llave
30162,Tenampa,Veracruz de Ignacio de la Llave
30163,Tenochtitlán,Veracruz de Ignacio de la Llave
30163,Tenochtitlán,Veracruz de Ignacio de la Llave
30163,Tenochtitlán,Veracruz de Ignacio de la Llave
30164,Teocelo,Veracruz de Ignacio de la Llave
30164,Teocelo,Veracruz de Ignacio de la Llave
30164,Teocelo,Veracruz de Ignacio de la Llave
30165,Tepatlaxco,Veracruz de Ignacio de la Llave
30165,Tepatlaxco,Veracruz de Ignacio de la Llave
30165,Tepatlaxco,Veracruz de Ignacio de la Llave
30166,Tepetlán,Veracruz de Ignacio de la Llave
30166,Tepetlán,Veracruz de Ignacio de la Llave
30166,Tepetlán,Veracruz de Ignacio de la Llave
30167,Tepetzintla,Veracruz de Ignacio de la Llave
30167,Tepetzintla,Veracruz de Ignacio de la Llave
30167,Tepetzintla,Veracruz de Ignacio de la Llave
30168,Tequila,Veracruz de Ignacio de la Llave
30168,Tequila,Veracruz de Ignacio de la Llave
30168,Tequila,Veracruz de Ignacio de la Llave
30169,José Azueta,Veracruz de Ignacio de la Llave
30169,José Azueta,Veracruz de Ignacio de la Llave
30169,José Azueta,Veracruz de Ignacio de la Llave
30170,Texcatepec,Veracruz de Ignacio de la Llave
30170,Texcatepec,Veracruz de Ignacio de la Llave
30170,Texcatepec,Veracruz de Ignacio de la Llave
30171,Texhuacán,Veracruz de Ignacio de la Llave
30171,Texhuacán,Veracruz de Ignacio de la Llave
30171,Texhuacán,Veracruz de Ignacio de la Llave
30172,Texistepec,Veracruz de Ignacio de la Llave
30172,Texistepec,Veracruz de Ignacio de la Llave
30172,Texistepec,Veracruz de Ignacio de la Llave
30173,Tezonapa,Veracruz de Ignacio de la Llave
30173,Tezonapa,Veracruz de Ignacio de la Llave
30173,Tezonapa,Veracruz de Ignacio de la Llave
30174,Tierra Blanca,Veracruz de Ignacio de la Llave
30174,Tierra Blanca,Veracruz de Ignacio de la Llave
30174,Tierra Blanca,Veracruz de Ignacio de la Llave
30175,Tihuatlán,Veracruz de Ignacio de la Llave
30175,Tihuatlán,Veracruz de Ignacio de la Llave
30175,Tihuatlán,Veracruz de Ignacio de la Llave
30176,Tlacojalpan,Veracruz de Ignacio de la Llave
30176,Tlacojalpan,Veracruz de Ignacio de la Llave
30176,Tlacojalpan,Veracruz de Ignacio de la Llave
30177,Tlacolulan,Veracruz de Ignacio de la Llave
30177,Tlacolulan,Veracruz de Ignacio de la Llave
30177,Tlacolulan,Veracruz de Ignacio de la Llave
30178,Tlacotalpan,Veracruz de Ignacio de la Llave
30178,Tlacotalpan,Veracruz de Ignacio de la Llave
30178,Tlacotalpan,Veracruz de Ignacio de la Llave
30179,Tlacotepec de Mejía,Veracruz de Ignacio de la Llave
30179,Tlacotepec de Mejía,Veracruz de Ignacio de la Llave
30179,Tlacotepec de Mejía,Veracruz de Ignacio de la Llave
30180,Tlachichilco,Veracruz de Ignacio de la Llave
30180,Tlachichilco,Veracruz de Ignacio de la Llave
30180,Tlachichilco,Veracruz de Ignacio de la Llave
30181,Tlalixcoyan,Veracruz de Ignacio de la Llave
30181,Tlalixcoyan,Veracruz de Ignacio de la Llave
30181,Tlalixcoyan,Veracruz de Ignacio de la Llave
30182,Tlalnelhuayocan,Veracruz de Ignacio de la Llave
30182,Tlalnelhuayocan,Veracruz de Ignacio de la Llave
30182,Tlalnelhuayocan,Veracruz de Ignacio de la Llave
30183,Tlapacoyan,Veracruz de Ignacio de la Llave
30183,Tlapacoyan,Veracruz de Ignacio de la Llave
30183,Tlapacoyan,Veracruz de Ignacio de la Llave
30184,Tlaquilpa,Veracruz de Ignacio de la Llave
30184,Tlaquilpa,Veracruz de Ignacio de la Llave
30184,Tlaquilpa,Veracruz de Ignacio de la Llave
30185,Tlilapan,Veracruz de Ignacio de la Llave
30185,Tlilapan,Veracruz de Ignacio de la Llave
30185,Tlilapan,Veracruz de Ignacio de la Llave
30186,Tomatlán,Veracruz de Ignacio de la Llave
30186,Tomatlán,Veracruz de Ignacio de la Llave
30186,Tomatlán,Veracruz de Ignacio de la Llave
30187,Tonayán,Veracruz de Ignacio de la Llave
30187,Tonayán,Veracruz de Ignacio de la Llave
30187,Tonayán,Veracruz de Ignacio de la Llave
30188,Totutla,Veracruz de Ignacio de la Llave
30188,Totutla,Veracruz de Ignacio de la Llave
30188,Totutla,Veracruz de Ignacio de la Llave
30189,Tuxpan,Veracruz de Ignacio de la Llave
30189,Tuxpan,Veracruz de Ignacio de la Llave
30189,Tuxpan,Veracruz de Ignacio de la Llave
30190,Tuxtilla,Veracruz de Ignacio de la Llave
30190,Tuxtilla,Veracruz de Ignacio de la Llave
30190,Tuxtilla,Veracruz de Ignacio de la Llave
30191,Ursulo Galván,Veracruz de Ignacio de la Llave
30191,Ursulo Galván,Veracruz de Ignacio de la Llave
30191,Ursulo Galván,Veracruz de Ignacio de la Llave
30192,Vega de Alatorre,Veracruz de Ignacio de la Llave
30192,Vega de Alatorre,Veracruz de Ignacio de la Llave
30192,Vega de Alatorre,Veracruz de Ignacio de la Llave
30193,Veracruz,Veracruz de Ignacio de la Llave
30193,Veracruz,Veracruz de Ignacio de la Llave
30193,Veracruz,Veracruz de Ignacio de la Llave
30194,Villa Aldama,Veracruz de Ignacio de la Llave
30194,Villa Aldama,Veracruz de Ignacio de la Llave
30194,Villa Aldama,Veracruz de Ignacio de la Llave
30195,Xoxocotla,Veracruz de Ignacio de la Llave
30195,Xoxocotla,Veracruz de Ignacio de la Llave
30195,Xoxocotla,Veracruz de Ignacio de la Llave
30196,Yanga,Veracruz de Ignacio de la Llave
30196,Yanga,Veracruz de Ignacio de la Llave
30196,Yanga,Veracruz de Ignacio de la Llave
30197,Yecuatla,Veracruz de Ignacio de la Llave
30197,Yecuatla,Veracruz de Ignacio de la Llave
30197,Yecuatla,Veracruz de Ignacio de la Llave
30198,Zacualpan,Veracruz de Ignacio de la Llave
30198,Zacualpan,Veracruz de Ignacio de la Llave
30198,Zacualpan,Veracruz de Ignacio de la Llave
30199,Zaragoza,Veracruz de Ignacio de la Llave
30199,Zaragoza,Veracruz de Ignacio de la Llave
30199,Zaragoza,Veracruz de Ignacio de la Llave
30200,Zentla,Veracruz de Ignacio de la Llave
30200,Zentla,Veracruz de Ignacio de la Llave
30200,Zentla,Veracruz de Ignacio de la Llave
30201,Zongolica,Veracruz de Ignacio de la Llave
30201,Zongolica,Veracruz de Ignacio de la Llave
30201,Zongolica,Veracruz de Ignacio de la Llave
30202,Zontecomatlán de López y Fuentes,Veracruz de Ignacio de la Llave
30202,Zontecomatlán de López y Fuentes,Veracruz de Ignacio de la Llave
30202,Zontecomatlán de López y Fuentes,Veracruz de Ignacio de la Llave
30203,Zozocolco de Hidalgo,Veracruz de Ignacio de la Llave
30203,Zozocolco de Hidalgo,Veracruz de Ignacio de la Llave
30203,Zozocolco de Hidalgo,Veracruz de Ignacio de la Llave
30204,Agua Dulce,Veracruz de Ignacio de la Llave
30204,Agua Dulce,Veracruz de Ignacio de la Llave
30204,Agua Dulce,Veracruz de Ignacio de la Llave
30205,El Higo,Veracruz de Ignacio de la Llave
30205,El Higo,Veracruz de Ignacio de la Llave
30205,El Higo,Veracruz de Ignacio de la Llave
30206,Nanchital de Lázaro Cárdenas del Río,Veracruz de Ignacio de la Llave
30206,Nanchital de Lázaro Cárdenas del Río,Veracruz de Ignacio de la Llave
30206,Nanchital de Lázaro Cárdenas del Río,Veracruz de Ignacio de la Llave
30207,Tres Valles,Veracruz de Ignacio de la Llave
30207,Tres Valles,Veracruz de Ignacio de la Llave
30207,Tres Valles,Veracruz de Ignacio de la Llave
30208,Carlos A. Carrillo,Veracruz de Ignacio de la Llave
30208,Carlos A. Carrillo,Veracruz de Ignacio de la Llave
30208,Carlos A. Carrillo,Veracruz de Ignacio de la Llave
30209,Tatahuicapan de Juárez,Veracruz de Ignacio de la Llave
30209,Tatahuicapan de Juárez,Veracruz de Ignacio de la Llave
30209,Tatahuicapan de Juárez,Veracruz de Ignacio de la Llave
30210,Uxpanapa,Veracruz de Ignacio de la Llave
30210,Uxpanapa,Veracruz de Ignacio de la Llave
30210,Uxpanapa,Veracruz de Ignacio de la Llave
30211,San Rafael,Veracruz de Ignacio de la Llave
30211,San Rafael,Veracruz de Ignacio de la Llave
30211,San Rafael,Veracruz de Ignacio de la Llave
30212,Santiago Sochiapan,Veracruz de Ignacio de la Llave
30212,Santiago Sochiapan,Veracruz de Ignacio de la Llave
30212,Santiago Sochiapan,Veracruz de Ignacio de la Llave
30998,No Especificado,Veracruz de Ignacio de la Llave
30998,No Especificado,Veracruz de Ignacio de la Llave
30998,No Especificado,Veracruz de Ignacio de la Llave
30999,Otros Municipios,Veracruz de Ignacio de la Llave
30999,Otros Municipios,Veracruz de Ignacio de la Llave
30999,Otros Municipios,Veracruz de Ignacio de la Llave
31001,Abalá,Yucatán
31001,Abalá,Yucatán
31001,Abalá,Yucatán
31002,Acanceh,Yucatán
31002,Acanceh,Yucatán
31002,Acanceh,Yucatán
31003,Akil,Yucatán
31003,Akil,Yucatán
31003,Akil,Yucatán
31004,Baca,Yucatán
31004,Baca,Yucatán
31004,Baca,Yucatán
31005,Bokobá,Yucatán
31005,Bokobá,Yucatán
31005,Bokobá,Yucatán
31006,Buctzotz,Yucatán
31006,Buctzotz,Yucatán
31006,Buctzotz,Yucatán
31007,Cacalchén,Yucatán
31007,Cacalchén,Yucatán
31007,Cacalchén,Yucatán
31008,Calotmul,Yucatán
31008,Calotmul,Yucatán
31008,Calotmul,Yucatán
31009,Cansahcab,Yucatán
31009,Cansahcab,Yucatán
31009,Cansahcab,Yucatán
31010,Cantamayec,Yucatán
31010,Cantamayec,Yucatán
31010,Cantamayec,Yucatán
31011,Celestún,Yucatán
31011,Celestún,Yucatán
31011,Celestún,Yucatán
31012,Cenotillo,Yucatán
31012,Cenotillo,Yucatán
31012,Cenotillo,Yucatán
31013,Conkal,Yucatán
31013,Conkal,Yucatán
31013,Conkal,Yucatán
31014,Cuncunul,Yucatán
31014,Cuncunul,Yucatán
31014,Cuncunul,Yucatán
31015,Cuzamá,Yucatán
31015,Cuzamá,Yucatán
31015,Cuzamá,Yucatán
31016,Chacsinkín,Yucatán
31016,Chacsinkín,Yucatán
31016,Chacsinkín,Yucatán
31017,Chankom,Yucatán
31017,Chankom,Yucatán
31017,Chankom,Yucatán
31018,Chapab,Yucatán
31018,Chapab,Yucatán
31018,Chapab,Yucatán
31019,Chemax,Yucatán
31019,Chemax,Yucatán
31019,Chemax,Yucatán
31020,Chicxulub Pueblo,Yucatán
31020,Chicxulub Pueblo,Yucatán
31020,Chicxulub Pueblo,Yucatán
31021,Chichimilá,Yucatán
31021,Chichimilá,Yucatán
31021,Chichimilá,Yucatán
31022,Chikindzonot,Yucatán
31022,Chikindzonot,Yucatán
31022,Chikindzonot,Yucatán
31023,Chocholá,Yucatán
31023,Chocholá,Yucatán
31023,Chocholá,Yucatán
31024,Chumayel,Yucatán
31024,Chumayel,Yucatán
31024,Chumayel,Yucatán
31025,Dzán,Yucatán
31025,Dzán,Yucatán
31025,Dzán,Yucatán
31026,Dzemul,Yucatán
31026,Dzemul,Yucatán
31026,Dzemul,Yucatán
31027,Dzidzantún,Yucatán
31027,Dzidzantún,Yucatán
31027,Dzidzantún,Yucatán
31028,Dzilam de Bravo,Yucatán
31028,Dzilam de Bravo,Yucatán
31028,Dzilam de Bravo,Yucatán
31029,Dzilam González,Yucatán
31029,Dzilam González,Yucatán
31029,Dzilam González,Yucatán
31030,Dzitás,Yucatán
31030,Dzitás,Yucatán
31030,Dzitás,Yucatán
31031,Dzoncauich,Yucatán
31031,Dzoncauich,Yucatán
31031,Dzoncauich,Yucatán
31032,Espita,Yucatán
31032,Espita,Yucatán
31032,Espita,Yucatán
31033,Halachó,Yucatán
31033,Halachó,Yucatán
31033,Halachó,Yucatán
31034,Hocabá,Yucatán
31034,Hocabá,Yucatán
31034,Hocabá,Yucatán
31035,Hoctún,Yucatán
31035,Hoctún,Yucatán
31035,Hoctún,Yucatán
31036,Homún,Yucatán
31036,Homún,Yucatán
31036,Homún,Yucatán
31037,Huhí,Yucatán
31037,Huhí,Yucatán
31037,Huhí,Yucatán
31038,Hunucmá,Yucatán
31038,Hunucmá,Yucatán
31038,Hunucmá,Yucatán
31039,Ixil,Yucatán
31039,Ixil,Yucatán
31039,Ixil,Yucatán
31040,Izamal,Yucatán
31040,Izamal,Yucatán
31040,Izamal,Yucatán
31041,Kanasín,Yucatán
31041,Kanasín,Yucatán
31041,Kanasín,Yucatán
31042,Kantunil,Yucatán
31042,Kantunil,Yucatán
31042,Kantunil,Yucatán
31043,Kaua,Yucatán
31043,Kaua,Yucatán
31043,Kaua,Yucatán
31044,Kinchil,Yucatán
31044,Kinchil,Yucatán
31044,Kinchil,Yucatán
31045,Kopomá,Yucatán
31045,Kopomá,Yucatán
31045,Kopomá,Yucatán
31046,Mama,Yucatán
31046,Mama,Yucatán
31046,Mama,Yucatán
31047,Maní,Yucatán
31047,Maní,Yucatán
31047,Maní,Yucatán
31048,Maxcanú,Yucatán
31048,Maxcanú,Yucatán
31048,Maxcanú,Yucatán
31049,Mayapán,Yucatán
31049,Mayapán,Yucatán
31049,Mayapán,Yucatán
31050,Mérida,Yucatán
31050,Mérida,Yucatán
31050,Mérida,Yucatán
31051,Mocochá,Yucatán
31051,Mocochá,Yucatán
31051,Mocochá,Yucatán
31052,Motul,Yucatán
31052,Motul,Yucatán
31052,Motul,Yucatán
31053,Muna,Yucatán
31053,Muna,Yucatán
31053,Muna,Yucatán
31054,Muxupip,Yucatán
31054,Muxupip,Yucatán
31054,Muxupip,Yucatán
31055,Opichén,Yucatán
31055,Opichén,Yucatán
31055,Opichén,Yucatán
31056,Oxkutzcab,Yucatán
31056,Oxkutzcab,Yucatán
31056,Oxkutzcab,Yucatán
31057,Panabá,Yucatán
31057,Panabá,Yucatán
31057,Panabá,Yucatán
31058,Peto,Yucatán
31058,Peto,Yucatán
31058,Peto,Yucatán
31059,Progreso,Yucatán
31059,Progreso,Yucatán
31059,Progreso,Yucatán
31060,Quintana Roo,Yucatán
31060,Quintana Roo,Yucatán
31060,Quintana Roo,Yucatán
31061,Río Lagartos,Yucatán
31061,Río Lagartos,Yucatán
31061,Río Lagartos,Yucatán
31062,Sacalum,Yucatán
31062,Sacalum,Yucatán
31062,Sacalum,Yucatán
31063,Samahil,Yucatán
31063,Samahil,Yucatán
31063,Samahil,Yucatán
31064,Sanahcat,Yucatán
31064,Sanahcat,Yucatán
31064,Sanahcat,Yucatán
31065,San Felipe,Yucatán
31065,San Felipe,Yucatán
31065,San Felipe,Yucatán
31066,Santa Elena,Yucatán
31066,Santa Elena,Yucatán
31066,Santa Elena,Yucatán
31067,Seyé,Yucatán
31067,Seyé,Yucatán
31067,Seyé,Yucatán
31068,Sinanché,Yucatán
31068,Sinanché,Yucatán
31068,Sinanché,Yucatán
31069,Sotuta,Yucatán
31069,Sotuta,Yucatán
31069,Sotuta,Yucatán
31070,Sucilá,Yucatán
31070,Sucilá,Yucatán
31070,Sucilá,Yucatán
31071,Sudzal,Yucatán
31071,Sudzal,Yucatán
31071,Sudzal,Yucatán
31072,Suma,Yucatán
31072,Suma,Yucatán
31072,Suma,Yucatán
31073,Tahdziú,Yucatán
31073,Tahdziú,Yucatán
31073,Tahdziú,Yucatán
31074,Tahmek,Yucatán
31074,Tahmek,Yucatán
31074,Tahmek,Yucatán
31075,Teabo,Yucatán
31075,Teabo,Yucatán
31075,Teabo,Yucatán
31076,Tecoh,Yucatán
31076,Tecoh,Yucatán
31076,Tecoh,Yucatán
31077,Tekal de Venegas,Yucatán
31077,Tekal de Venegas,Yucatán
31077,Tekal de Venegas,Yucatán
31078,Tekantó,Yucatán
31078,Tekantó,Yucatán
31078,Tekantó,Yucatán
31079,Tekax,Yucatán
31079,Tekax,Yucatán
31079,Tekax,Yucatán
31080,Tekit,Yucatán
31080,Tekit,Yucatán
31080,Tekit,Yucatán
31081,Tekom,Yucatán
31081,Tekom,Yucatán
31081,Tekom,Yucatán
31082,Telchac Pueblo,Yucatán
31082,Telchac Pueblo,Yucatán
31082,Telchac Pueblo,Yucatán
31083,Telchac Puerto,Yucatán
31083,Telchac Puerto,Yucatán
31083,Telchac Puerto,Yucatán
31084,Temax,Yucatán
31084,Temax,Yucatán
31084,Temax,Yucatán
31085,Temozón,Yucatán
31085,Temozón,Yucatán
31085,Temozón,Yucatán
31086,Tepakán,Yucatán
31086,Tepakán,Yucatán
31086,Tepakán,Yucatán
31087,Tetiz,Yucatán
31087,Tetiz,Yucatán
31087,Tetiz,Yucatán
31088,Teya,Yucatán
31088,Teya,Yucatán
31088,Teya,Yucatán
31089,Ticul,Yucatán
31089,Ticul,Yucatán
31089,Ticul,Yucatán
31090,Timucuy,Yucatán
31090,Timucuy,Yucatán
31090,Timucuy,Yucatán
31091,Tinum,Yucatán
31091,Tinum,Yucatán
31091,Tinum,Yucatán
31092,Tixcacalcupul,Yucatán
31092,Tixcacalcupul,Yucatán
31092,Tixcacalcupul,Yucatán
31093,Tixkokob,Yucatán
31093,Tixkokob,Yucatán
31093,Tixkokob,Yucatán
31094,Tixmehuac,Yucatán
31094,Tixmehuac,Yucatán
31094,Tixmehuac,Yucatán
31095,Tixpéhual,Yucatán
31095,Tixpéhual,Yucatán
31095,Tixpéhual,Yucatán
31096,Tizimín,Yucatán
31096,Tizimín,Yucatán
31096,Tizimín,Yucatán
31097,Tunkás,Yucatán
31097,Tunkás,Yucatán
31097,Tunkás,Yucatán
31098,Tzucacab,Yucatán
31098,Tzucacab,Yucatán
31098,Tzucacab,Yucatán
31099,Uayma,Yucatán
31099,Uayma,Yucatán
31099,Uayma,Yucatán
31100,Ucú,Yucatán
31100,Ucú,Yucatán
31100,Ucú,Yucatán
31101,Umán,Yucatán
31101,Umán,Yucatán
31101,Umán,Yucatán
31102,Valladolid,Yucatán
31102,Valladolid,Yucatán
31102,Valladolid,Yucatán
31103,Xocchel,Yucatán
31103,Xocchel,Yucatán
31103,Xocchel,Yucatán
31104,Yaxcabá,Yucatán
31104,Yaxcabá,Yucatán
31104,Yaxcabá,Yucatán
31105,Yaxkukul,Yucatán
31105,Yaxkukul,Yucatán
31105,Yaxkukul,Yucatán
31106,Yobaín,Yucatán
31106,Yobaín,Yucatán
31106,Yobaín,Yucatán
32001,Apozol,Zacatecas
32001,Apozol,Zacatecas
32001,Apozol,Zacatecas
32002,Apulco,Zacatecas
32002,Apulco,Zacatecas
32002,Apulco,Zacatecas
32003,Atolinga,Zacatecas
32003,Atolinga,Zacatecas
32003,Atolinga,Zacatecas
32004,Benito Juárez,Zacatecas
32004,Benito Juárez,Zacatecas
32004,Benito Juárez,Zacatecas
32005,Calera,Zacatecas
32005,Calera,Zacatecas
32005,Calera,Zacatecas
32006,Cañitas de Felipe Pescador,Zacatecas
32006,Cañitas de Felipe Pescador,Zacatecas
32006,Cañitas de Felipe Pescador,Zacatecas
32007,Concepción del Oro,Zacatecas
32007,Concepción del Oro,Zacatecas
32007,Concepción del Oro,Zacatecas
32008,Cuauhtémoc,Zacatecas
32008,Cuauhtémoc,Zacatecas
32008,Cuauhtémoc,Zacatecas
32009,Chalchihuites,Zacatecas
32009,Chalchihuites,Zacatecas
32009,Chalchihuites,Zacatecas
32010,Fresnillo,Zacatecas
32010,Fresnillo,Zacatecas
32010,Fresnillo,Zacatecas
32011,Trinidad García de la Cadena,Zacatecas
32011,Trinidad García de la Cadena,Zacatecas
32011,Trinidad García de la Cadena,Zacatecas
32012,Genaro Codina,Zacatecas
32012,Genaro Codina,Zacatecas
32012,Genaro Codina,Zacatecas
32013,General Enrique Estrada,Zacatecas
32013,General Enrique Estrada,Zacatecas
32013,General Enrique Estrada,Zacatecas
32014,General Francisco R. Murguía,Zacatecas
32014,General Francisco R. Murguía,Zacatecas
32014,General Francisco R. Murguía,Zacatecas
32015,El Plateado de Joaquín Amaro,Zacatecas
32015,El Plateado de Joaquín Amaro,Zacatecas
32015,El Plateado de Joaquín Amaro,Zacatecas
32016,General Pánfilo Natera,Zacatecas
32016,General Pánfilo Natera,Zacatecas
32016,General Pánfilo Natera,Zacatecas
32017,Guadalupe,Zacatecas
32017,Guadalupe,Zacatecas
32017,Guadalupe,Zacatecas
32018,Huanusco,Zacatecas
32018,Huanusco,Zacatecas
32018,Huanusco,Zacatecas
32019,Jalpa,Zacatecas
32019,Jalpa,Zacatecas
32019,Jalpa,Zacatecas
32020,Jerez,Zacatecas
32020,Jerez,Zacatecas
32020,Jerez,Zacatecas
32021,Jiménez del Teul,Zacatecas
32021,Jiménez del Teul,Zacatecas
32021,Jiménez del Teul,Zacatecas
32022,Juan Aldama,Zacatecas
32022,Juan Aldama,Zacatecas
32022,Juan Aldama,Zacatecas
32023,Juchipila,Zacatecas
32023,Juchipila,Zacatecas
32023,Juchipila,Zacatecas
32024,Loreto,Zacatecas
32024,Loreto,Zacatecas
32024,Loreto,Zacatecas
32025,Luis Moya,Zacatecas
32025,Luis Moya,Zacatecas
32025,Luis Moya,Zacatecas
32026,Mazapil,Zacatecas
32026,Mazapil,Zacatecas
32026,Mazapil,Zacatecas
32027,Melchor Ocampo,Zacatecas
32027,Melchor Ocampo,Zacatecas
32027,Melchor Ocampo,Zacatecas
32028,Mezquital del Oro,Zacatecas
32028,Mezquital del Oro,Zacatecas
32028,Mezquital del Oro,Zacatecas
32029,Miguel Auza,Zacatecas
32029,Miguel Auza,Zacatecas
32029,Miguel Auza,Zacatecas
32030,Momax,Zacatecas
32030,Momax,Zacatecas
32030,Momax,Zacatecas
32031,Monte Escobedo,Zacatecas
32031,Monte Escobedo,Zacatecas
32031,Monte Escobedo,Zacatecas
32032,Morelos,Zacatecas
32032,Morelos,Zacatecas
32032,Morelos,Zacatecas
32033,Moyahua de Estrada,Zacatecas
32033,Moyahua de Estrada,Zacatecas
32033,Moyahua de Estrada,Zacatecas
32034,Nochistlán de Mejía,Zacatecas
32034,Nochistlán de Mejía,Zacatecas
32034,Nochistlán de Mejía,Zacatecas
32035,Noria de Ángeles,Zacatecas
32035,Noria de Ángeles,Zacatecas
32035,Noria de Ángeles,Zacatecas
32036,Ojocaliente,Zacatecas
32036,Ojocaliente,Zacatecas
32036,Ojocaliente,Zacatecas
32037,Pánuco,Zacatecas
32037,Pánuco,Zacatecas
32037,Pánuco,Zacatecas
32038,Pinos,Zacatecas
32038,Pinos,Zacatecas
32038,Pinos,Zacatecas
32039,Río Grande,Zacatecas
32039,Río Grande,Zacatecas
32039,Río Grande,Zacatecas
32040,Sain Alto,Zacatecas
32040,Sain Alto,Zacatecas
32040,Sain Alto,Zacatecas
32041,El Salvador,Zacatecas
32041,El Salvador,Zacatecas
32041,El Salvador,Zacatecas
32042,Sombrerete,Zacatecas
32042,Sombrerete,Zacatecas
32042,Sombrerete,Zacatecas
32043,Susticacán,Zacatecas
32043,Susticacán,Zacatecas
32043,Susticacán,Zacatecas
32044,Tabasco,Zacatecas
32044,Tabasco,Zacatecas
32044,Tabasco,Zacatecas
32045,Tepechitlán,Zacatecas
32045,Tepechitlán,Zacatecas
32045,Tepechitlán,Zacatecas
32046,Tepetongo,Zacatecas
32046,Tepetongo,Zacatecas
32046,Tepetongo,Zacatecas
32047,Teúl de González Ortega,Zacatecas
32047,Teúl de González Ortega,Zacatecas
32047,Teúl de González Ortega,Zacatecas
32048,Tlaltenango de Sánchez Román,Zacatecas
32048,Tlaltenango de Sánchez Román,Zacatecas
32048,Tlaltenango de Sánchez Román,Zacatecas
32049,Valparaíso,Zacatecas
32049,Valparaíso,Zacatecas
32049,Valparaíso,Zacatecas
32050,Vetagrande,Zacatecas
32050,Vetagrande,Zacatecas
32050,Vetagrande,Zacatecas
32051,Villa de Cos,Zacatecas
32051,Villa de Cos,Zacatecas
32051,Villa de Cos,Zacatecas
32052,Villa García,Zacatecas
32052,Villa García,Zacatecas
32052,Villa García,Zacatecas
32053,Villa González Ortega,Zacatecas
32053,Villa González Ortega,Zacatecas
32053,Villa González Ortega,Zacatecas
32054,Villa Hidalgo,Zacatecas
32054,Villa Hidalgo,Zacatecas
32054,Villa Hidalgo,Zacatecas
32055,Villanueva,Zacatecas
32055,Villanueva,Zacatecas
32055,Villanueva,Zacatecas
32056,Zacatecas,Zacatecas
32056,Zacatecas,Zacatecas
32056,Zacatecas,Zacatecas
32057,Trancoso,Zacatecas
32057,Trancoso,Zacatecas
32057,Trancoso,Zacatecas
32058,Santa María de la Paz,Zacatecas
32058,Santa María de la Paz,Zacatecas
32058,Santa María de la Paz,Zacatecas
