id_municipio,nom_municipio,nom_estado,fecha_registro,robos,secuestros,grado
1001,Aguascalientes,Aguascalientes,2025-05-01,494.0,0.0,Alto
1001,Aguascalientes,Aguascalientes,2025-06-01,448.0,0.0,Alto
1001,Aguascalientes,Aguascalientes,2025-07-01,445.0,0.0,Alto
1002,Asientos,Aguascalientes,2025-05-01,5.0,0.0,Bajo
1002,Asientos,Aguascalientes,2025-06-01,7.0,0.0,Bajo
1002,Asientos,Aguascalientes,2025-07-01,7.0,0.0,Bajo
1003,Calvillo,Aguascalientes,2025-05-01,7.0,0.0,Bajo
1003,Calvillo,Aguascalientes,2025-06-01,8.0,0.0,Bajo
1003,Calvillo,Aguascalientes,2025-07-01,7.0,0.0,Bajo
1004,Cosío,Aguascalientes,2025-05-01,5.0,0.0,Bajo
1004,Cosío,Aguascalientes,2025-06-01,7.0,0.0,Bajo
1004,Cosío,Aguascalientes,2025-07-01,4.0,0.0,Bajo
1005,Jesús María,Aguascalientes,2025-05-01,56.0,0.0,Bajo
1005,Jesús María,Aguascalientes,2025-06-01,66.0,0.0,Bajo
1005,Jesús María,Aguascalientes,2025-07-01,66.0,0.0,Bajo
1006,Pabellón de Arteaga,Aguascalientes,2025-05-01,16.0,0.0,Bajo
1006,Pabellón de Arteaga,Aguascalientes,2025-06-01,15.0,0.0,Bajo
1006,Pabellón de Arteaga,Aguascalientes,2025-07-01,19.0,0.0,Bajo
1007,Rincón de Romos,Aguascalientes,2025-05-01,15.0,0.0,Bajo
1007,Rincón de Romos,Aguascalientes,2025-06-01,14.0,0.0,Bajo
1007,Rincón de Romos,Aguascalientes,2025-07-01,16.0,0.0,Bajo
1008,San José de Gracia,Aguascalientes,2025-05-01,2.0,0.0,Bajo
1008,San José de Gracia,Aguascalientes,2025-06-01,5.0,0.0,Bajo
1008,San José de Gracia,Aguascalientes,2025-07-01,4.0,0.0,Bajo
1009,Tepezalá,Aguascalientes,2025-05-01,5.0,0.0,Bajo
1009,Tepezalá,Aguascalientes,2025-06-01,4.0,0.0,Bajo
1009,Tepezalá,Aguascalientes,2025-07-01,2.0,0.0,Bajo
1010,El Llano,Aguascalientes,2025-05-01,4.0,0.0,Bajo
1010,El Llano,Aguascalientes,2025-06-01,8.0,0.0,Bajo
1010,El Llano,Aguascalientes,2025-07-01,3.0,0.0,Bajo
1011,San Francisco de los Romo,Aguascalientes,2025-05-01,16.0,0.0,Bajo
1011,San Francisco de los Romo,Aguascalientes,2025-06-01,18.0,0.0,Bajo
1011,San Francisco de los Romo,Aguascalientes,2025-07-01,13.0,0.0,Bajo
2001,Ensenada,Baja California,2025-05-01,237.0,0.0,Medio
2001,Ensenada,Baja California,2025-06-01,179.0,0.0,Medio
2001,Ensenada,Baja California,2025-07-01,199.0,0.0,Medio
2002,Mexicali,Baja California,2025-05-01,419.0,0.0,Alto
2002,Mexicali,Baja California,2025-06-01,431.0,0.0,Alto
2002,Mexicali,Baja California,2025-07-01,431.0,0.0,Alto
2003,Tecate,Baja California,2025-05-01,47.0,0.0,Bajo
2003,Tecate,Baja California,2025-06-01,49.0,0.0,Bajo
2003,Tecate,Baja California,2025-07-01,58.0,0.0,Bajo
2004,Tijuana,Baja California,2025-05-01,692.0,0.0,Alto
2004,Tijuana,Baja California,2025-06-01,681.0,0.0,Alto
2004,Tijuana,Baja California,2025-07-01,736.0,0.0,Alto
2005,Playas de Rosarito,Baja California,2025-05-01,66.0,0.0,Bajo
2005,Playas de Rosarito,Baja California,2025-06-01,60.0,0.0,Bajo
2005,Playas de Rosarito,Baja California,2025-07-01,81.0,0.0,Bajo
2006,San Quintín,Baja California,2025-05-01,17.0,0.0,Bajo
2006,San Quintín,Baja California,2025-06-01,13.0,0.0,Bajo
2006,San Quintín,Baja California,2025-07-01,22.0,0.0,Bajo
2007,San Felipe,Baja California,2025-05-01,7.0,0.0,Bajo
2007,San Felipe,Baja California,2025-06-01,4.0,0.0,Bajo
2007,San Felipe,Baja California,2025-07-01,9.0,0.0,Bajo
3001,Comondú,Baja California Sur,2025-05-01,21.0,0.0,Bajo
3001,Comondú,Baja California Sur,2025-06-01,9.0,0.0,Bajo
3001,Comondú,Baja California Sur,2025-07-01,12.0,0.0,Bajo
3002,Mulegé,Baja California Sur,2025-05-01,16.0,0.0,Bajo
3002,Mulegé,Baja California Sur,2025-06-01,15.0,0.0,Bajo
3002,Mulegé,Baja California Sur,2025-07-01,17.0,0.0,Bajo
3003,La Paz,Baja California Sur,2025-05-01,183.0,0.0,Medio
3003,La Paz,Baja California Sur,2025-06-01,170.0,0.0,Medio
3003,La Paz,Baja California Sur,2025-07-01,169.0,0.0,Medio
3008,Los Cabos,Baja California Sur,2025-05-01,217.0,0.0,Medio
3008,Los Cabos,Baja California Sur,2025-06-01,191.0,0.0,Medio
3008,Los Cabos,Baja California Sur,2025-07-01,220.0,0.0,Medio
3009,Loreto,Baja California Sur,2025-05-01,3.0,0.0,Bajo
3009,Loreto,Baja California Sur,2025-06-01,9.0,0.0,Bajo
3009,Loreto,Baja California Sur,2025-07-01,5.0,0.0,Bajo
4001,Calkiní,Campeche,2025-05-01,0.0,0.0,Bajo
4001,Calkiní,Campeche,2025-06-01,2.0,0.0,Bajo
4001,Calkiní,Campeche,2025-07-01,1.0,0.0,Bajo
4002,Campeche,Campeche,2025-05-01,22.0,0.0,Bajo
4002,Campeche,Campeche,2025-06-01,13.0,1.0,Bajo
4002,Campeche,Campeche,2025-07-01,11.0,0.0,Bajo
4003,Carmen,Campeche,2025-05-01,7.0,0.0,Bajo
4003,Carmen,Campeche,2025-06-01,13.0,0.0,Bajo
4003,Carmen,Campeche,2025-07-01,9.0,0.0,Bajo
4004,Champotón,Campeche,2025-05-01,4.0,0.0,Bajo
4004,Champotón,Campeche,2025-06-01,7.0,0.0,Bajo
4004,Champotón,Campeche,2025-07-01,1.0,0.0,Bajo
4005,Hecelchakán,Campeche,2025-05-01,4.0,0.0,Bajo
4005,Hecelchakán,Campeche,2025-06-01,1.0,0.0,Bajo
4005,Hecelchakán,Campeche,2025-07-01,4.0,0.0,Bajo
4006,Hopelchén,Campeche,2025-05-01,2.0,0.0,Bajo
4006,Hopelchén,Campeche,2025-06-01,2.0,0.0,Bajo
4006,Hopelchén,Campeche,2025-07-01,0.0,0.0,Bajo
4007,Palizada,Campeche,2025-05-01,0.0,0.0,Bajo
4007,Palizada,Campeche,2025-06-01,0.0,0.0,Bajo
4007,Palizada,Campeche,2025-07-01,0.0,0.0,Bajo
4008,Tenabo,Campeche,2025-05-01,1.0,0.0,Bajo
4008,Tenabo,Campeche,2025-06-01,0.0,0.0,Bajo
4008,Tenabo,Campeche,2025-07-01,0.0,0.0,Bajo
4009,Escárcega,Campeche,2025-05-01,0.0,0.0,Bajo
4009,Escárcega,Campeche,2025-06-01,1.0,0.0,Bajo
4009,Escárcega,Campeche,2025-07-01,0.0,0.0,Bajo
4010,Calakmul,Campeche,2025-05-01,0.0,0.0,Bajo
4010,Calakmul,Campeche,2025-06-01,0.0,0.0,Bajo
4010,Calakmul,Campeche,2025-07-01,0.0,0.0,Bajo
4011,Candelaria,Campeche,2025-05-01,0.0,0.0,Bajo
4011,Candelaria,Campeche,2025-06-01,0.0,0.0,Bajo
4011,Candelaria,Campeche,2025-07-01,1.0,0.0,Bajo
4012,Seybaplaya,Campeche,2025-05-01,1.0,0.0,Bajo
4012,Seybaplaya,Campeche,2025-06-01,6.0,0.0,Bajo
4012,Seybaplaya,Campeche,2025-07-01,3.0,0.0,Bajo
4013,Dzitbalché,Campeche,2025-05-01,1.0,0.0,Bajo
4013,Dzitbalché,Campeche,2025-06-01,0.0,0.0,Bajo
4013,Dzitbalché,Campeche,2025-07-01,0.0,0.0,Bajo
7001,Acacoyagua,Chiapas,2025-05-01,0.0,0.0,Bajo
7001,Acacoyagua,Chiapas,2025-06-01,1.0,0.0,Bajo
7001,Acacoyagua,Chiapas,2025-07-01,1.0,0.0,Bajo
7002,Acala,Chiapas,2025-05-01,1.0,0.0,Bajo
7002,Acala,Chiapas,2025-06-01,1.0,0.0,Bajo
7002,Acala,Chiapas,2025-07-01,1.0,0.0,Bajo
7003,Acapetahua,Chiapas,2025-05-01,0.0,0.0,Bajo
7003,Acapetahua,Chiapas,2025-06-01,0.0,0.0,Bajo
7003,Acapetahua,Chiapas,2025-07-01,2.0,0.0,Bajo
7004,Altamirano,Chiapas,2025-05-01,1.0,0.0,Bajo
7004,Altamirano,Chiapas,2025-06-01,0.0,0.0,Bajo
7004,Altamirano,Chiapas,2025-07-01,0.0,0.0,Bajo
7005,Amatán,Chiapas,2025-05-01,1.0,0.0,Bajo
7005,Amatán,Chiapas,2025-06-01,0.0,0.0,Bajo
7005,Amatán,Chiapas,2025-07-01,0.0,0.0,Bajo
7006,Amatenango de la Frontera,Chiapas,2025-05-01,2.0,0.0,Bajo
7006,Amatenango de la Frontera,Chiapas,2025-06-01,0.0,0.0,Bajo
7006,Amatenango de la Frontera,Chiapas,2025-07-01,0.0,0.0,Bajo
7007,Amatenango del Valle,Chiapas,2025-05-01,0.0,0.0,Bajo
7007,Amatenango del Valle,Chiapas,2025-06-01,0.0,0.0,Bajo
7007,Amatenango del Valle,Chiapas,2025-07-01,0.0,0.0,Bajo
7008,Angel Albino Corzo,Chiapas,2025-05-01,0.0,0.0,Bajo
7008,Angel Albino Corzo,Chiapas,2025-06-01,0.0,0.0,Bajo
7008,Angel Albino Corzo,Chiapas,2025-07-01,0.0,0.0,Bajo
7009,Arriaga,Chiapas,2025-05-01,0.0,0.0,Bajo
7009,Arriaga,Chiapas,2025-06-01,5.0,0.0,Bajo
7009,Arriaga,Chiapas,2025-07-01,3.0,0.0,Bajo
7010,Bejucal de Ocampo,Chiapas,2025-05-01,0.0,0.0,Bajo
7010,Bejucal de Ocampo,Chiapas,2025-06-01,0.0,0.0,Bajo
7010,Bejucal de Ocampo,Chiapas,2025-07-01,0.0,0.0,Bajo
7011,Bella Vista,Chiapas,2025-05-01,0.0,0.0,Bajo
7011,Bella Vista,Chiapas,2025-06-01,0.0,0.0,Bajo
7011,Bella Vista,Chiapas,2025-07-01,0.0,0.0,Bajo
7012,Berriozábal,Chiapas,2025-05-01,3.0,0.0,Bajo
7012,Berriozábal,Chiapas,2025-06-01,0.0,0.0,Bajo
7012,Berriozábal,Chiapas,2025-07-01,2.0,0.0,Bajo
7013,Bochil,Chiapas,2025-05-01,0.0,0.0,Bajo
7013,Bochil,Chiapas,2025-06-01,0.0,0.0,Bajo
7013,Bochil,Chiapas,2025-07-01,0.0,0.0,Bajo
7014,El Bosque,Chiapas,2025-05-01,0.0,0.0,Bajo
7014,El Bosque,Chiapas,2025-06-01,0.0,0.0,Bajo
7014,El Bosque,Chiapas,2025-07-01,0.0,0.0,Bajo
7015,Cacahoatán,Chiapas,2025-05-01,0.0,0.0,Bajo
7015,Cacahoatán,Chiapas,2025-06-01,0.0,0.0,Bajo
7015,Cacahoatán,Chiapas,2025-07-01,0.0,0.0,Bajo
7016,Catazajá,Chiapas,2025-05-01,1.0,0.0,Bajo
7016,Catazajá,Chiapas,2025-06-01,1.0,0.0,Bajo
7016,Catazajá,Chiapas,2025-07-01,0.0,0.0,Bajo
7017,Cintalapa,Chiapas,2025-05-01,0.0,0.0,Bajo
7017,Cintalapa,Chiapas,2025-06-01,0.0,0.0,Bajo
7017,Cintalapa,Chiapas,2025-07-01,1.0,0.0,Bajo
7018,Coapilla,Chiapas,2025-05-01,0.0,0.0,Bajo
7018,Coapilla,Chiapas,2025-06-01,0.0,0.0,Bajo
7018,Coapilla,Chiapas,2025-07-01,0.0,0.0,Bajo
7019,Comitán de Domínguez,Chiapas,2025-05-01,11.0,0.0,Bajo
7019,Comitán de Domínguez,Chiapas,2025-06-01,10.0,0.0,Bajo
7019,Comitán de Domínguez,Chiapas,2025-07-01,6.0,0.0,Bajo
7020,La Concordia,Chiapas,2025-05-01,0.0,0.0,Bajo
7020,La Concordia,Chiapas,2025-06-01,0.0,0.0,Bajo
7020,La Concordia,Chiapas,2025-07-01,1.0,0.0,Bajo
7021,Copainalá,Chiapas,2025-05-01,0.0,0.0,Bajo
7021,Copainalá,Chiapas,2025-06-01,1.0,0.0,Bajo
7021,Copainalá,Chiapas,2025-07-01,0.0,0.0,Bajo
7022,Chalchihuitán,Chiapas,2025-05-01,0.0,0.0,Bajo
7022,Chalchihuitán,Chiapas,2025-06-01,0.0,0.0,Bajo
7022,Chalchihuitán,Chiapas,2025-07-01,0.0,0.0,Bajo
7023,Chamula,Chiapas,2025-05-01,0.0,0.0,Bajo
7023,Chamula,Chiapas,2025-06-01,1.0,0.0,Bajo
7023,Chamula,Chiapas,2025-07-01,0.0,0.0,Bajo
7024,Chanal,Chiapas,2025-05-01,0.0,0.0,Bajo
7024,Chanal,Chiapas,2025-06-01,0.0,0.0,Bajo
7024,Chanal,Chiapas,2025-07-01,0.0,0.0,Bajo
7025,Chapultenango,Chiapas,2025-05-01,0.0,0.0,Bajo
7025,Chapultenango,Chiapas,2025-06-01,0.0,0.0,Bajo
7025,Chapultenango,Chiapas,2025-07-01,0.0,0.0,Bajo
7026,Chenalhó,Chiapas,2025-05-01,0.0,0.0,Bajo
7026,Chenalhó,Chiapas,2025-06-01,1.0,0.0,Bajo
7026,Chenalhó,Chiapas,2025-07-01,0.0,0.0,Bajo
7027,Chiapa de Corzo,Chiapas,2025-05-01,6.0,0.0,Bajo
7027,Chiapa de Corzo,Chiapas,2025-06-01,4.0,0.0,Bajo
7027,Chiapa de Corzo,Chiapas,2025-07-01,1.0,0.0,Bajo
7028,Chiapilla,Chiapas,2025-05-01,0.0,0.0,Bajo
7028,Chiapilla,Chiapas,2025-06-01,0.0,0.0,Bajo
7028,Chiapilla,Chiapas,2025-07-01,0.0,0.0,Bajo
7029,Chicoasén,Chiapas,2025-05-01,0.0,0.0,Bajo
7029,Chicoasén,Chiapas,2025-06-01,0.0,0.0,Bajo
7029,Chicoasén,Chiapas,2025-07-01,0.0,0.0,Bajo
7030,Chicomuselo,Chiapas,2025-05-01,2.0,0.0,Bajo
7030,Chicomuselo,Chiapas,2025-06-01,1.0,0.0,Bajo
7030,Chicomuselo,Chiapas,2025-07-01,0.0,0.0,Bajo
7031,Chilón,Chiapas,2025-05-01,0.0,0.0,Bajo
7031,Chilón,Chiapas,2025-06-01,1.0,0.0,Bajo
7031,Chilón,Chiapas,2025-07-01,0.0,0.0,Bajo
7032,Escuintla,Chiapas,2025-05-01,1.0,0.0,Bajo
7032,Escuintla,Chiapas,2025-06-01,3.0,0.0,Bajo
7032,Escuintla,Chiapas,2025-07-01,5.0,0.0,Bajo
7033,Francisco León,Chiapas,2025-05-01,0.0,0.0,Bajo
7033,Francisco León,Chiapas,2025-06-01,0.0,0.0,Bajo
7033,Francisco León,Chiapas,2025-07-01,0.0,0.0,Bajo
7034,Frontera Comalapa,Chiapas,2025-05-01,1.0,1.0,Bajo
7034,Frontera Comalapa,Chiapas,2025-06-01,3.0,0.0,Bajo
7034,Frontera Comalapa,Chiapas,2025-07-01,1.0,0.0,Bajo
7035,Frontera Hidalgo,Chiapas,2025-05-01,1.0,0.0,Bajo
7035,Frontera Hidalgo,Chiapas,2025-06-01,0.0,0.0,Bajo
7035,Frontera Hidalgo,Chiapas,2025-07-01,0.0,0.0,Bajo
7036,La Grandeza,Chiapas,2025-05-01,0.0,0.0,Bajo
7036,La Grandeza,Chiapas,2025-06-01,0.0,0.0,Bajo
7036,La Grandeza,Chiapas,2025-07-01,0.0,0.0,Bajo
7037,Huehuetán,Chiapas,2025-05-01,2.0,0.0,Bajo
7037,Huehuetán,Chiapas,2025-06-01,0.0,0.0,Bajo
7037,Huehuetán,Chiapas,2025-07-01,2.0,0.0,Bajo
7038,Huixtán,Chiapas,2025-05-01,1.0,0.0,Bajo
7038,Huixtán,Chiapas,2025-06-01,0.0,0.0,Bajo
7038,Huixtán,Chiapas,2025-07-01,0.0,0.0,Bajo
7039,Huitiupán,Chiapas,2025-05-01,0.0,0.0,Bajo
7039,Huitiupán,Chiapas,2025-06-01,0.0,0.0,Bajo
7039,Huitiupán,Chiapas,2025-07-01,0.0,0.0,Bajo
7040,Huixtla,Chiapas,2025-05-01,3.0,0.0,Bajo
7040,Huixtla,Chiapas,2025-06-01,2.0,0.0,Bajo
7040,Huixtla,Chiapas,2025-07-01,1.0,0.0,Bajo
7041,La Independencia,Chiapas,2025-05-01,0.0,0.0,Bajo
7041,La Independencia,Chiapas,2025-06-01,0.0,0.0,Bajo
7041,La Independencia,Chiapas,2025-07-01,2.0,0.0,Bajo
7042,Ixhuatán,Chiapas,2025-05-01,0.0,0.0,Bajo
7042,Ixhuatán,Chiapas,2025-06-01,0.0,0.0,Bajo
7042,Ixhuatán,Chiapas,2025-07-01,0.0,0.0,Bajo
7043,Ixtacomitán,Chiapas,2025-05-01,0.0,0.0,Bajo
7043,Ixtacomitán,Chiapas,2025-06-01,0.0,0.0,Bajo
7043,Ixtacomitán,Chiapas,2025-07-01,0.0,0.0,Bajo
7044,Ixtapa,Chiapas,2025-05-01,0.0,0.0,Bajo
7044,Ixtapa,Chiapas,2025-06-01,1.0,0.0,Bajo
7044,Ixtapa,Chiapas,2025-07-01,0.0,0.0,Bajo
7045,Ixtapangajoya,Chiapas,2025-05-01,0.0,0.0,Bajo
7045,Ixtapangajoya,Chiapas,2025-06-01,0.0,0.0,Bajo
7045,Ixtapangajoya,Chiapas,2025-07-01,1.0,0.0,Bajo
7046,Jiquipilas,Chiapas,2025-05-01,0.0,0.0,Bajo
7046,Jiquipilas,Chiapas,2025-06-01,0.0,0.0,Bajo
7046,Jiquipilas,Chiapas,2025-07-01,0.0,0.0,Bajo
7047,Jitotol,Chiapas,2025-05-01,0.0,0.0,Bajo
7047,Jitotol,Chiapas,2025-06-01,0.0,0.0,Bajo
7047,Jitotol,Chiapas,2025-07-01,0.0,0.0,Bajo
7048,Juárez,Chiapas,2025-05-01,0.0,0.0,Bajo
7048,Juárez,Chiapas,2025-06-01,1.0,0.0,Bajo
7048,Juárez,Chiapas,2025-07-01,0.0,0.0,Bajo
7049,Larráinzar,Chiapas,2025-05-01,0.0,0.0,Bajo
7049,Larráinzar,Chiapas,2025-06-01,0.0,0.0,Bajo
7049,Larráinzar,Chiapas,2025-07-01,0.0,0.0,Bajo
7050,La Libertad,Chiapas,2025-05-01,0.0,0.0,Bajo
7050,La Libertad,Chiapas,2025-06-01,0.0,0.0,Bajo
7050,La Libertad,Chiapas,2025-07-01,0.0,0.0,Bajo
7051,Mapastepec,Chiapas,2025-05-01,9.0,0.0,Bajo
7051,Mapastepec,Chiapas,2025-06-01,2.0,0.0,Bajo
7051,Mapastepec,Chiapas,2025-07-01,4.0,0.0,Bajo
7052,Las Margaritas,Chiapas,2025-05-01,1.0,0.0,Bajo
7052,Las Margaritas,Chiapas,2025-06-01,4.0,0.0,Bajo
7052,Las Margaritas,Chiapas,2025-07-01,3.0,0.0,Bajo
7053,Mazapa de Madero,Chiapas,2025-05-01,0.0,0.0,Bajo
7053,Mazapa de Madero,Chiapas,2025-06-01,1.0,0.0,Bajo
7053,Mazapa de Madero,Chiapas,2025-07-01,1.0,0.0,Bajo
7054,Mazatán,Chiapas,2025-05-01,1.0,0.0,Bajo
7054,Mazatán,Chiapas,2025-06-01,1.0,0.0,Bajo
7054,Mazatán,Chiapas,2025-07-01,1.0,0.0,Bajo
7055,Metapa,Chiapas,2025-05-01,0.0,0.0,Bajo
7055,Metapa,Chiapas,2025-06-01,0.0,0.0,Bajo
7055,Metapa,Chiapas,2025-07-01,0.0,0.0,Bajo
7056,Mitontic,Chiapas,2025-05-01,0.0,0.0,Bajo
7056,Mitontic,Chiapas,2025-06-01,0.0,0.0,Bajo
7056,Mitontic,Chiapas,2025-07-01,0.0,0.0,Bajo
7057,Motozintla,Chiapas,2025-05-01,1.0,0.0,Bajo
7057,Motozintla,Chiapas,2025-06-01,1.0,0.0,Bajo
7057,Motozintla,Chiapas,2025-07-01,0.0,0.0,Bajo
7058,Nicolás Ruíz,Chiapas,2025-05-01,0.0,0.0,Bajo
7058,Nicolás Ruíz,Chiapas,2025-06-01,0.0,0.0,Bajo
7058,Nicolás Ruíz,Chiapas,2025-07-01,0.0,0.0,Bajo
7059,Ocosingo,Chiapas,2025-05-01,3.0,0.0,Bajo
7059,Ocosingo,Chiapas,2025-06-01,2.0,0.0,Bajo
7059,Ocosingo,Chiapas,2025-07-01,6.0,0.0,Bajo
7060,Ocotepec,Chiapas,2025-05-01,0.0,0.0,Bajo
7060,Ocotepec,Chiapas,2025-06-01,0.0,0.0,Bajo
7060,Ocotepec,Chiapas,2025-07-01,0.0,0.0,Bajo
7061,Ocozocoautla de Espinosa,Chiapas,2025-05-01,1.0,0.0,Bajo
7061,Ocozocoautla de Espinosa,Chiapas,2025-06-01,1.0,0.0,Bajo
7061,Ocozocoautla de Espinosa,Chiapas,2025-07-01,4.0,0.0,Bajo
7062,Ostuacán,Chiapas,2025-05-01,0.0,0.0,Bajo
7062,Ostuacán,Chiapas,2025-06-01,0.0,0.0,Bajo
7062,Ostuacán,Chiapas,2025-07-01,0.0,0.0,Bajo
7063,Osumacinta,Chiapas,2025-05-01,0.0,0.0,Bajo
7063,Osumacinta,Chiapas,2025-06-01,0.0,0.0,Bajo
7063,Osumacinta,Chiapas,2025-07-01,0.0,0.0,Bajo
7064,Oxchuc,Chiapas,2025-05-01,0.0,0.0,Bajo
7064,Oxchuc,Chiapas,2025-06-01,0.0,0.0,Bajo
7064,Oxchuc,Chiapas,2025-07-01,0.0,0.0,Bajo
7065,Palenque,Chiapas,2025-05-01,5.0,0.0,Bajo
7065,Palenque,Chiapas,2025-06-01,2.0,0.0,Bajo
7065,Palenque,Chiapas,2025-07-01,3.0,0.0,Bajo
7066,Pantelhó,Chiapas,2025-05-01,1.0,0.0,Bajo
7066,Pantelhó,Chiapas,2025-06-01,0.0,0.0,Bajo
7066,Pantelhó,Chiapas,2025-07-01,0.0,0.0,Bajo
7067,Pantepec,Chiapas,2025-05-01,0.0,0.0,Bajo
7067,Pantepec,Chiapas,2025-06-01,0.0,0.0,Bajo
7067,Pantepec,Chiapas,2025-07-01,0.0,0.0,Bajo
7068,Pichucalco,Chiapas,2025-05-01,0.0,0.0,Bajo
7068,Pichucalco,Chiapas,2025-06-01,1.0,0.0,Bajo
7068,Pichucalco,Chiapas,2025-07-01,0.0,0.0,Bajo
7069,Pijijiapan,Chiapas,2025-05-01,3.0,0.0,Bajo
7069,Pijijiapan,Chiapas,2025-06-01,0.0,0.0,Bajo
7069,Pijijiapan,Chiapas,2025-07-01,1.0,0.0,Bajo
7070,El Porvenir,Chiapas,2025-05-01,0.0,0.0,Bajo
7070,El Porvenir,Chiapas,2025-06-01,0.0,0.0,Bajo
7070,El Porvenir,Chiapas,2025-07-01,0.0,0.0,Bajo
7071,Villa Comaltitlán,Chiapas,2025-05-01,2.0,0.0,Bajo
7071,Villa Comaltitlán,Chiapas,2025-06-01,0.0,0.0,Bajo
7071,Villa Comaltitlán,Chiapas,2025-07-01,0.0,0.0,Bajo
7072,Pueblo Nuevo Solistahuacán,Chiapas,2025-05-01,0.0,0.0,Bajo
7072,Pueblo Nuevo Solistahuacán,Chiapas,2025-06-01,1.0,0.0,Bajo
7072,Pueblo Nuevo Solistahuacán,Chiapas,2025-07-01,1.0,0.0,Bajo
7073,Rayón,Chiapas,2025-05-01,1.0,0.0,Bajo
7073,Rayón,Chiapas,2025-06-01,0.0,0.0,Bajo
7073,Rayón,Chiapas,2025-07-01,0.0,0.0,Bajo
7074,Reforma,Chiapas,2025-05-01,3.0,0.0,Bajo
7074,Reforma,Chiapas,2025-06-01,2.0,0.0,Bajo
7074,Reforma,Chiapas,2025-07-01,3.0,0.0,Bajo
7075,Las Rosas,Chiapas,2025-05-01,0.0,0.0,Bajo
7075,Las Rosas,Chiapas,2025-06-01,0.0,0.0,Bajo
7075,Las Rosas,Chiapas,2025-07-01,0.0,0.0,Bajo
7076,Sabanilla,Chiapas,2025-05-01,0.0,0.0,Bajo
7076,Sabanilla,Chiapas,2025-06-01,0.0,0.0,Bajo
7076,Sabanilla,Chiapas,2025-07-01,0.0,0.0,Bajo
7077,Salto de Agua,Chiapas,2025-05-01,0.0,0.0,Bajo
7077,Salto de Agua,Chiapas,2025-06-01,0.0,0.0,Bajo
7077,Salto de Agua,Chiapas,2025-07-01,1.0,0.0,Bajo
7078,San Cristóbal de las Casas,Chiapas,2025-05-01,13.0,0.0,Bajo
7078,San Cristóbal de las Casas,Chiapas,2025-06-01,9.0,0.0,Bajo
7078,San Cristóbal de las Casas,Chiapas,2025-07-01,11.0,0.0,Bajo
7079,San Fernando,Chiapas,2025-05-01,1.0,0.0,Bajo
7079,San Fernando,Chiapas,2025-06-01,0.0,0.0,Bajo
7079,San Fernando,Chiapas,2025-07-01,1.0,0.0,Bajo
7080,Siltepec,Chiapas,2025-05-01,0.0,0.0,Bajo
7080,Siltepec,Chiapas,2025-06-01,0.0,0.0,Bajo
7080,Siltepec,Chiapas,2025-07-01,0.0,0.0,Bajo
7081,Simojovel,Chiapas,2025-05-01,4.0,0.0,Bajo
7081,Simojovel,Chiapas,2025-06-01,1.0,0.0,Bajo
7081,Simojovel,Chiapas,2025-07-01,1.0,0.0,Bajo
7082,Sitalá,Chiapas,2025-05-01,0.0,0.0,Bajo
7082,Sitalá,Chiapas,2025-06-01,0.0,0.0,Bajo
7082,Sitalá,Chiapas,2025-07-01,1.0,0.0,Bajo
7083,Socoltenango,Chiapas,2025-05-01,2.0,0.0,Bajo
7083,Socoltenango,Chiapas,2025-06-01,0.0,0.0,Bajo
7083,Socoltenango,Chiapas,2025-07-01,0.0,0.0,Bajo
7084,Solosuchiapa,Chiapas,2025-05-01,0.0,0.0,Bajo
7084,Solosuchiapa,Chiapas,2025-06-01,0.0,0.0,Bajo
7084,Solosuchiapa,Chiapas,2025-07-01,0.0,0.0,Bajo
7085,Soyaló,Chiapas,2025-05-01,0.0,0.0,Bajo
7085,Soyaló,Chiapas,2025-06-01,0.0,0.0,Bajo
7085,Soyaló,Chiapas,2025-07-01,1.0,0.0,Bajo
7086,Suchiapa,Chiapas,2025-05-01,0.0,0.0,Bajo
7086,Suchiapa,Chiapas,2025-06-01,0.0,0.0,Bajo
7086,Suchiapa,Chiapas,2025-07-01,0.0,0.0,Bajo
7087,Suchiate,Chiapas,2025-05-01,0.0,0.0,Bajo
7087,Suchiate,Chiapas,2025-06-01,0.0,0.0,Bajo
7087,Suchiate,Chiapas,2025-07-01,0.0,0.0,Bajo
7088,Sunuapa,Chiapas,2025-05-01,0.0,0.0,Bajo
7088,Sunuapa,Chiapas,2025-06-01,0.0,0.0,Bajo
7088,Sunuapa,Chiapas,2025-07-01,0.0,0.0,Bajo
7089,Tapachula,Chiapas,2025-05-01,9.0,0.0,Bajo
7089,Tapachula,Chiapas,2025-06-01,8.0,0.0,Bajo
7089,Tapachula,Chiapas,2025-07-01,17.0,0.0,Bajo
7090,Tapalapa,Chiapas,2025-05-01,0.0,0.0,Bajo
7090,Tapalapa,Chiapas,2025-06-01,0.0,0.0,Bajo
7090,Tapalapa,Chiapas,2025-07-01,0.0,0.0,Bajo
7091,Tapilula,Chiapas,2025-05-01,0.0,0.0,Bajo
7091,Tapilula,Chiapas,2025-06-01,0.0,0.0,Bajo
7091,Tapilula,Chiapas,2025-07-01,0.0,0.0,Bajo
7092,Tecpatán,Chiapas,2025-05-01,1.0,0.0,Bajo
7092,Tecpatán,Chiapas,2025-06-01,0.0,0.0,Bajo
7092,Tecpatán,Chiapas,2025-07-01,0.0,0.0,Bajo
7093,Tenejapa,Chiapas,2025-05-01,0.0,0.0,Bajo
7093,Tenejapa,Chiapas,2025-06-01,0.0,0.0,Bajo
7093,Tenejapa,Chiapas,2025-07-01,0.0,0.0,Bajo
7094,Teopisca,Chiapas,2025-05-01,1.0,0.0,Bajo
7094,Teopisca,Chiapas,2025-06-01,0.0,0.0,Bajo
7094,Teopisca,Chiapas,2025-07-01,0.0,0.0,Bajo
7096,Tila,Chiapas,2025-05-01,1.0,0.0,Bajo
7096,Tila,Chiapas,2025-06-01,0.0,0.0,Bajo
7096,Tila,Chiapas,2025-07-01,0.0,0.0,Bajo
7097,Tonalá,Chiapas,2025-05-01,1.0,0.0,Bajo
7097,Tonalá,Chiapas,2025-06-01,3.0,0.0,Bajo
7097,Tonalá,Chiapas,2025-07-01,1.0,0.0,Bajo
7098,Totolapa,Chiapas,2025-05-01,0.0,0.0,Bajo
7098,Totolapa,Chiapas,2025-06-01,2.0,0.0,Bajo
7098,Totolapa,Chiapas,2025-07-01,0.0,0.0,Bajo
7099,La Trinitaria,Chiapas,2025-05-01,0.0,0.0,Bajo
7099,La Trinitaria,Chiapas,2025-06-01,1.0,0.0,Bajo
7099,La Trinitaria,Chiapas,2025-07-01,0.0,0.0,Bajo
7100,Tumbalá,Chiapas,2025-05-01,0.0,0.0,Bajo
7100,Tumbalá,Chiapas,2025-06-01,0.0,0.0,Bajo
7100,Tumbalá,Chiapas,2025-07-01,0.0,0.0,Bajo
7101,Tuxtla Gutiérrez,Chiapas,2025-05-01,21.0,0.0,Bajo
7101,Tuxtla Gutiérrez,Chiapas,2025-06-01,26.0,0.0,Bajo
7101,Tuxtla Gutiérrez,Chiapas,2025-07-01,26.0,0.0,Bajo
7102,Tuxtla Chico,Chiapas,2025-05-01,0.0,0.0,Bajo
7102,Tuxtla Chico,Chiapas,2025-06-01,0.0,0.0,Bajo
7102,Tuxtla Chico,Chiapas,2025-07-01,1.0,0.0,Bajo
7103,Tuzantán,Chiapas,2025-05-01,1.0,0.0,Bajo
7103,Tuzantán,Chiapas,2025-06-01,0.0,0.0,Bajo
7103,Tuzantán,Chiapas,2025-07-01,2.0,0.0,Bajo
7104,Tzimol,Chiapas,2025-05-01,0.0,0.0,Bajo
7104,Tzimol,Chiapas,2025-06-01,0.0,0.0,Bajo
7104,Tzimol,Chiapas,2025-07-01,0.0,0.0,Bajo
7105,Unión Juárez,Chiapas,2025-05-01,0.0,0.0,Bajo
7105,Unión Juárez,Chiapas,2025-06-01,0.0,0.0,Bajo
7105,Unión Juárez,Chiapas,2025-07-01,0.0,0.0,Bajo
7106,Venustiano Carranza,Chiapas,2025-05-01,0.0,0.0,Bajo
7106,Venustiano Carranza,Chiapas,2025-06-01,0.0,0.0,Bajo
7106,Venustiano Carranza,Chiapas,2025-07-01,0.0,0.0,Bajo
7107,Villa Corzo,Chiapas,2025-05-01,0.0,0.0,Bajo
7107,Villa Corzo,Chiapas,2025-06-01,0.0,0.0,Bajo
7107,Villa Corzo,Chiapas,2025-07-01,0.0,0.0,Bajo
7108,Villaflores,Chiapas,2025-05-01,2.0,0.0,Bajo
7108,Villaflores,Chiapas,2025-06-01,2.0,0.0,Bajo
7108,Villaflores,Chiapas,2025-07-01,3.0,0.0,Bajo
7109,Yajalón,Chiapas,2025-05-01,0.0,0.0,Bajo
7109,Yajalón,Chiapas,2025-06-01,0.0,0.0,Bajo
7109,Yajalón,Chiapas,2025-07-01,0.0,0.0,Bajo
7110,San Lucas,Chiapas,2025-05-01,0.0,0.0,Bajo
7110,San Lucas,Chiapas,2025-06-01,0.0,0.0,Bajo
7110,San Lucas,Chiapas,2025-07-01,0.0,0.0,Bajo
7111,Zinacantán,Chiapas,2025-05-01,1.0,0.0,Bajo
7111,Zinacantán,Chiapas,2025-06-01,0.0,0.0,Bajo
7111,Zinacantán,Chiapas,2025-07-01,0.0,0.0,Bajo
7112,San Juan Cancuc,Chiapas,2025-05-01,0.0,0.0,Bajo
7112,San Juan Cancuc,Chiapas,2025-06-01,0.0,0.0,Bajo
7112,San Juan Cancuc,Chiapas,2025-07-01,0.0,0.0,Bajo
7113,Aldama,Chiapas,2025-05-01,0.0,0.0,Bajo
7113,Aldama,Chiapas,2025-06-01,0.0,0.0,Bajo
7113,Aldama,Chiapas,2025-07-01,0.0,0.0,Bajo
7114,Benemérito de las Américas,Chiapas,2025-05-01,1.0,0.0,Bajo
7114,Benemérito de las Américas,Chiapas,2025-06-01,1.0,0.0,Bajo
7114,Benemérito de las Américas,Chiapas,2025-07-01,2.0,0.0,Bajo
7115,Maravilla Tenejapa,Chiapas,2025-05-01,0.0,0.0,Bajo
7115,Maravilla Tenejapa,Chiapas,2025-06-01,0.0,0.0,Bajo
7115,Maravilla Tenejapa,Chiapas,2025-07-01,0.0,0.0,Bajo
7116,Marqués de Comillas,Chiapas,2025-05-01,0.0,0.0,Bajo
7116,Marqués de Comillas,Chiapas,2025-06-01,0.0,0.0,Bajo
7116,Marqués de Comillas,Chiapas,2025-07-01,1.0,0.0,Bajo
7117,Montecristo de Guerrero,Chiapas,2025-05-01,0.0,0.0,Bajo
7117,Montecristo de Guerrero,Chiapas,2025-06-01,0.0,0.0,Bajo
7117,Montecristo de Guerrero,Chiapas,2025-07-01,0.0,0.0,Bajo
7118,San Andrés Duraznal,Chiapas,2025-05-01,0.0,0.0,Bajo
7118,San Andrés Duraznal,Chiapas,2025-06-01,0.0,0.0,Bajo
7118,San Andrés Duraznal,Chiapas,2025-07-01,0.0,0.0,Bajo
7119,Santiago el Pinar,Chiapas,2025-05-01,0.0,0.0,Bajo
7119,Santiago el Pinar,Chiapas,2025-06-01,0.0,0.0,Bajo
7119,Santiago el Pinar,Chiapas,2025-07-01,0.0,0.0,Bajo
7120,Capitán Luis Ángel Vidal,Chiapas,2025-05-01,0.0,0.0,Bajo
7120,Capitán Luis Ángel Vidal,Chiapas,2025-06-01,0.0,0.0,Bajo
7120,Capitán Luis Ángel Vidal,Chiapas,2025-07-01,0.0,0.0,Bajo
7121,Rincón Chamula San Pedro,Chiapas,2025-05-01,0.0,0.0,Bajo
7121,Rincón Chamula San Pedro,Chiapas,2025-06-01,0.0,0.0,Bajo
7121,Rincón Chamula San Pedro,Chiapas,2025-07-01,0.0,0.0,Bajo
7122,El Parral,Chiapas,2025-05-01,1.0,0.0,Bajo
7122,El Parral,Chiapas,2025-06-01,0.0,0.0,Bajo
7122,El Parral,Chiapas,2025-07-01,1.0,0.0,Bajo
7123,Emiliano Zapata,Chiapas,2025-05-01,0.0,0.0,Bajo
7123,Emiliano Zapata,Chiapas,2025-06-01,0.0,0.0,Bajo
7123,Emiliano Zapata,Chiapas,2025-07-01,0.0,0.0,Bajo
7124,Mezcalapa,Chiapas,2025-05-01,0.0,0.0,Bajo
7124,Mezcalapa,Chiapas,2025-06-01,0.0,0.0,Bajo
7124,Mezcalapa,Chiapas,2025-07-01,1.0,0.0,Bajo
7125,Honduras de la Sierra,Chiapas,2025-05-01,0.0,0.0,Bajo
7125,Honduras de la Sierra,Chiapas,2025-06-01,0.0,0.0,Bajo
7125,Honduras de la Sierra,Chiapas,2025-07-01,1.0,0.0,Bajo
8001,Ahumada,Chihuahua,2025-05-01,1.0,0.0,Bajo
8001,Ahumada,Chihuahua,2025-06-01,0.0,0.0,Bajo
8001,Ahumada,Chihuahua,2025-07-01,1.0,0.0,Bajo
8002,Aldama,Chihuahua,2025-05-01,7.0,0.0,Bajo
8002,Aldama,Chihuahua,2025-06-01,9.0,0.0,Bajo
8002,Aldama,Chihuahua,2025-07-01,5.0,0.0,Bajo
8003,Allende,Chihuahua,2025-05-01,1.0,0.0,Bajo
8003,Allende,Chihuahua,2025-06-01,1.0,0.0,Bajo
8003,Allende,Chihuahua,2025-07-01,0.0,0.0,Bajo
8004,Aquiles Serdán,Chihuahua,2025-05-01,3.0,0.0,Bajo
8004,Aquiles Serdán,Chihuahua,2025-06-01,1.0,0.0,Bajo
8004,Aquiles Serdán,Chihuahua,2025-07-01,1.0,0.0,Bajo
8005,Ascensión,Chihuahua,2025-05-01,3.0,0.0,Bajo
8005,Ascensión,Chihuahua,2025-06-01,2.0,0.0,Bajo
8005,Ascensión,Chihuahua,2025-07-01,4.0,0.0,Bajo
8006,Bachíniva,Chihuahua,2025-05-01,1.0,0.0,Bajo
8006,Bachíniva,Chihuahua,2025-06-01,3.0,0.0,Bajo
8006,Bachíniva,Chihuahua,2025-07-01,1.0,0.0,Bajo
8007,Balleza,Chihuahua,2025-05-01,1.0,0.0,Bajo
8007,Balleza,Chihuahua,2025-06-01,2.0,0.0,Bajo
8007,Balleza,Chihuahua,2025-07-01,1.0,0.0,Bajo
8008,Batopilas de Manuel Gómez Morín,Chihuahua,2025-05-01,0.0,0.0,Bajo
8008,Batopilas de Manuel Gómez Morín,Chihuahua,2025-06-01,0.0,0.0,Bajo
8008,Batopilas de Manuel Gómez Morín,Chihuahua,2025-07-01,0.0,0.0,Bajo
8009,Bocoyna,Chihuahua,2025-05-01,2.0,0.0,Bajo
8009,Bocoyna,Chihuahua,2025-06-01,3.0,0.0,Bajo
8009,Bocoyna,Chihuahua,2025-07-01,4.0,0.0,Bajo
8010,Buenaventura,Chihuahua,2025-05-01,0.0,0.0,Bajo
8010,Buenaventura,Chihuahua,2025-06-01,1.0,0.0,Bajo
8010,Buenaventura,Chihuahua,2025-07-01,1.0,0.0,Bajo
8011,Camargo,Chihuahua,2025-05-01,10.0,0.0,Bajo
8011,Camargo,Chihuahua,2025-06-01,3.0,0.0,Bajo
8011,Camargo,Chihuahua,2025-07-01,14.0,0.0,Bajo
8012,Carichí,Chihuahua,2025-05-01,0.0,0.0,Bajo
8012,Carichí,Chihuahua,2025-06-01,0.0,0.0,Bajo
8012,Carichí,Chihuahua,2025-07-01,0.0,0.0,Bajo
8013,Casas Grandes,Chihuahua,2025-05-01,0.0,0.0,Bajo
8013,Casas Grandes,Chihuahua,2025-06-01,3.0,0.0,Bajo
8013,Casas Grandes,Chihuahua,2025-07-01,2.0,0.0,Bajo
8014,Coronado,Chihuahua,2025-05-01,0.0,0.0,Bajo
8014,Coronado,Chihuahua,2025-06-01,0.0,0.0,Bajo
8014,Coronado,Chihuahua,2025-07-01,0.0,0.0,Bajo
8015,Coyame del Sotol,Chihuahua,2025-05-01,0.0,0.0,Bajo
8015,Coyame del Sotol,Chihuahua,2025-06-01,1.0,0.0,Bajo
8015,Coyame del Sotol,Chihuahua,2025-07-01,1.0,0.0,Bajo
8016,La Cruz,Chihuahua,2025-05-01,1.0,0.0,Bajo
8016,La Cruz,Chihuahua,2025-06-01,0.0,0.0,Bajo
8016,La Cruz,Chihuahua,2025-07-01,0.0,0.0,Bajo
8017,Cuauhtémoc,Chihuahua,2025-05-01,61.0,0.0,Bajo
8017,Cuauhtémoc,Chihuahua,2025-06-01,78.0,0.0,Bajo
8017,Cuauhtémoc,Chihuahua,2025-07-01,92.0,0.0,Bajo
8018,Cusihuiriachi,Chihuahua,2025-05-01,0.0,0.0,Bajo
8018,Cusihuiriachi,Chihuahua,2025-06-01,2.0,0.0,Bajo
8018,Cusihuiriachi,Chihuahua,2025-07-01,1.0,0.0,Bajo
8019,Chihuahua,Chihuahua,2025-05-01,120.0,0.0,Medio
8019,Chihuahua,Chihuahua,2025-06-01,140.0,0.0,Medio
8019,Chihuahua,Chihuahua,2025-07-01,130.0,0.0,Medio
8020,Chínipas,Chihuahua,2025-05-01,0.0,0.0,Bajo
8020,Chínipas,Chihuahua,2025-06-01,0.0,0.0,Bajo
8020,Chínipas,Chihuahua,2025-07-01,0.0,0.0,Bajo
8021,Delicias,Chihuahua,2025-05-01,66.0,0.0,Bajo
8021,Delicias,Chihuahua,2025-06-01,74.0,0.0,Bajo
8021,Delicias,Chihuahua,2025-07-01,93.0,0.0,Bajo
8022,Dr. Belisario Domínguez,Chihuahua,2025-05-01,0.0,0.0,Bajo
8022,Dr. Belisario Domínguez,Chihuahua,2025-06-01,0.0,0.0,Bajo
8022,Dr. Belisario Domínguez,Chihuahua,2025-07-01,0.0,0.0,Bajo
8023,Galeana,Chihuahua,2025-05-01,1.0,0.0,Bajo
8023,Galeana,Chihuahua,2025-06-01,4.0,0.0,Bajo
8023,Galeana,Chihuahua,2025-07-01,2.0,0.0,Bajo
8024,Santa Isabel,Chihuahua,2025-05-01,0.0,0.0,Bajo
8024,Santa Isabel,Chihuahua,2025-06-01,0.0,0.0,Bajo
8024,Santa Isabel,Chihuahua,2025-07-01,0.0,0.0,Bajo
8025,Gómez Farías,Chihuahua,2025-05-01,0.0,0.0,Bajo
8025,Gómez Farías,Chihuahua,2025-06-01,0.0,0.0,Bajo
8025,Gómez Farías,Chihuahua,2025-07-01,1.0,0.0,Bajo
8026,Gran Morelos,Chihuahua,2025-05-01,0.0,0.0,Bajo
8026,Gran Morelos,Chihuahua,2025-06-01,0.0,0.0,Bajo
8026,Gran Morelos,Chihuahua,2025-07-01,0.0,0.0,Bajo
8027,Guachochi,Chihuahua,2025-05-01,2.0,0.0,Bajo
8027,Guachochi,Chihuahua,2025-06-01,2.0,0.0,Bajo
8027,Guachochi,Chihuahua,2025-07-01,5.0,0.0,Bajo
8028,Guadalupe,Chihuahua,2025-05-01,0.0,0.0,Bajo
8028,Guadalupe,Chihuahua,2025-06-01,0.0,0.0,Bajo
8028,Guadalupe,Chihuahua,2025-07-01,0.0,0.0,Bajo
8029,Guadalupe y Calvo,Chihuahua,2025-05-01,2.0,0.0,Bajo
8029,Guadalupe y Calvo,Chihuahua,2025-06-01,1.0,0.0,Bajo
8029,Guadalupe y Calvo,Chihuahua,2025-07-01,6.0,0.0,Bajo
8030,Guazapares,Chihuahua,2025-05-01,0.0,0.0,Bajo
8030,Guazapares,Chihuahua,2025-06-01,0.0,0.0,Bajo
8030,Guazapares,Chihuahua,2025-07-01,0.0,0.0,Bajo
8031,Guerrero,Chihuahua,2025-05-01,9.0,0.0,Bajo
8031,Guerrero,Chihuahua,2025-06-01,3.0,0.0,Bajo
8031,Guerrero,Chihuahua,2025-07-01,4.0,0.0,Bajo
8032,Hidalgo del Parral,Chihuahua,2025-05-01,52.0,0.0,Bajo
8032,Hidalgo del Parral,Chihuahua,2025-06-01,59.0,0.0,Bajo
8032,Hidalgo del Parral,Chihuahua,2025-07-01,61.0,0.0,Bajo
8033,Huejotitán,Chihuahua,2025-05-01,0.0,0.0,Bajo
8033,Huejotitán,Chihuahua,2025-06-01,0.0,0.0,Bajo
8033,Huejotitán,Chihuahua,2025-07-01,0.0,0.0,Bajo
8034,Ignacio Zaragoza,Chihuahua,2025-05-01,0.0,0.0,Bajo
8034,Ignacio Zaragoza,Chihuahua,2025-06-01,0.0,0.0,Bajo
8034,Ignacio Zaragoza,Chihuahua,2025-07-01,0.0,0.0,Bajo
8035,Janos,Chihuahua,2025-05-01,2.0,0.0,Bajo
8035,Janos,Chihuahua,2025-06-01,0.0,0.0,Bajo
8035,Janos,Chihuahua,2025-07-01,2.0,0.0,Bajo
8036,Jiménez,Chihuahua,2025-05-01,10.0,0.0,Bajo
8036,Jiménez,Chihuahua,2025-06-01,19.0,0.0,Bajo
8036,Jiménez,Chihuahua,2025-07-01,18.0,0.0,Bajo
8037,Juárez,Chihuahua,2025-05-01,368.0,10.0,Medio
8037,Juárez,Chihuahua,2025-06-01,296.0,7.0,Medio
8037,Juárez,Chihuahua,2025-07-01,348.0,6.0,Medio
8038,Julimes,Chihuahua,2025-05-01,0.0,0.0,Bajo
8038,Julimes,Chihuahua,2025-06-01,0.0,0.0,Bajo
8038,Julimes,Chihuahua,2025-07-01,1.0,0.0,Bajo
8039,López,Chihuahua,2025-05-01,1.0,0.0,Bajo
8039,López,Chihuahua,2025-06-01,0.0,0.0,Bajo
8039,López,Chihuahua,2025-07-01,0.0,0.0,Bajo
8040,Madera,Chihuahua,2025-05-01,3.0,0.0,Bajo
8040,Madera,Chihuahua,2025-06-01,5.0,0.0,Bajo
8040,Madera,Chihuahua,2025-07-01,3.0,0.0,Bajo
8041,Maguarichi,Chihuahua,2025-05-01,0.0,0.0,Bajo
8041,Maguarichi,Chihuahua,2025-06-01,0.0,0.0,Bajo
8041,Maguarichi,Chihuahua,2025-07-01,0.0,0.0,Bajo
8042,Manuel Benavides,Chihuahua,2025-05-01,0.0,0.0,Bajo
8042,Manuel Benavides,Chihuahua,2025-06-01,1.0,0.0,Bajo
8042,Manuel Benavides,Chihuahua,2025-07-01,0.0,0.0,Bajo
8043,Matachí,Chihuahua,2025-05-01,0.0,0.0,Bajo
8043,Matachí,Chihuahua,2025-06-01,0.0,0.0,Bajo
8043,Matachí,Chihuahua,2025-07-01,0.0,0.0,Bajo
8044,Matamoros,Chihuahua,2025-05-01,1.0,0.0,Bajo
8044,Matamoros,Chihuahua,2025-06-01,0.0,0.0,Bajo
8044,Matamoros,Chihuahua,2025-07-01,0.0,0.0,Bajo
8045,Meoqui,Chihuahua,2025-05-01,8.0,0.0,Bajo
8045,Meoqui,Chihuahua,2025-06-01,18.0,0.0,Bajo
8045,Meoqui,Chihuahua,2025-07-01,24.0,0.0,Bajo
8046,Morelos,Chihuahua,2025-05-01,1.0,0.0,Bajo
8046,Morelos,Chihuahua,2025-06-01,0.0,0.0,Bajo
8046,Morelos,Chihuahua,2025-07-01,2.0,0.0,Bajo
8047,Moris,Chihuahua,2025-05-01,0.0,0.0,Bajo
8047,Moris,Chihuahua,2025-06-01,0.0,0.0,Bajo
8047,Moris,Chihuahua,2025-07-01,0.0,0.0,Bajo
8048,Namiquipa,Chihuahua,2025-05-01,2.0,0.0,Bajo
8048,Namiquipa,Chihuahua,2025-06-01,3.0,0.0,Bajo
8048,Namiquipa,Chihuahua,2025-07-01,0.0,0.0,Bajo
8049,Nonoava,Chihuahua,2025-05-01,0.0,0.0,Bajo
8049,Nonoava,Chihuahua,2025-06-01,0.0,0.0,Bajo
8049,Nonoava,Chihuahua,2025-07-01,0.0,0.0,Bajo
8050,Nuevo Casas Grandes,Chihuahua,2025-05-01,11.0,0.0,Bajo
8050,Nuevo Casas Grandes,Chihuahua,2025-06-01,9.0,0.0,Bajo
8050,Nuevo Casas Grandes,Chihuahua,2025-07-01,15.0,1.0,Bajo
8051,Ocampo,Chihuahua,2025-05-01,1.0,0.0,Bajo
8051,Ocampo,Chihuahua,2025-06-01,3.0,0.0,Bajo
8051,Ocampo,Chihuahua,2025-07-01,3.0,0.0,Bajo
8052,Ojinaga,Chihuahua,2025-05-01,1.0,0.0,Bajo
8052,Ojinaga,Chihuahua,2025-06-01,2.0,0.0,Bajo
8052,Ojinaga,Chihuahua,2025-07-01,1.0,0.0,Bajo
8053,Praxedis G. Guerrero,Chihuahua,2025-05-01,0.0,0.0,Bajo
8053,Praxedis G. Guerrero,Chihuahua,2025-06-01,0.0,0.0,Bajo
8053,Praxedis G. Guerrero,Chihuahua,2025-07-01,0.0,0.0,Bajo
8054,Riva Palacio,Chihuahua,2025-05-01,0.0,0.0,Bajo
8054,Riva Palacio,Chihuahua,2025-06-01,1.0,0.0,Bajo
8054,Riva Palacio,Chihuahua,2025-07-01,0.0,0.0,Bajo
8055,Rosales,Chihuahua,2025-05-01,2.0,0.0,Bajo
8055,Rosales,Chihuahua,2025-06-01,0.0,0.0,Bajo
8055,Rosales,Chihuahua,2025-07-01,2.0,0.0,Bajo
8056,Rosario,Chihuahua,2025-05-01,0.0,0.0,Bajo
8056,Rosario,Chihuahua,2025-06-01,0.0,0.0,Bajo
8056,Rosario,Chihuahua,2025-07-01,0.0,0.0,Bajo
8057,San Francisco de Borja,Chihuahua,2025-05-01,0.0,0.0,Bajo
8057,San Francisco de Borja,Chihuahua,2025-06-01,0.0,0.0,Bajo
8057,San Francisco de Borja,Chihuahua,2025-07-01,0.0,0.0,Bajo
8058,San Francisco de Conchos,Chihuahua,2025-05-01,0.0,0.0,Bajo
8058,San Francisco de Conchos,Chihuahua,2025-06-01,0.0,0.0,Bajo
8058,San Francisco de Conchos,Chihuahua,2025-07-01,0.0,0.0,Bajo
8059,San Francisco del Oro,Chihuahua,2025-05-01,14.0,0.0,Bajo
8059,San Francisco del Oro,Chihuahua,2025-06-01,0.0,0.0,Bajo
8059,San Francisco del Oro,Chihuahua,2025-07-01,4.0,0.0,Bajo
8060,Santa Bárbara,Chihuahua,2025-05-01,4.0,0.0,Bajo
8060,Santa Bárbara,Chihuahua,2025-06-01,3.0,0.0,Bajo
8060,Santa Bárbara,Chihuahua,2025-07-01,0.0,0.0,Bajo
8061,Satevó,Chihuahua,2025-05-01,1.0,0.0,Bajo
8061,Satevó,Chihuahua,2025-06-01,0.0,0.0,Bajo
8061,Satevó,Chihuahua,2025-07-01,2.0,0.0,Bajo
8062,Saucillo,Chihuahua,2025-05-01,5.0,0.0,Bajo
8062,Saucillo,Chihuahua,2025-06-01,11.0,0.0,Bajo
8062,Saucillo,Chihuahua,2025-07-01,8.0,0.0,Bajo
8063,Temósachic,Chihuahua,2025-05-01,0.0,0.0,Bajo
8063,Temósachic,Chihuahua,2025-06-01,0.0,0.0,Bajo
8063,Temósachic,Chihuahua,2025-07-01,0.0,0.0,Bajo
8064,El Tule,Chihuahua,2025-05-01,0.0,0.0,Bajo
8064,El Tule,Chihuahua,2025-06-01,1.0,0.0,Bajo
8064,El Tule,Chihuahua,2025-07-01,0.0,0.0,Bajo
8065,Urique,Chihuahua,2025-05-01,0.0,0.0,Bajo
8065,Urique,Chihuahua,2025-06-01,1.0,0.0,Bajo
8065,Urique,Chihuahua,2025-07-01,1.0,0.0,Bajo
8066,Uruachi,Chihuahua,2025-05-01,0.0,0.0,Bajo
8066,Uruachi,Chihuahua,2025-06-01,0.0,0.0,Bajo
8066,Uruachi,Chihuahua,2025-07-01,0.0,0.0,Bajo
8067,Valle de Zaragoza,Chihuahua,2025-05-01,2.0,0.0,Bajo
8067,Valle de Zaragoza,Chihuahua,2025-06-01,1.0,0.0,Bajo
8067,Valle de Zaragoza,Chihuahua,2025-07-01,1.0,0.0,Bajo
9002,Azcapotzalco,Ciudad de México,2025-05-01,188.0,0.0,Medio
9002,Azcapotzalco,Ciudad de México,2025-06-01,180.0,0.0,Medio
9002,Azcapotzalco,Ciudad de México,2025-07-01,204.0,0.0,Medio
9003,Coyoacán,Ciudad de México,2025-05-01,337.0,2.0,Medio
9003,Coyoacán,Ciudad de México,2025-06-01,291.0,0.0,Medio
9003,Coyoacán,Ciudad de México,2025-07-01,336.0,0.0,Medio
9004,Cuajimalpa de Morelos,Ciudad de México,2025-05-01,69.0,0.0,Bajo
9004,Cuajimalpa de Morelos,Ciudad de México,2025-06-01,55.0,0.0,Bajo
9004,Cuajimalpa de Morelos,Ciudad de México,2025-07-01,65.0,0.0,Bajo
9005,Gustavo A. Madero,Ciudad de México,2025-05-01,392.0,1.0,Medio
9005,Gustavo A. Madero,Ciudad de México,2025-06-01,389.0,0.0,Medio
9005,Gustavo A. Madero,Ciudad de México,2025-07-01,347.0,0.0,Medio
9006,Iztacalco,Ciudad de México,2025-05-01,219.0,0.0,Medio
9006,Iztacalco,Ciudad de México,2025-06-01,230.0,0.0,Medio
9006,Iztacalco,Ciudad de México,2025-07-01,210.0,0.0,Medio
9007,Iztapalapa,Ciudad de México,2025-05-01,500.0,0.0,Alto
9007,Iztapalapa,Ciudad de México,2025-06-01,503.0,1.0,Alto
9007,Iztapalapa,Ciudad de México,2025-07-01,551.0,2.0,Alto
9008,La Magdalena Contreras,Ciudad de México,2025-05-01,54.0,0.0,Bajo
9008,La Magdalena Contreras,Ciudad de México,2025-06-01,72.0,0.0,Bajo
9008,La Magdalena Contreras,Ciudad de México,2025-07-01,68.0,0.0,Bajo
9009,Milpa Alta,Ciudad de México,2025-05-01,22.0,0.0,Bajo
9009,Milpa Alta,Ciudad de México,2025-06-01,31.0,0.0,Bajo
9009,Milpa Alta,Ciudad de México,2025-07-01,14.0,0.0,Bajo
9010,Álvaro Obregón,Ciudad de México,2025-05-01,282.0,0.0,Medio
9010,Álvaro Obregón,Ciudad de México,2025-06-01,264.0,0.0,Medio
9010,Álvaro Obregón,Ciudad de México,2025-07-01,242.0,0.0,Medio
9011,Tláhuac,Ciudad de México,2025-05-01,116.0,0.0,Medio
9011,Tláhuac,Ciudad de México,2025-06-01,89.0,0.0,Bajo
9011,Tláhuac,Ciudad de México,2025-07-01,107.0,0.0,Medio
9012,Tlalpan,Ciudad de México,2025-05-01,292.0,2.0,Medio
9012,Tlalpan,Ciudad de México,2025-06-01,280.0,0.0,Medio
9012,Tlalpan,Ciudad de México,2025-07-01,291.0,0.0,Medio
9013,Xochimilco,Ciudad de México,2025-05-01,105.0,0.0,Medio
9013,Xochimilco,Ciudad de México,2025-06-01,131.0,0.0,Medio
9013,Xochimilco,Ciudad de México,2025-07-01,124.0,0.0,Medio
9014,Benito Juárez,Ciudad de México,2025-05-01,513.0,1.0,Alto
9014,Benito Juárez,Ciudad de México,2025-06-01,428.0,0.0,Alto
9014,Benito Juárez,Ciudad de México,2025-07-01,436.0,0.0,Alto
9015,Cuauhtémoc,Ciudad de México,2025-05-01,755.0,1.0,Alto
9015,Cuauhtémoc,Ciudad de México,2025-06-01,817.0,2.0,Alto
9015,Cuauhtémoc,Ciudad de México,2025-07-01,813.0,0.0,Alto
9016,Miguel Hidalgo,Ciudad de México,2025-05-01,358.0,1.0,Medio
9016,Miguel Hidalgo,Ciudad de México,2025-06-01,347.0,0.0,Medio
9016,Miguel Hidalgo,Ciudad de México,2025-07-01,340.0,0.0,Medio
9017,Venustiano Carranza,Ciudad de México,2025-05-01,264.0,1.0,Medio
9017,Venustiano Carranza,Ciudad de México,2025-06-01,240.0,0.0,Medio
9017,Venustiano Carranza,Ciudad de México,2025-07-01,242.0,0.0,Medio
9998,No Especificado,Ciudad de México,2025-05-01,29.0,0.0,Bajo
9998,No Especificado,Ciudad de México,2025-06-01,71.0,0.0,Bajo
9998,No Especificado,Ciudad de México,2025-07-01,100.0,0.0,Bajo
5001,Abasolo,Coahuila de Zaragoza,2025-05-01,1.0,0.0,Bajo
5001,Abasolo,Coahuila de Zaragoza,2025-06-01,0.0,0.0,Bajo
5001,Abasolo,Coahuila de Zaragoza,2025-07-01,0.0,0.0,Bajo
5002,Acuña,Coahuila de Zaragoza,2025-05-01,72.0,0.0,Bajo
5002,Acuña,Coahuila de Zaragoza,2025-06-01,52.0,0.0,Bajo
5002,Acuña,Coahuila de Zaragoza,2025-07-01,40.0,0.0,Bajo
5003,Allende,Coahuila de Zaragoza,2025-05-01,6.0,0.0,Bajo
5003,Allende,Coahuila de Zaragoza,2025-06-01,0.0,0.0,Bajo
5003,Allende,Coahuila de Zaragoza,2025-07-01,7.0,0.0,Bajo
5004,Arteaga,Coahuila de Zaragoza,2025-05-01,9.0,0.0,Bajo
5004,Arteaga,Coahuila de Zaragoza,2025-06-01,11.0,0.0,Bajo
5004,Arteaga,Coahuila de Zaragoza,2025-07-01,17.0,0.0,Bajo
5005,Candela,Coahuila de Zaragoza,2025-05-01,0.0,0.0,Bajo
5005,Candela,Coahuila de Zaragoza,2025-06-01,0.0,0.0,Bajo
5005,Candela,Coahuila de Zaragoza,2025-07-01,0.0,0.0,Bajo
5006,Castaños,Coahuila de Zaragoza,2025-05-01,3.0,0.0,Bajo
5006,Castaños,Coahuila de Zaragoza,2025-06-01,8.0,0.0,Bajo
5006,Castaños,Coahuila de Zaragoza,2025-07-01,6.0,0.0,Bajo
5007,Cuatro Ciénegas,Coahuila de Zaragoza,2025-05-01,1.0,0.0,Bajo
5007,Cuatro Ciénegas,Coahuila de Zaragoza,2025-06-01,2.0,0.0,Bajo
5007,Cuatro Ciénegas,Coahuila de Zaragoza,2025-07-01,3.0,0.0,Bajo
5008,Escobedo,Coahuila de Zaragoza,2025-05-01,0.0,0.0,Bajo
5008,Escobedo,Coahuila de Zaragoza,2025-06-01,1.0,0.0,Bajo
5008,Escobedo,Coahuila de Zaragoza,2025-07-01,0.0,0.0,Bajo
5009,Francisco I. Madero,Coahuila de Zaragoza,2025-05-01,13.0,0.0,Bajo
5009,Francisco I. Madero,Coahuila de Zaragoza,2025-06-01,21.0,0.0,Bajo
5009,Francisco I. Madero,Coahuila de Zaragoza,2025-07-01,13.0,0.0,Bajo
5010,Frontera,Coahuila de Zaragoza,2025-05-01,10.0,0.0,Bajo
5010,Frontera,Coahuila de Zaragoza,2025-06-01,11.0,0.0,Bajo
5010,Frontera,Coahuila de Zaragoza,2025-07-01,27.0,0.0,Bajo
5011,General Cepeda,Coahuila de Zaragoza,2025-05-01,10.0,0.0,Bajo
5011,General Cepeda,Coahuila de Zaragoza,2025-06-01,2.0,0.0,Bajo
5011,General Cepeda,Coahuila de Zaragoza,2025-07-01,0.0,0.0,Bajo
5012,Guerrero,Coahuila de Zaragoza,2025-05-01,0.0,0.0,Bajo
5012,Guerrero,Coahuila de Zaragoza,2025-06-01,0.0,0.0,Bajo
5012,Guerrero,Coahuila de Zaragoza,2025-07-01,0.0,0.0,Bajo
5013,Hidalgo,Coahuila de Zaragoza,2025-05-01,0.0,0.0,Bajo
5013,Hidalgo,Coahuila de Zaragoza,2025-06-01,0.0,0.0,Bajo
5013,Hidalgo,Coahuila de Zaragoza,2025-07-01,0.0,0.0,Bajo
5014,Jiménez,Coahuila de Zaragoza,2025-05-01,5.0,0.0,Bajo
5014,Jiménez,Coahuila de Zaragoza,2025-06-01,2.0,0.0,Bajo
5014,Jiménez,Coahuila de Zaragoza,2025-07-01,1.0,0.0,Bajo
5015,Juárez,Coahuila de Zaragoza,2025-05-01,0.0,0.0,Bajo
5015,Juárez,Coahuila de Zaragoza,2025-06-01,0.0,0.0,Bajo
5015,Juárez,Coahuila de Zaragoza,2025-07-01,0.0,0.0,Bajo
5016,Lamadrid,Coahuila de Zaragoza,2025-05-01,0.0,0.0,Bajo
5016,Lamadrid,Coahuila de Zaragoza,2025-06-01,1.0,0.0,Bajo
5016,Lamadrid,Coahuila de Zaragoza,2025-07-01,0.0,0.0,Bajo
5017,Matamoros,Coahuila de Zaragoza,2025-05-01,27.0,0.0,Bajo
5017,Matamoros,Coahuila de Zaragoza,2025-06-01,32.0,0.0,Bajo
5017,Matamoros,Coahuila de Zaragoza,2025-07-01,36.0,0.0,Bajo
5018,Monclova,Coahuila de Zaragoza,2025-05-01,71.0,0.0,Bajo
5018,Monclova,Coahuila de Zaragoza,2025-06-01,62.0,0.0,Bajo
5018,Monclova,Coahuila de Zaragoza,2025-07-01,58.0,0.0,Bajo
5019,Morelos,Coahuila de Zaragoza,2025-05-01,0.0,0.0,Bajo
5019,Morelos,Coahuila de Zaragoza,2025-06-01,1.0,0.0,Bajo
5019,Morelos,Coahuila de Zaragoza,2025-07-01,0.0,0.0,Bajo
5020,Múzquiz,Coahuila de Zaragoza,2025-05-01,8.0,0.0,Bajo
5020,Múzquiz,Coahuila de Zaragoza,2025-06-01,26.0,0.0,Bajo
5020,Múzquiz,Coahuila de Zaragoza,2025-07-01,11.0,0.0,Bajo
5021,Nadadores,Coahuila de Zaragoza,2025-05-01,1.0,0.0,Bajo
5021,Nadadores,Coahuila de Zaragoza,2025-06-01,1.0,0.0,Bajo
5021,Nadadores,Coahuila de Zaragoza,2025-07-01,0.0,0.0,Bajo
5022,Nava,Coahuila de Zaragoza,2025-05-01,5.0,0.0,Bajo
5022,Nava,Coahuila de Zaragoza,2025-06-01,5.0,0.0,Bajo
5022,Nava,Coahuila de Zaragoza,2025-07-01,1.0,0.0,Bajo
5023,Ocampo,Coahuila de Zaragoza,2025-05-01,2.0,0.0,Bajo
5023,Ocampo,Coahuila de Zaragoza,2025-06-01,0.0,0.0,Bajo
5023,Ocampo,Coahuila de Zaragoza,2025-07-01,0.0,0.0,Bajo
5024,Parras,Coahuila de Zaragoza,2025-05-01,6.0,0.0,Bajo
5024,Parras,Coahuila de Zaragoza,2025-06-01,7.0,0.0,Bajo
5024,Parras,Coahuila de Zaragoza,2025-07-01,1.0,0.0,Bajo
5025,Piedras Negras,Coahuila de Zaragoza,2025-05-01,35.0,0.0,Bajo
5025,Piedras Negras,Coahuila de Zaragoza,2025-06-01,27.0,0.0,Bajo
5025,Piedras Negras,Coahuila de Zaragoza,2025-07-01,26.0,0.0,Bajo
5026,Progreso,Coahuila de Zaragoza,2025-05-01,1.0,0.0,Bajo
5026,Progreso,Coahuila de Zaragoza,2025-06-01,1.0,0.0,Bajo
5026,Progreso,Coahuila de Zaragoza,2025-07-01,0.0,0.0,Bajo
5027,Ramos Arizpe,Coahuila de Zaragoza,2025-05-01,13.0,0.0,Bajo
5027,Ramos Arizpe,Coahuila de Zaragoza,2025-06-01,5.0,0.0,Bajo
5027,Ramos Arizpe,Coahuila de Zaragoza,2025-07-01,3.0,0.0,Bajo
5028,Sabinas,Coahuila de Zaragoza,2025-05-01,14.0,0.0,Bajo
5028,Sabinas,Coahuila de Zaragoza,2025-06-01,23.0,0.0,Bajo
5028,Sabinas,Coahuila de Zaragoza,2025-07-01,16.0,0.0,Bajo
5029,Sacramento,Coahuila de Zaragoza,2025-05-01,0.0,0.0,Bajo
5029,Sacramento,Coahuila de Zaragoza,2025-06-01,0.0,0.0,Bajo
5029,Sacramento,Coahuila de Zaragoza,2025-07-01,1.0,0.0,Bajo
5030,Saltillo,Coahuila de Zaragoza,2025-05-01,44.0,0.0,Bajo
5030,Saltillo,Coahuila de Zaragoza,2025-06-01,45.0,0.0,Bajo
5030,Saltillo,Coahuila de Zaragoza,2025-07-01,36.0,0.0,Bajo
5031,San Buenaventura,Coahuila de Zaragoza,2025-05-01,3.0,0.0,Bajo
5031,San Buenaventura,Coahuila de Zaragoza,2025-06-01,7.0,0.0,Bajo
5031,San Buenaventura,Coahuila de Zaragoza,2025-07-01,5.0,0.0,Bajo
5032,San Juan de Sabinas,Coahuila de Zaragoza,2025-05-01,4.0,0.0,Bajo
5032,San Juan de Sabinas,Coahuila de Zaragoza,2025-06-01,6.0,0.0,Bajo
5032,San Juan de Sabinas,Coahuila de Zaragoza,2025-07-01,8.0,0.0,Bajo
5033,San Pedro,Coahuila de Zaragoza,2025-05-01,9.0,0.0,Bajo
5033,San Pedro,Coahuila de Zaragoza,2025-06-01,8.0,0.0,Bajo
5033,San Pedro,Coahuila de Zaragoza,2025-07-01,17.0,0.0,Bajo
5034,Sierra Mojada,Coahuila de Zaragoza,2025-05-01,0.0,0.0,Bajo
5034,Sierra Mojada,Coahuila de Zaragoza,2025-06-01,0.0,0.0,Bajo
5034,Sierra Mojada,Coahuila de Zaragoza,2025-07-01,0.0,0.0,Bajo
5035,Torreón,Coahuila de Zaragoza,2025-05-01,91.0,0.0,Bajo
5035,Torreón,Coahuila de Zaragoza,2025-06-01,68.0,0.0,Bajo
5035,Torreón,Coahuila de Zaragoza,2025-07-01,85.0,0.0,Bajo
5036,Viesca,Coahuila de Zaragoza,2025-05-01,1.0,0.0,Bajo
5036,Viesca,Coahuila de Zaragoza,2025-06-01,3.0,0.0,Bajo
5036,Viesca,Coahuila de Zaragoza,2025-07-01,2.0,0.0,Bajo
5037,Villa Unión,Coahuila de Zaragoza,2025-05-01,1.0,0.0,Bajo
5037,Villa Unión,Coahuila de Zaragoza,2025-06-01,0.0,0.0,Bajo
5037,Villa Unión,Coahuila de Zaragoza,2025-07-01,0.0,0.0,Bajo
5038,Zaragoza,Coahuila de Zaragoza,2025-05-01,5.0,0.0,Bajo
5038,Zaragoza,Coahuila de Zaragoza,2025-06-01,2.0,0.0,Bajo
5038,Zaragoza,Coahuila de Zaragoza,2025-07-01,3.0,0.0,Bajo
6001,Armería,Colima,2025-05-01,11.0,0.0,Bajo
6001,Armería,Colima,2025-06-01,3.0,0.0,Bajo
6001,Armería,Colima,2025-07-01,7.0,0.0,Bajo
6002,Colima,Colima,2025-05-01,94.0,0.0,Bajo
6002,Colima,Colima,2025-06-01,104.0,0.0,Medio
6002,Colima,Colima,2025-07-01,107.0,0.0,Medio
6003,Comala,Colima,2025-05-01,5.0,0.0,Bajo
6003,Comala,Colima,2025-06-01,4.0,0.0,Bajo
6003,Comala,Colima,2025-07-01,9.0,0.0,Bajo
6004,Coquimatlán,Colima,2025-05-01,6.0,0.0,Bajo
6004,Coquimatlán,Colima,2025-06-01,12.0,0.0,Bajo
6004,Coquimatlán,Colima,2025-07-01,12.0,0.0,Bajo
6005,Cuauhtémoc,Colima,2025-05-01,3.0,0.0,Bajo
6005,Cuauhtémoc,Colima,2025-06-01,2.0,0.0,Bajo
6005,Cuauhtémoc,Colima,2025-07-01,7.0,0.0,Bajo
6006,Ixtlahuacán,Colima,2025-05-01,1.0,0.0,Bajo
6006,Ixtlahuacán,Colima,2025-06-01,0.0,0.0,Bajo
6006,Ixtlahuacán,Colima,2025-07-01,5.0,0.0,Bajo
6007,Manzanillo,Colima,2025-05-01,99.0,0.0,Bajo
6007,Manzanillo,Colima,2025-06-01,80.0,0.0,Bajo
6007,Manzanillo,Colima,2025-07-01,80.0,0.0,Bajo
6008,Minatitlán,Colima,2025-05-01,2.0,0.0,Bajo
6008,Minatitlán,Colima,2025-06-01,2.0,0.0,Bajo
6008,Minatitlán,Colima,2025-07-01,2.0,0.0,Bajo
6009,Tecomán,Colima,2025-05-01,20.0,0.0,Bajo
6009,Tecomán,Colima,2025-06-01,23.0,0.0,Bajo
6009,Tecomán,Colima,2025-07-01,54.0,0.0,Bajo
6010,Villa de Álvarez,Colima,2025-05-01,47.0,0.0,Bajo
6010,Villa de Álvarez,Colima,2025-06-01,41.0,0.0,Bajo
6010,Villa de Álvarez,Colima,2025-07-01,54.0,0.0,Bajo
10001,Canatlán,Durango,2025-05-01,2.0,0.0,Bajo
10001,Canatlán,Durango,2025-06-01,4.0,0.0,Bajo
10001,Canatlán,Durango,2025-07-01,0.0,0.0,Bajo
10002,Canelas,Durango,2025-05-01,0.0,0.0,Bajo
10002,Canelas,Durango,2025-06-01,0.0,0.0,Bajo
10002,Canelas,Durango,2025-07-01,0.0,0.0,Bajo
10003,Coneto de Comonfort,Durango,2025-05-01,0.0,0.0,Bajo
10003,Coneto de Comonfort,Durango,2025-06-01,0.0,0.0,Bajo
10003,Coneto de Comonfort,Durango,2025-07-01,0.0,0.0,Bajo
10004,Cuencamé,Durango,2025-05-01,4.0,0.0,Bajo
10004,Cuencamé,Durango,2025-06-01,3.0,0.0,Bajo
10004,Cuencamé,Durango,2025-07-01,4.0,0.0,Bajo
10005,Durango,Durango,2025-05-01,73.0,0.0,Bajo
10005,Durango,Durango,2025-06-01,71.0,0.0,Bajo
10005,Durango,Durango,2025-07-01,70.0,0.0,Bajo
10006,General Simón Bolívar,Durango,2025-05-01,0.0,0.0,Bajo
10006,General Simón Bolívar,Durango,2025-06-01,0.0,0.0,Bajo
10006,General Simón Bolívar,Durango,2025-07-01,1.0,0.0,Bajo
10007,Gómez Palacio,Durango,2025-05-01,22.0,0.0,Bajo
10007,Gómez Palacio,Durango,2025-06-01,23.0,0.0,Bajo
10007,Gómez Palacio,Durango,2025-07-01,28.0,0.0,Bajo
10008,Guadalupe Victoria,Durango,2025-05-01,7.0,0.0,Bajo
10008,Guadalupe Victoria,Durango,2025-06-01,8.0,0.0,Bajo
10008,Guadalupe Victoria,Durango,2025-07-01,3.0,0.0,Bajo
10009,Guanaceví,Durango,2025-05-01,0.0,0.0,Bajo
10009,Guanaceví,Durango,2025-06-01,1.0,0.0,Bajo
10009,Guanaceví,Durango,2025-07-01,1.0,0.0,Bajo
10010,Hidalgo,Durango,2025-05-01,0.0,0.0,Bajo
10010,Hidalgo,Durango,2025-06-01,0.0,0.0,Bajo
10010,Hidalgo,Durango,2025-07-01,0.0,0.0,Bajo
10011,Indé,Durango,2025-05-01,1.0,0.0,Bajo
10011,Indé,Durango,2025-06-01,0.0,0.0,Bajo
10011,Indé,Durango,2025-07-01,0.0,0.0,Bajo
10012,Lerdo,Durango,2025-05-01,5.0,0.0,Bajo
10012,Lerdo,Durango,2025-06-01,11.0,0.0,Bajo
10012,Lerdo,Durango,2025-07-01,6.0,0.0,Bajo
10013,Mapimí,Durango,2025-05-01,2.0,0.0,Bajo
10013,Mapimí,Durango,2025-06-01,1.0,0.0,Bajo
10013,Mapimí,Durango,2025-07-01,2.0,0.0,Bajo
10014,Mezquital,Durango,2025-05-01,1.0,0.0,Bajo
10014,Mezquital,Durango,2025-06-01,2.0,0.0,Bajo
10014,Mezquital,Durango,2025-07-01,0.0,0.0,Bajo
10015,Nazas,Durango,2025-05-01,0.0,0.0,Bajo
10015,Nazas,Durango,2025-06-01,2.0,0.0,Bajo
10015,Nazas,Durango,2025-07-01,0.0,0.0,Bajo
10016,Nombre de Dios,Durango,2025-05-01,4.0,0.0,Bajo
10016,Nombre de Dios,Durango,2025-06-01,1.0,0.0,Bajo
10016,Nombre de Dios,Durango,2025-07-01,1.0,0.0,Bajo
10017,Ocampo,Durango,2025-05-01,0.0,0.0,Bajo
10017,Ocampo,Durango,2025-06-01,0.0,0.0,Bajo
10017,Ocampo,Durango,2025-07-01,0.0,0.0,Bajo
10018,El Oro,Durango,2025-05-01,1.0,0.0,Bajo
10018,El Oro,Durango,2025-06-01,0.0,0.0,Bajo
10018,El Oro,Durango,2025-07-01,0.0,0.0,Bajo
10019,Otáez,Durango,2025-05-01,0.0,0.0,Bajo
10019,Otáez,Durango,2025-06-01,0.0,0.0,Bajo
10019,Otáez,Durango,2025-07-01,1.0,0.0,Bajo
10020,Pánuco de Coronado,Durango,2025-05-01,1.0,0.0,Bajo
10020,Pánuco de Coronado,Durango,2025-06-01,3.0,0.0,Bajo
10020,Pánuco de Coronado,Durango,2025-07-01,1.0,0.0,Bajo
10021,Peñón Blanco,Durango,2025-05-01,0.0,0.0,Bajo
10021,Peñón Blanco,Durango,2025-06-01,0.0,0.0,Bajo
10021,Peñón Blanco,Durango,2025-07-01,0.0,0.0,Bajo
10022,Poanas,Durango,2025-05-01,0.0,0.0,Bajo
10022,Poanas,Durango,2025-06-01,4.0,0.0,Bajo
10022,Poanas,Durango,2025-07-01,1.0,0.0,Bajo
10023,Pueblo Nuevo,Durango,2025-05-01,4.0,0.0,Bajo
10023,Pueblo Nuevo,Durango,2025-06-01,3.0,0.0,Bajo
10023,Pueblo Nuevo,Durango,2025-07-01,7.0,0.0,Bajo
10024,Rodeo,Durango,2025-05-01,2.0,0.0,Bajo
10024,Rodeo,Durango,2025-06-01,2.0,0.0,Bajo
10024,Rodeo,Durango,2025-07-01,1.0,0.0,Bajo
10025,San Bernardo,Durango,2025-05-01,0.0,0.0,Bajo
10025,San Bernardo,Durango,2025-06-01,0.0,0.0,Bajo
10025,San Bernardo,Durango,2025-07-01,0.0,0.0,Bajo
10026,San Dimas,Durango,2025-05-01,0.0,0.0,Bajo
10026,San Dimas,Durango,2025-06-01,0.0,0.0,Bajo
10026,San Dimas,Durango,2025-07-01,0.0,0.0,Bajo
10027,San Juan de Guadalupe,Durango,2025-05-01,0.0,0.0,Bajo
10027,San Juan de Guadalupe,Durango,2025-06-01,0.0,0.0,Bajo
10027,San Juan de Guadalupe,Durango,2025-07-01,0.0,0.0,Bajo
10028,San Juan del Río,Durango,2025-05-01,3.0,0.0,Bajo
10028,San Juan del Río,Durango,2025-06-01,1.0,0.0,Bajo
10028,San Juan del Río,Durango,2025-07-01,0.0,0.0,Bajo
10029,San Luis del Cordero,Durango,2025-05-01,0.0,0.0,Bajo
10029,San Luis del Cordero,Durango,2025-06-01,0.0,0.0,Bajo
10029,San Luis del Cordero,Durango,2025-07-01,0.0,0.0,Bajo
10030,San Pedro del Gallo,Durango,2025-05-01,0.0,0.0,Bajo
10030,San Pedro del Gallo,Durango,2025-06-01,0.0,0.0,Bajo
10030,San Pedro del Gallo,Durango,2025-07-01,0.0,0.0,Bajo
10031,Santa Clara,Durango,2025-05-01,0.0,0.0,Bajo
10031,Santa Clara,Durango,2025-06-01,0.0,0.0,Bajo
10031,Santa Clara,Durango,2025-07-01,0.0,0.0,Bajo
10032,Santiago Papasquiaro,Durango,2025-05-01,11.0,0.0,Bajo
10032,Santiago Papasquiaro,Durango,2025-06-01,5.0,0.0,Bajo
10032,Santiago Papasquiaro,Durango,2025-07-01,4.0,0.0,Bajo
10033,Súchil,Durango,2025-05-01,1.0,0.0,Bajo
10033,Súchil,Durango,2025-06-01,0.0,0.0,Bajo
10033,Súchil,Durango,2025-07-01,1.0,0.0,Bajo
10034,Tamazula,Durango,2025-05-01,1.0,0.0,Bajo
10034,Tamazula,Durango,2025-06-01,0.0,0.0,Bajo
10034,Tamazula,Durango,2025-07-01,0.0,0.0,Bajo
10035,Tepehuanes,Durango,2025-05-01,1.0,0.0,Bajo
10035,Tepehuanes,Durango,2025-06-01,0.0,0.0,Bajo
10035,Tepehuanes,Durango,2025-07-01,1.0,0.0,Bajo
10036,Tlahualilo,Durango,2025-05-01,2.0,0.0,Bajo
10036,Tlahualilo,Durango,2025-06-01,0.0,0.0,Bajo
10036,Tlahualilo,Durango,2025-07-01,3.0,0.0,Bajo
10037,Topia,Durango,2025-05-01,0.0,0.0,Bajo
10037,Topia,Durango,2025-06-01,0.0,0.0,Bajo
10037,Topia,Durango,2025-07-01,0.0,0.0,Bajo
10038,Vicente Guerrero,Durango,2025-05-01,9.0,0.0,Bajo
10038,Vicente Guerrero,Durango,2025-06-01,7.0,0.0,Bajo
10038,Vicente Guerrero,Durango,2025-07-01,2.0,0.0,Bajo
10039,Nuevo Ideal,Durango,2025-05-01,1.0,0.0,Bajo
10039,Nuevo Ideal,Durango,2025-06-01,3.0,0.0,Bajo
10039,Nuevo Ideal,Durango,2025-07-01,0.0,0.0,Bajo
11001,Abasolo,Guanajuato,2025-05-01,18.0,0.0,Bajo
11001,Abasolo,Guanajuato,2025-06-01,12.0,0.0,Bajo
11001,Abasolo,Guanajuato,2025-07-01,12.0,0.0,Bajo
11002,Acámbaro,Guanajuato,2025-05-01,27.0,0.0,Bajo
11002,Acámbaro,Guanajuato,2025-06-01,26.0,0.0,Bajo
11002,Acámbaro,Guanajuato,2025-07-01,34.0,0.0,Bajo
11003,San Miguel de Allende,Guanajuato,2025-05-01,129.0,0.0,Medio
11003,San Miguel de Allende,Guanajuato,2025-06-01,132.0,0.0,Medio
11003,San Miguel de Allende,Guanajuato,2025-07-01,160.0,0.0,Medio
11004,Apaseo el Alto,Guanajuato,2025-05-01,14.0,0.0,Bajo
11004,Apaseo el Alto,Guanajuato,2025-06-01,17.0,0.0,Bajo
11004,Apaseo el Alto,Guanajuato,2025-07-01,24.0,0.0,Bajo
11005,Apaseo el Grande,Guanajuato,2025-05-01,52.0,0.0,Bajo
11005,Apaseo el Grande,Guanajuato,2025-06-01,65.0,0.0,Bajo
11005,Apaseo el Grande,Guanajuato,2025-07-01,61.0,0.0,Bajo
11006,Atarjea,Guanajuato,2025-05-01,0.0,0.0,Bajo
11006,Atarjea,Guanajuato,2025-06-01,0.0,0.0,Bajo
11006,Atarjea,Guanajuato,2025-07-01,0.0,0.0,Bajo
11007,Celaya,Guanajuato,2025-05-01,234.0,0.0,Medio
11007,Celaya,Guanajuato,2025-06-01,211.0,0.0,Medio
11007,Celaya,Guanajuato,2025-07-01,218.0,0.0,Medio
11008,Manuel Doblado,Guanajuato,2025-05-01,5.0,0.0,Bajo
11008,Manuel Doblado,Guanajuato,2025-06-01,0.0,0.0,Bajo
11008,Manuel Doblado,Guanajuato,2025-07-01,2.0,0.0,Bajo
11009,Comonfort,Guanajuato,2025-05-01,35.0,0.0,Bajo
11009,Comonfort,Guanajuato,2025-06-01,38.0,0.0,Bajo
11009,Comonfort,Guanajuato,2025-07-01,30.0,0.0,Bajo
11010,Coroneo,Guanajuato,2025-05-01,0.0,0.0,Bajo
11010,Coroneo,Guanajuato,2025-06-01,1.0,0.0,Bajo
11010,Coroneo,Guanajuato,2025-07-01,6.0,0.0,Bajo
11011,Cortazar,Guanajuato,2025-05-01,29.0,0.0,Bajo
11011,Cortazar,Guanajuato,2025-06-01,28.0,0.0,Bajo
11011,Cortazar,Guanajuato,2025-07-01,30.0,0.0,Bajo
11012,Cuerámaro,Guanajuato,2025-05-01,3.0,0.0,Bajo
11012,Cuerámaro,Guanajuato,2025-06-01,1.0,0.0,Bajo
11012,Cuerámaro,Guanajuato,2025-07-01,0.0,0.0,Bajo
11013,Doctor Mora,Guanajuato,2025-05-01,2.0,0.0,Bajo
11013,Doctor Mora,Guanajuato,2025-06-01,13.0,0.0,Bajo
11013,Doctor Mora,Guanajuato,2025-07-01,7.0,0.0,Bajo
11014,Dolores Hidalgo Cuna de la Independencia Nacional,Guanajuato,2025-05-01,71.0,0.0,Bajo
11014,Dolores Hidalgo Cuna de la Independencia Nacional,Guanajuato,2025-06-01,67.0,0.0,Bajo
11014,Dolores Hidalgo Cuna de la Independencia Nacional,Guanajuato,2025-07-01,81.0,0.0,Bajo
11015,Guanajuato,Guanajuato,2025-05-01,125.0,0.0,Medio
11015,Guanajuato,Guanajuato,2025-06-01,115.0,0.0,Medio
11015,Guanajuato,Guanajuato,2025-07-01,132.0,0.0,Medio
11016,Huanímaro,Guanajuato,2025-05-01,0.0,0.0,Bajo
11016,Huanímaro,Guanajuato,2025-06-01,7.0,0.0,Bajo
11016,Huanímaro,Guanajuato,2025-07-01,2.0,0.0,Bajo
11017,Irapuato,Guanajuato,2025-05-01,319.0,2.0,Medio
11017,Irapuato,Guanajuato,2025-06-01,279.0,1.0,Medio
11017,Irapuato,Guanajuato,2025-07-01,325.0,0.0,Medio
11018,Jaral del Progreso,Guanajuato,2025-05-01,27.0,0.0,Bajo
11018,Jaral del Progreso,Guanajuato,2025-06-01,9.0,0.0,Bajo
11018,Jaral del Progreso,Guanajuato,2025-07-01,8.0,0.0,Bajo
11019,Jerécuaro,Guanajuato,2025-05-01,4.0,0.0,Bajo
11019,Jerécuaro,Guanajuato,2025-06-01,2.0,0.0,Bajo
11019,Jerécuaro,Guanajuato,2025-07-01,3.0,0.0,Bajo
11020,León,Guanajuato,2025-05-01,616.0,0.0,Alto
11020,León,Guanajuato,2025-06-01,532.0,0.0,Alto
11020,León,Guanajuato,2025-07-01,566.0,0.0,Alto
11021,Moroleón,Guanajuato,2025-05-01,14.0,0.0,Bajo
11021,Moroleón,Guanajuato,2025-06-01,20.0,0.0,Bajo
11021,Moroleón,Guanajuato,2025-07-01,9.0,0.0,Bajo
11022,Ocampo,Guanajuato,2025-05-01,10.0,0.0,Bajo
11022,Ocampo,Guanajuato,2025-06-01,5.0,0.0,Bajo
11022,Ocampo,Guanajuato,2025-07-01,5.0,0.0,Bajo
11023,Pénjamo,Guanajuato,2025-05-01,20.0,0.0,Bajo
11023,Pénjamo,Guanajuato,2025-06-01,25.0,0.0,Bajo
11023,Pénjamo,Guanajuato,2025-07-01,27.0,0.0,Bajo
11024,Pueblo Nuevo,Guanajuato,2025-05-01,5.0,0.0,Bajo
11024,Pueblo Nuevo,Guanajuato,2025-06-01,8.0,0.0,Bajo
11024,Pueblo Nuevo,Guanajuato,2025-07-01,8.0,0.0,Bajo
11025,Purísima del Rincón,Guanajuato,2025-05-01,14.0,0.0,Bajo
11025,Purísima del Rincón,Guanajuato,2025-06-01,16.0,0.0,Bajo
11025,Purísima del Rincón,Guanajuato,2025-07-01,18.0,0.0,Bajo
11026,Romita,Guanajuato,2025-05-01,13.0,0.0,Bajo
11026,Romita,Guanajuato,2025-06-01,8.0,0.0,Bajo
11026,Romita,Guanajuato,2025-07-01,10.0,0.0,Bajo
11027,Salamanca,Guanajuato,2025-05-01,123.0,0.0,Medio
11027,Salamanca,Guanajuato,2025-06-01,133.0,0.0,Medio
11027,Salamanca,Guanajuato,2025-07-01,180.0,0.0,Medio
11028,Salvatierra,Guanajuato,2025-05-01,24.0,0.0,Bajo
11028,Salvatierra,Guanajuato,2025-06-01,18.0,0.0,Bajo
11028,Salvatierra,Guanajuato,2025-07-01,29.0,0.0,Bajo
11029,San Diego de la Unión,Guanajuato,2025-05-01,8.0,0.0,Bajo
11029,San Diego de la Unión,Guanajuato,2025-06-01,15.0,0.0,Bajo
11029,San Diego de la Unión,Guanajuato,2025-07-01,9.0,0.0,Bajo
11030,San Felipe,Guanajuato,2025-05-01,30.0,0.0,Bajo
11030,San Felipe,Guanajuato,2025-06-01,36.0,0.0,Bajo
11030,San Felipe,Guanajuato,2025-07-01,52.0,0.0,Bajo
11031,San Francisco del Rincón,Guanajuato,2025-05-01,46.0,0.0,Bajo
11031,San Francisco del Rincón,Guanajuato,2025-06-01,52.0,0.0,Bajo
11031,San Francisco del Rincón,Guanajuato,2025-07-01,49.0,0.0,Bajo
11032,San José Iturbide,Guanajuato,2025-05-01,51.0,0.0,Bajo
11032,San José Iturbide,Guanajuato,2025-06-01,60.0,0.0,Bajo
11032,San José Iturbide,Guanajuato,2025-07-01,66.0,0.0,Bajo
11033,San Luis de la Paz,Guanajuato,2025-05-01,76.0,0.0,Bajo
11033,San Luis de la Paz,Guanajuato,2025-06-01,65.0,0.0,Bajo
11033,San Luis de la Paz,Guanajuato,2025-07-01,78.0,0.0,Bajo
11034,Santa Catarina,Guanajuato,2025-05-01,4.0,0.0,Bajo
11034,Santa Catarina,Guanajuato,2025-06-01,2.0,0.0,Bajo
11034,Santa Catarina,Guanajuato,2025-07-01,4.0,0.0,Bajo
11035,Santa Cruz de Juventino Rosas,Guanajuato,2025-05-01,13.0,0.0,Bajo
11035,Santa Cruz de Juventino Rosas,Guanajuato,2025-06-01,19.0,0.0,Bajo
11035,Santa Cruz de Juventino Rosas,Guanajuato,2025-07-01,14.0,0.0,Bajo
11036,Santiago Maravatío,Guanajuato,2025-05-01,0.0,0.0,Bajo
11036,Santiago Maravatío,Guanajuato,2025-06-01,1.0,0.0,Bajo
11036,Santiago Maravatío,Guanajuato,2025-07-01,3.0,0.0,Bajo
11037,Silao de la Victoria,Guanajuato,2025-05-01,88.0,0.0,Bajo
11037,Silao de la Victoria,Guanajuato,2025-06-01,119.0,0.0,Medio
11037,Silao de la Victoria,Guanajuato,2025-07-01,98.0,0.0,Bajo
11038,Tarandacuao,Guanajuato,2025-05-01,2.0,0.0,Bajo
11038,Tarandacuao,Guanajuato,2025-06-01,1.0,0.0,Bajo
11038,Tarandacuao,Guanajuato,2025-07-01,4.0,0.0,Bajo
11039,Tarimoro,Guanajuato,2025-05-01,12.0,0.0,Bajo
11039,Tarimoro,Guanajuato,2025-06-01,15.0,0.0,Bajo
11039,Tarimoro,Guanajuato,2025-07-01,5.0,0.0,Bajo
11040,Tierra Blanca,Guanajuato,2025-05-01,2.0,0.0,Bajo
11040,Tierra Blanca,Guanajuato,2025-06-01,2.0,0.0,Bajo
11040,Tierra Blanca,Guanajuato,2025-07-01,5.0,0.0,Bajo
11041,Uriangato,Guanajuato,2025-05-01,4.0,0.0,Bajo
11041,Uriangato,Guanajuato,2025-06-01,10.0,0.0,Bajo
11041,Uriangato,Guanajuato,2025-07-01,20.0,0.0,Bajo
11042,Valle de Santiago,Guanajuato,2025-05-01,48.0,0.0,Bajo
11042,Valle de Santiago,Guanajuato,2025-06-01,49.0,0.0,Bajo
11042,Valle de Santiago,Guanajuato,2025-07-01,56.0,0.0,Bajo
11043,Victoria,Guanajuato,2025-05-01,2.0,0.0,Bajo
11043,Victoria,Guanajuato,2025-06-01,2.0,0.0,Bajo
11043,Victoria,Guanajuato,2025-07-01,2.0,0.0,Bajo
11044,Villagrán,Guanajuato,2025-05-01,23.0,0.0,Bajo
11044,Villagrán,Guanajuato,2025-06-01,26.0,0.0,Bajo
11044,Villagrán,Guanajuato,2025-07-01,11.0,0.0,Bajo
11045,Xichú,Guanajuato,2025-05-01,1.0,0.0,Bajo
11045,Xichú,Guanajuato,2025-06-01,0.0,0.0,Bajo
11045,Xichú,Guanajuato,2025-07-01,0.0,0.0,Bajo
11046,Yuriria,Guanajuato,2025-05-01,14.0,0.0,Bajo
11046,Yuriria,Guanajuato,2025-06-01,18.0,0.0,Bajo
11046,Yuriria,Guanajuato,2025-07-01,24.0,0.0,Bajo
12001,Acapulco de Juárez,Guerrero,2025-05-01,159.0,0.0,Medio
12001,Acapulco de Juárez,Guerrero,2025-06-01,128.0,0.0,Medio
12001,Acapulco de Juárez,Guerrero,2025-07-01,137.0,0.0,Medio
12002,Ahuacuotzingo,Guerrero,2025-05-01,0.0,0.0,Bajo
12002,Ahuacuotzingo,Guerrero,2025-06-01,0.0,0.0,Bajo
12002,Ahuacuotzingo,Guerrero,2025-07-01,0.0,0.0,Bajo
12003,Ajuchitlán del Progreso,Guerrero,2025-05-01,0.0,0.0,Bajo
12003,Ajuchitlán del Progreso,Guerrero,2025-06-01,1.0,0.0,Bajo
12003,Ajuchitlán del Progreso,Guerrero,2025-07-01,0.0,0.0,Bajo
12004,Alcozauca de Guerrero,Guerrero,2025-05-01,0.0,0.0,Bajo
12004,Alcozauca de Guerrero,Guerrero,2025-06-01,0.0,0.0,Bajo
12004,Alcozauca de Guerrero,Guerrero,2025-07-01,0.0,0.0,Bajo
12005,Alpoyeca,Guerrero,2025-05-01,0.0,0.0,Bajo
12005,Alpoyeca,Guerrero,2025-06-01,0.0,0.0,Bajo
12005,Alpoyeca,Guerrero,2025-07-01,0.0,0.0,Bajo
12006,Apaxtla,Guerrero,2025-05-01,0.0,0.0,Bajo
12006,Apaxtla,Guerrero,2025-06-01,0.0,0.0,Bajo
12006,Apaxtla,Guerrero,2025-07-01,0.0,0.0,Bajo
12007,Arcelia,Guerrero,2025-05-01,0.0,0.0,Bajo
12007,Arcelia,Guerrero,2025-06-01,1.0,0.0,Bajo
12007,Arcelia,Guerrero,2025-07-01,1.0,0.0,Bajo
12008,Atenango del Río,Guerrero,2025-05-01,1.0,0.0,Bajo
12008,Atenango del Río,Guerrero,2025-06-01,1.0,0.0,Bajo
12008,Atenango del Río,Guerrero,2025-07-01,1.0,0.0,Bajo
12009,Atlamajalcingo del Monte,Guerrero,2025-05-01,0.0,0.0,Bajo
12009,Atlamajalcingo del Monte,Guerrero,2025-06-01,0.0,0.0,Bajo
12009,Atlamajalcingo del Monte,Guerrero,2025-07-01,0.0,0.0,Bajo
12010,Atlixtac,Guerrero,2025-05-01,0.0,0.0,Bajo
12010,Atlixtac,Guerrero,2025-06-01,0.0,0.0,Bajo
12010,Atlixtac,Guerrero,2025-07-01,0.0,0.0,Bajo
12011,Atoyac de Álvarez,Guerrero,2025-05-01,2.0,0.0,Bajo
12011,Atoyac de Álvarez,Guerrero,2025-06-01,2.0,0.0,Bajo
12011,Atoyac de Álvarez,Guerrero,2025-07-01,1.0,0.0,Bajo
12012,Ayutla de los Libres,Guerrero,2025-05-01,7.0,0.0,Bajo
12012,Ayutla de los Libres,Guerrero,2025-06-01,3.0,0.0,Bajo
12012,Ayutla de los Libres,Guerrero,2025-07-01,1.0,0.0,Bajo
12013,Azoyú,Guerrero,2025-05-01,0.0,0.0,Bajo
12013,Azoyú,Guerrero,2025-06-01,0.0,0.0,Bajo
12013,Azoyú,Guerrero,2025-07-01,0.0,0.0,Bajo
12014,Benito Juárez,Guerrero,2025-05-01,0.0,0.0,Bajo
12014,Benito Juárez,Guerrero,2025-06-01,0.0,0.0,Bajo
12014,Benito Juárez,Guerrero,2025-07-01,1.0,0.0,Bajo
12015,Buenavista de Cuéllar,Guerrero,2025-05-01,5.0,0.0,Bajo
12015,Buenavista de Cuéllar,Guerrero,2025-06-01,7.0,0.0,Bajo
12015,Buenavista de Cuéllar,Guerrero,2025-07-01,1.0,0.0,Bajo
12016,Coahuayutla de José María Izazaga,Guerrero,2025-05-01,0.0,0.0,Bajo
12016,Coahuayutla de José María Izazaga,Guerrero,2025-06-01,0.0,0.0,Bajo
12016,Coahuayutla de José María Izazaga,Guerrero,2025-07-01,0.0,0.0,Bajo
12017,Cocula,Guerrero,2025-05-01,0.0,0.0,Bajo
12017,Cocula,Guerrero,2025-06-01,0.0,0.0,Bajo
12017,Cocula,Guerrero,2025-07-01,0.0,0.0,Bajo
12018,Copala,Guerrero,2025-05-01,1.0,0.0,Bajo
12018,Copala,Guerrero,2025-06-01,0.0,0.0,Bajo
12018,Copala,Guerrero,2025-07-01,2.0,0.0,Bajo
12019,Copalillo,Guerrero,2025-05-01,0.0,0.0,Bajo
12019,Copalillo,Guerrero,2025-06-01,0.0,0.0,Bajo
12019,Copalillo,Guerrero,2025-07-01,0.0,0.0,Bajo
12020,Copanatoyac,Guerrero,2025-05-01,0.0,0.0,Bajo
12020,Copanatoyac,Guerrero,2025-06-01,0.0,0.0,Bajo
12020,Copanatoyac,Guerrero,2025-07-01,0.0,0.0,Bajo
12021,Coyuca de Benítez,Guerrero,2025-05-01,10.0,0.0,Bajo
12021,Coyuca de Benítez,Guerrero,2025-06-01,7.0,0.0,Bajo
12021,Coyuca de Benítez,Guerrero,2025-07-01,2.0,0.0,Bajo
12022,Coyuca de Catalán,Guerrero,2025-05-01,3.0,0.0,Bajo
12022,Coyuca de Catalán,Guerrero,2025-06-01,1.0,0.0,Bajo
12022,Coyuca de Catalán,Guerrero,2025-07-01,0.0,0.0,Bajo
12023,Cuajinicuilapa,Guerrero,2025-05-01,1.0,0.0,Bajo
12023,Cuajinicuilapa,Guerrero,2025-06-01,0.0,0.0,Bajo
12023,Cuajinicuilapa,Guerrero,2025-07-01,0.0,0.0,Bajo
12024,Cualác,Guerrero,2025-05-01,0.0,0.0,Bajo
12024,Cualác,Guerrero,2025-06-01,0.0,0.0,Bajo
12024,Cualác,Guerrero,2025-07-01,0.0,0.0,Bajo
12025,Cuautepec,Guerrero,2025-05-01,0.0,0.0,Bajo
12025,Cuautepec,Guerrero,2025-06-01,0.0,0.0,Bajo
12025,Cuautepec,Guerrero,2025-07-01,0.0,0.0,Bajo
12026,Cuetzala del Progreso,Guerrero,2025-05-01,0.0,0.0,Bajo
12026,Cuetzala del Progreso,Guerrero,2025-06-01,0.0,0.0,Bajo
12026,Cuetzala del Progreso,Guerrero,2025-07-01,0.0,0.0,Bajo
12027,Cutzamala de Pinzón,Guerrero,2025-05-01,1.0,0.0,Bajo
12027,Cutzamala de Pinzón,Guerrero,2025-06-01,0.0,0.0,Bajo
12027,Cutzamala de Pinzón,Guerrero,2025-07-01,1.0,0.0,Bajo
12028,Chilapa de Álvarez,Guerrero,2025-05-01,5.0,0.0,Bajo
12028,Chilapa de Álvarez,Guerrero,2025-06-01,1.0,0.0,Bajo
12028,Chilapa de Álvarez,Guerrero,2025-07-01,2.0,0.0,Bajo
12029,Chilpancingo de los Bravo,Guerrero,2025-05-01,69.0,0.0,Bajo
12029,Chilpancingo de los Bravo,Guerrero,2025-06-01,85.0,0.0,Bajo
12029,Chilpancingo de los Bravo,Guerrero,2025-07-01,79.0,0.0,Bajo
12030,Florencio Villarreal,Guerrero,2025-05-01,0.0,0.0,Bajo
12030,Florencio Villarreal,Guerrero,2025-06-01,1.0,0.0,Bajo
12030,Florencio Villarreal,Guerrero,2025-07-01,1.0,0.0,Bajo
12031,General Canuto A. Neri,Guerrero,2025-05-01,0.0,0.0,Bajo
12031,General Canuto A. Neri,Guerrero,2025-06-01,0.0,0.0,Bajo
12031,General Canuto A. Neri,Guerrero,2025-07-01,0.0,0.0,Bajo
12032,General Heliodoro Castillo,Guerrero,2025-05-01,1.0,0.0,Bajo
12032,General Heliodoro Castillo,Guerrero,2025-06-01,0.0,0.0,Bajo
12032,General Heliodoro Castillo,Guerrero,2025-07-01,0.0,0.0,Bajo
12033,Huamuxtitlán,Guerrero,2025-05-01,1.0,0.0,Bajo
12033,Huamuxtitlán,Guerrero,2025-06-01,1.0,0.0,Bajo
12033,Huamuxtitlán,Guerrero,2025-07-01,0.0,0.0,Bajo
12034,Huitzuco de los Figueroa,Guerrero,2025-05-01,1.0,0.0,Bajo
12034,Huitzuco de los Figueroa,Guerrero,2025-06-01,4.0,0.0,Bajo
12034,Huitzuco de los Figueroa,Guerrero,2025-07-01,4.0,0.0,Bajo
12035,Iguala de la Independencia,Guerrero,2025-05-01,23.0,0.0,Bajo
12035,Iguala de la Independencia,Guerrero,2025-06-01,23.0,0.0,Bajo
12035,Iguala de la Independencia,Guerrero,2025-07-01,26.0,0.0,Bajo
12036,Igualapa,Guerrero,2025-05-01,0.0,0.0,Bajo
12036,Igualapa,Guerrero,2025-06-01,2.0,0.0,Bajo
12036,Igualapa,Guerrero,2025-07-01,0.0,0.0,Bajo
12037,Ixcateopan de Cuauhtémoc,Guerrero,2025-05-01,0.0,0.0,Bajo
12037,Ixcateopan de Cuauhtémoc,Guerrero,2025-06-01,0.0,0.0,Bajo
12037,Ixcateopan de Cuauhtémoc,Guerrero,2025-07-01,0.0,0.0,Bajo
12038,Zihuatanejo de Azueta,Guerrero,2025-05-01,23.0,0.0,Bajo
12038,Zihuatanejo de Azueta,Guerrero,2025-06-01,34.0,0.0,Bajo
12038,Zihuatanejo de Azueta,Guerrero,2025-07-01,14.0,0.0,Bajo
12039,Juan R. Escudero,Guerrero,2025-05-01,3.0,0.0,Bajo
12039,Juan R. Escudero,Guerrero,2025-06-01,2.0,0.0,Bajo
12039,Juan R. Escudero,Guerrero,2025-07-01,2.0,0.0,Bajo
12040,Leonardo Bravo,Guerrero,2025-05-01,0.0,0.0,Bajo
12040,Leonardo Bravo,Guerrero,2025-06-01,0.0,0.0,Bajo
12040,Leonardo Bravo,Guerrero,2025-07-01,1.0,0.0,Bajo
12041,Malinaltepec,Guerrero,2025-05-01,0.0,0.0,Bajo
12041,Malinaltepec,Guerrero,2025-06-01,0.0,0.0,Bajo
12041,Malinaltepec,Guerrero,2025-07-01,0.0,0.0,Bajo
12042,Mártir de Cuilapan,Guerrero,2025-05-01,0.0,0.0,Bajo
12042,Mártir de Cuilapan,Guerrero,2025-06-01,0.0,0.0,Bajo
12042,Mártir de Cuilapan,Guerrero,2025-07-01,0.0,0.0,Bajo
12043,Metlatónoc,Guerrero,2025-05-01,0.0,0.0,Bajo
12043,Metlatónoc,Guerrero,2025-06-01,3.0,0.0,Bajo
12043,Metlatónoc,Guerrero,2025-07-01,2.0,0.0,Bajo
12044,Mochitlán,Guerrero,2025-05-01,0.0,0.0,Bajo
12044,Mochitlán,Guerrero,2025-06-01,0.0,0.0,Bajo
12044,Mochitlán,Guerrero,2025-07-01,0.0,0.0,Bajo
12045,Olinalá,Guerrero,2025-05-01,0.0,0.0,Bajo
12045,Olinalá,Guerrero,2025-06-01,0.0,0.0,Bajo
12045,Olinalá,Guerrero,2025-07-01,0.0,0.0,Bajo
12046,Ometepec,Guerrero,2025-05-01,9.0,0.0,Bajo
12046,Ometepec,Guerrero,2025-06-01,3.0,0.0,Bajo
12046,Ometepec,Guerrero,2025-07-01,4.0,0.0,Bajo
12047,Pedro Ascencio Alquisiras,Guerrero,2025-05-01,0.0,0.0,Bajo
12047,Pedro Ascencio Alquisiras,Guerrero,2025-06-01,0.0,0.0,Bajo
12047,Pedro Ascencio Alquisiras,Guerrero,2025-07-01,0.0,0.0,Bajo
12048,Petatlán,Guerrero,2025-05-01,2.0,0.0,Bajo
12048,Petatlán,Guerrero,2025-06-01,1.0,0.0,Bajo
12048,Petatlán,Guerrero,2025-07-01,2.0,0.0,Bajo
12049,Pilcaya,Guerrero,2025-05-01,5.0,0.0,Bajo
12049,Pilcaya,Guerrero,2025-06-01,1.0,0.0,Bajo
12049,Pilcaya,Guerrero,2025-07-01,0.0,0.0,Bajo
12050,Pungarabato,Guerrero,2025-05-01,3.0,0.0,Bajo
12050,Pungarabato,Guerrero,2025-06-01,4.0,0.0,Bajo
12050,Pungarabato,Guerrero,2025-07-01,3.0,0.0,Bajo
12051,Quechultenango,Guerrero,2025-05-01,0.0,0.0,Bajo
12051,Quechultenango,Guerrero,2025-06-01,0.0,0.0,Bajo
12051,Quechultenango,Guerrero,2025-07-01,1.0,0.0,Bajo
12052,San Luis Acatlán,Guerrero,2025-05-01,0.0,0.0,Bajo
12052,San Luis Acatlán,Guerrero,2025-06-01,0.0,0.0,Bajo
12052,San Luis Acatlán,Guerrero,2025-07-01,3.0,0.0,Bajo
12053,San Marcos,Guerrero,2025-05-01,2.0,0.0,Bajo
12053,San Marcos,Guerrero,2025-06-01,2.0,0.0,Bajo
12053,San Marcos,Guerrero,2025-07-01,4.0,0.0,Bajo
12054,San Miguel Totolapan,Guerrero,2025-05-01,0.0,0.0,Bajo
12054,San Miguel Totolapan,Guerrero,2025-06-01,0.0,0.0,Bajo
12054,San Miguel Totolapan,Guerrero,2025-07-01,0.0,0.0,Bajo
12055,Taxco de Alarcón,Guerrero,2025-05-01,10.0,0.0,Bajo
12055,Taxco de Alarcón,Guerrero,2025-06-01,8.0,0.0,Bajo
12055,Taxco de Alarcón,Guerrero,2025-07-01,8.0,0.0,Bajo
12056,Tecoanapa,Guerrero,2025-05-01,2.0,0.0,Bajo
12056,Tecoanapa,Guerrero,2025-06-01,4.0,0.0,Bajo
12056,Tecoanapa,Guerrero,2025-07-01,1.0,0.0,Bajo
12057,Técpan de Galeana,Guerrero,2025-05-01,2.0,0.0,Bajo
12057,Técpan de Galeana,Guerrero,2025-06-01,2.0,0.0,Bajo
12057,Técpan de Galeana,Guerrero,2025-07-01,3.0,0.0,Bajo
12058,Teloloapan,Guerrero,2025-05-01,4.0,0.0,Bajo
12058,Teloloapan,Guerrero,2025-06-01,1.0,0.0,Bajo
12058,Teloloapan,Guerrero,2025-07-01,9.0,0.0,Bajo
12059,Tepecoacuilco de Trujano,Guerrero,2025-05-01,0.0,0.0,Bajo
12059,Tepecoacuilco de Trujano,Guerrero,2025-06-01,2.0,0.0,Bajo
12059,Tepecoacuilco de Trujano,Guerrero,2025-07-01,2.0,0.0,Bajo
12060,Tetipac,Guerrero,2025-05-01,0.0,0.0,Bajo
12060,Tetipac,Guerrero,2025-06-01,0.0,0.0,Bajo
12060,Tetipac,Guerrero,2025-07-01,0.0,0.0,Bajo
12061,Tixtla de Guerrero,Guerrero,2025-05-01,4.0,0.0,Bajo
12061,Tixtla de Guerrero,Guerrero,2025-06-01,1.0,0.0,Bajo
12061,Tixtla de Guerrero,Guerrero,2025-07-01,1.0,0.0,Bajo
12062,Tlacoachistlahuaca,Guerrero,2025-05-01,0.0,0.0,Bajo
12062,Tlacoachistlahuaca,Guerrero,2025-06-01,1.0,0.0,Bajo
12062,Tlacoachistlahuaca,Guerrero,2025-07-01,0.0,0.0,Bajo
12063,Tlacoapa,Guerrero,2025-05-01,0.0,0.0,Bajo
12063,Tlacoapa,Guerrero,2025-06-01,1.0,0.0,Bajo
12063,Tlacoapa,Guerrero,2025-07-01,0.0,0.0,Bajo
12064,Tlalchapa,Guerrero,2025-05-01,1.0,0.0,Bajo
12064,Tlalchapa,Guerrero,2025-06-01,0.0,0.0,Bajo
12064,Tlalchapa,Guerrero,2025-07-01,0.0,0.0,Bajo
12065,Tlalixtaquilla de Maldonado,Guerrero,2025-05-01,0.0,0.0,Bajo
12065,Tlalixtaquilla de Maldonado,Guerrero,2025-06-01,0.0,0.0,Bajo
12065,Tlalixtaquilla de Maldonado,Guerrero,2025-07-01,0.0,0.0,Bajo
12066,Tlapa de Comonfort,Guerrero,2025-05-01,5.0,0.0,Bajo
12066,Tlapa de Comonfort,Guerrero,2025-06-01,8.0,0.0,Bajo
12066,Tlapa de Comonfort,Guerrero,2025-07-01,6.0,0.0,Bajo
12067,Tlapehuala,Guerrero,2025-05-01,1.0,0.0,Bajo
12067,Tlapehuala,Guerrero,2025-06-01,1.0,0.0,Bajo
12067,Tlapehuala,Guerrero,2025-07-01,0.0,0.0,Bajo
12068,La Unión de Isidoro Montes de Oca,Guerrero,2025-05-01,5.0,0.0,Bajo
12068,La Unión de Isidoro Montes de Oca,Guerrero,2025-06-01,10.0,0.0,Bajo
12068,La Unión de Isidoro Montes de Oca,Guerrero,2025-07-01,4.0,0.0,Bajo
12069,Xalpatláhuac,Guerrero,2025-05-01,0.0,0.0,Bajo
12069,Xalpatláhuac,Guerrero,2025-06-01,0.0,0.0,Bajo
12069,Xalpatláhuac,Guerrero,2025-07-01,0.0,0.0,Bajo
12070,Xochihuehuetlán,Guerrero,2025-05-01,2.0,0.0,Bajo
12070,Xochihuehuetlán,Guerrero,2025-06-01,2.0,0.0,Bajo
12070,Xochihuehuetlán,Guerrero,2025-07-01,0.0,0.0,Bajo
12071,Xochistlahuaca,Guerrero,2025-05-01,0.0,0.0,Bajo
12071,Xochistlahuaca,Guerrero,2025-06-01,0.0,0.0,Bajo
12071,Xochistlahuaca,Guerrero,2025-07-01,0.0,0.0,Bajo
12072,Zapotitlán Tablas,Guerrero,2025-05-01,0.0,0.0,Bajo
12072,Zapotitlán Tablas,Guerrero,2025-06-01,0.0,0.0,Bajo
12072,Zapotitlán Tablas,Guerrero,2025-07-01,0.0,0.0,Bajo
12073,Zirándaro,Guerrero,2025-05-01,0.0,0.0,Bajo
12073,Zirándaro,Guerrero,2025-06-01,2.0,0.0,Bajo
12073,Zirándaro,Guerrero,2025-07-01,1.0,0.0,Bajo
12074,Zitlala,Guerrero,2025-05-01,0.0,0.0,Bajo
12074,Zitlala,Guerrero,2025-06-01,0.0,0.0,Bajo
12074,Zitlala,Guerrero,2025-07-01,0.0,0.0,Bajo
12075,Eduardo Neri,Guerrero,2025-05-01,8.0,0.0,Bajo
12075,Eduardo Neri,Guerrero,2025-06-01,5.0,0.0,Bajo
12075,Eduardo Neri,Guerrero,2025-07-01,5.0,0.0,Bajo
12076,Acatepec,Guerrero,2025-05-01,0.0,0.0,Bajo
12076,Acatepec,Guerrero,2025-06-01,0.0,0.0,Bajo
12076,Acatepec,Guerrero,2025-07-01,0.0,0.0,Bajo
12077,Marquelia,Guerrero,2025-05-01,0.0,0.0,Bajo
12077,Marquelia,Guerrero,2025-06-01,1.0,0.0,Bajo
12077,Marquelia,Guerrero,2025-07-01,1.0,0.0,Bajo
12078,Cochoapa el Grande,Guerrero,2025-05-01,0.0,0.0,Bajo
12078,Cochoapa el Grande,Guerrero,2025-06-01,0.0,0.0,Bajo
12078,Cochoapa el Grande,Guerrero,2025-07-01,1.0,0.0,Bajo
12079,José Joaquín de Herrera,Guerrero,2025-05-01,0.0,0.0,Bajo
12079,José Joaquín de Herrera,Guerrero,2025-06-01,0.0,0.0,Bajo
12079,José Joaquín de Herrera,Guerrero,2025-07-01,0.0,0.0,Bajo
12080,Juchitán,Guerrero,2025-05-01,1.0,0.0,Bajo
12080,Juchitán,Guerrero,2025-06-01,0.0,0.0,Bajo
12080,Juchitán,Guerrero,2025-07-01,0.0,0.0,Bajo
12081,Iliatenco,Guerrero,2025-05-01,0.0,0.0,Bajo
12081,Iliatenco,Guerrero,2025-06-01,0.0,0.0,Bajo
12081,Iliatenco,Guerrero,2025-07-01,0.0,0.0,Bajo
12082,Las Vigas,Guerrero,2025-05-01,0.0,0.0,Bajo
12082,Las Vigas,Guerrero,2025-06-01,0.0,0.0,Bajo
12082,Las Vigas,Guerrero,2025-07-01,0.0,0.0,Bajo
12083,Ñuu Savi,Guerrero,2025-05-01,0.0,0.0,Bajo
12083,Ñuu Savi,Guerrero,2025-06-01,0.0,0.0,Bajo
12083,Ñuu Savi,Guerrero,2025-07-01,0.0,0.0,Bajo
12084,Santa Cruz del Rincón,Guerrero,2025-05-01,0.0,0.0,Bajo
12084,Santa Cruz del Rincón,Guerrero,2025-06-01,0.0,0.0,Bajo
12084,Santa Cruz del Rincón,Guerrero,2025-07-01,0.0,0.0,Bajo
12085,San Nicolás,Guerrero,2025-05-01,0.0,0.0,Bajo
12085,San Nicolás,Guerrero,2025-06-01,0.0,0.0,Bajo
12085,San Nicolás,Guerrero,2025-07-01,0.0,0.0,Bajo
13001,Acatlán,Hidalgo,2025-05-01,1.0,0.0,Bajo
13001,Acatlán,Hidalgo,2025-06-01,2.0,0.0,Bajo
13001,Acatlán,Hidalgo,2025-07-01,3.0,0.0,Bajo
13002,Acaxochitlán,Hidalgo,2025-05-01,2.0,0.0,Bajo
13002,Acaxochitlán,Hidalgo,2025-06-01,10.0,0.0,Bajo
13002,Acaxochitlán,Hidalgo,2025-07-01,16.0,0.0,Bajo
13003,Actopan,Hidalgo,2025-05-01,15.0,0.0,Bajo
13003,Actopan,Hidalgo,2025-06-01,20.0,0.0,Bajo
13003,Actopan,Hidalgo,2025-07-01,34.0,0.0,Bajo
13004,Agua Blanca de Iturbide,Hidalgo,2025-05-01,2.0,0.0,Bajo
13004,Agua Blanca de Iturbide,Hidalgo,2025-06-01,1.0,0.0,Bajo
13004,Agua Blanca de Iturbide,Hidalgo,2025-07-01,2.0,0.0,Bajo
13005,Ajacuba,Hidalgo,2025-05-01,0.0,0.0,Bajo
13005,Ajacuba,Hidalgo,2025-06-01,1.0,0.0,Bajo
13005,Ajacuba,Hidalgo,2025-07-01,1.0,0.0,Bajo
13006,Alfajayucan,Hidalgo,2025-05-01,4.0,0.0,Bajo
13006,Alfajayucan,Hidalgo,2025-06-01,5.0,0.0,Bajo
13006,Alfajayucan,Hidalgo,2025-07-01,4.0,0.0,Bajo
13007,Almoloya,Hidalgo,2025-05-01,2.0,0.0,Bajo
13007,Almoloya,Hidalgo,2025-06-01,4.0,0.0,Bajo
13007,Almoloya,Hidalgo,2025-07-01,2.0,0.0,Bajo
13008,Apan,Hidalgo,2025-05-01,18.0,0.0,Bajo
13008,Apan,Hidalgo,2025-06-01,14.0,0.0,Bajo
13008,Apan,Hidalgo,2025-07-01,13.0,0.0,Bajo
13009,El Arenal,Hidalgo,2025-05-01,1.0,0.0,Bajo
13009,El Arenal,Hidalgo,2025-06-01,0.0,0.0,Bajo
13009,El Arenal,Hidalgo,2025-07-01,3.0,0.0,Bajo
13010,Atitalaquia,Hidalgo,2025-05-01,15.0,0.0,Bajo
13010,Atitalaquia,Hidalgo,2025-06-01,12.0,0.0,Bajo
13010,Atitalaquia,Hidalgo,2025-07-01,22.0,0.0,Bajo
13011,Atlapexco,Hidalgo,2025-05-01,1.0,0.0,Bajo
13011,Atlapexco,Hidalgo,2025-06-01,0.0,0.0,Bajo
13011,Atlapexco,Hidalgo,2025-07-01,0.0,0.0,Bajo
13012,Atotonilco el Grande,Hidalgo,2025-05-01,13.0,0.0,Bajo
13012,Atotonilco el Grande,Hidalgo,2025-06-01,3.0,0.0,Bajo
13012,Atotonilco el Grande,Hidalgo,2025-07-01,6.0,0.0,Bajo
13013,Atotonilco de Tula,Hidalgo,2025-05-01,25.0,0.0,Bajo
13013,Atotonilco de Tula,Hidalgo,2025-06-01,26.0,0.0,Bajo
13013,Atotonilco de Tula,Hidalgo,2025-07-01,39.0,0.0,Bajo
13014,Calnali,Hidalgo,2025-05-01,0.0,0.0,Bajo
13014,Calnali,Hidalgo,2025-06-01,2.0,0.0,Bajo
13014,Calnali,Hidalgo,2025-07-01,1.0,0.0,Bajo
13015,Cardonal,Hidalgo,2025-05-01,0.0,0.0,Bajo
13015,Cardonal,Hidalgo,2025-06-01,0.0,0.0,Bajo
13015,Cardonal,Hidalgo,2025-07-01,2.0,0.0,Bajo
13016,Cuautepec de Hinojosa,Hidalgo,2025-05-01,8.0,0.0,Bajo
13016,Cuautepec de Hinojosa,Hidalgo,2025-06-01,10.0,0.0,Bajo
13016,Cuautepec de Hinojosa,Hidalgo,2025-07-01,11.0,0.0,Bajo
13017,Chapantongo,Hidalgo,2025-05-01,1.0,0.0,Bajo
13017,Chapantongo,Hidalgo,2025-06-01,1.0,0.0,Bajo
13017,Chapantongo,Hidalgo,2025-07-01,0.0,0.0,Bajo
13018,Chapulhuacán,Hidalgo,2025-05-01,0.0,0.0,Bajo
13018,Chapulhuacán,Hidalgo,2025-06-01,0.0,0.0,Bajo
13018,Chapulhuacán,Hidalgo,2025-07-01,0.0,0.0,Bajo
13019,Chilcuautla,Hidalgo,2025-05-01,0.0,0.0,Bajo
13019,Chilcuautla,Hidalgo,2025-06-01,1.0,0.0,Bajo
13019,Chilcuautla,Hidalgo,2025-07-01,0.0,0.0,Bajo
13020,Eloxochitlán,Hidalgo,2025-05-01,0.0,0.0,Bajo
13020,Eloxochitlán,Hidalgo,2025-06-01,0.0,0.0,Bajo
13020,Eloxochitlán,Hidalgo,2025-07-01,0.0,0.0,Bajo
13021,Emiliano Zapata,Hidalgo,2025-05-01,8.0,0.0,Bajo
13021,Emiliano Zapata,Hidalgo,2025-06-01,5.0,0.0,Bajo
13021,Emiliano Zapata,Hidalgo,2025-07-01,6.0,0.0,Bajo
13022,Epazoyucan,Hidalgo,2025-05-01,5.0,0.0,Bajo
13022,Epazoyucan,Hidalgo,2025-06-01,2.0,0.0,Bajo
13022,Epazoyucan,Hidalgo,2025-07-01,4.0,0.0,Bajo
13023,Francisco I. Madero,Hidalgo,2025-05-01,4.0,0.0,Bajo
13023,Francisco I. Madero,Hidalgo,2025-06-01,3.0,0.0,Bajo
13023,Francisco I. Madero,Hidalgo,2025-07-01,3.0,0.0,Bajo
13024,Huasca de Ocampo,Hidalgo,2025-05-01,3.0,0.0,Bajo
13024,Huasca de Ocampo,Hidalgo,2025-06-01,1.0,0.0,Bajo
13024,Huasca de Ocampo,Hidalgo,2025-07-01,3.0,0.0,Bajo
13025,Huautla,Hidalgo,2025-05-01,0.0,0.0,Bajo
13025,Huautla,Hidalgo,2025-06-01,0.0,0.0,Bajo
13025,Huautla,Hidalgo,2025-07-01,0.0,0.0,Bajo
13026,Huazalingo,Hidalgo,2025-05-01,1.0,0.0,Bajo
13026,Huazalingo,Hidalgo,2025-06-01,2.0,0.0,Bajo
13026,Huazalingo,Hidalgo,2025-07-01,0.0,0.0,Bajo
13027,Huehuetla,Hidalgo,2025-05-01,1.0,0.0,Bajo
13027,Huehuetla,Hidalgo,2025-06-01,1.0,0.0,Bajo
13027,Huehuetla,Hidalgo,2025-07-01,1.0,0.0,Bajo
13028,Huejutla de Reyes,Hidalgo,2025-05-01,2.0,0.0,Bajo
13028,Huejutla de Reyes,Hidalgo,2025-06-01,3.0,0.0,Bajo
13028,Huejutla de Reyes,Hidalgo,2025-07-01,5.0,0.0,Bajo
13029,Huichapan,Hidalgo,2025-05-01,16.0,0.0,Bajo
13029,Huichapan,Hidalgo,2025-06-01,10.0,0.0,Bajo
13029,Huichapan,Hidalgo,2025-07-01,11.0,0.0,Bajo
13030,Ixmiquilpan,Hidalgo,2025-05-01,19.0,0.0,Bajo
13030,Ixmiquilpan,Hidalgo,2025-06-01,19.0,0.0,Bajo
13030,Ixmiquilpan,Hidalgo,2025-07-01,11.0,0.0,Bajo
13031,Jacala de Ledezma,Hidalgo,2025-05-01,0.0,0.0,Bajo
13031,Jacala de Ledezma,Hidalgo,2025-06-01,3.0,0.0,Bajo
13031,Jacala de Ledezma,Hidalgo,2025-07-01,1.0,0.0,Bajo
13032,Jaltocán,Hidalgo,2025-05-01,0.0,0.0,Bajo
13032,Jaltocán,Hidalgo,2025-06-01,0.0,0.0,Bajo
13032,Jaltocán,Hidalgo,2025-07-01,1.0,0.0,Bajo
13033,Juárez Hidalgo,Hidalgo,2025-05-01,0.0,0.0,Bajo
13033,Juárez Hidalgo,Hidalgo,2025-06-01,0.0,0.0,Bajo
13033,Juárez Hidalgo,Hidalgo,2025-07-01,0.0,0.0,Bajo
13034,Lolotla,Hidalgo,2025-05-01,0.0,0.0,Bajo
13034,Lolotla,Hidalgo,2025-06-01,0.0,0.0,Bajo
13034,Lolotla,Hidalgo,2025-07-01,0.0,0.0,Bajo
13035,Metepec,Hidalgo,2025-05-01,2.0,0.0,Bajo
13035,Metepec,Hidalgo,2025-06-01,0.0,0.0,Bajo
13035,Metepec,Hidalgo,2025-07-01,1.0,0.0,Bajo
13036,San Agustín Metzquititlán,Hidalgo,2025-05-01,0.0,0.0,Bajo
13036,San Agustín Metzquititlán,Hidalgo,2025-06-01,1.0,0.0,Bajo
13036,San Agustín Metzquititlán,Hidalgo,2025-07-01,1.0,0.0,Bajo
13037,Metztitlán,Hidalgo,2025-05-01,1.0,0.0,Bajo
13037,Metztitlán,Hidalgo,2025-06-01,3.0,0.0,Bajo
13037,Metztitlán,Hidalgo,2025-07-01,1.0,0.0,Bajo
13038,Mineral del Chico,Hidalgo,2025-05-01,0.0,0.0,Bajo
13038,Mineral del Chico,Hidalgo,2025-06-01,2.0,0.0,Bajo
13038,Mineral del Chico,Hidalgo,2025-07-01,3.0,0.0,Bajo
13039,Mineral del Monte,Hidalgo,2025-05-01,9.0,0.0,Bajo
13039,Mineral del Monte,Hidalgo,2025-06-01,3.0,0.0,Bajo
13039,Mineral del Monte,Hidalgo,2025-07-01,5.0,0.0,Bajo
13040,La Misión,Hidalgo,2025-05-01,2.0,0.0,Bajo
13040,La Misión,Hidalgo,2025-06-01,0.0,0.0,Bajo
13040,La Misión,Hidalgo,2025-07-01,1.0,0.0,Bajo
13041,Mixquiahuala de Juárez,Hidalgo,2025-05-01,10.0,0.0,Bajo
13041,Mixquiahuala de Juárez,Hidalgo,2025-06-01,9.0,0.0,Bajo
13041,Mixquiahuala de Juárez,Hidalgo,2025-07-01,14.0,0.0,Bajo
13042,Molango de Escamilla,Hidalgo,2025-05-01,2.0,0.0,Bajo
13042,Molango de Escamilla,Hidalgo,2025-06-01,0.0,0.0,Bajo
13042,Molango de Escamilla,Hidalgo,2025-07-01,2.0,0.0,Bajo
13043,Nicolás Flores,Hidalgo,2025-05-01,0.0,0.0,Bajo
13043,Nicolás Flores,Hidalgo,2025-06-01,0.0,0.0,Bajo
13043,Nicolás Flores,Hidalgo,2025-07-01,0.0,0.0,Bajo
13044,Nopala de Villagrán,Hidalgo,2025-05-01,1.0,0.0,Bajo
13044,Nopala de Villagrán,Hidalgo,2025-06-01,2.0,0.0,Bajo
13044,Nopala de Villagrán,Hidalgo,2025-07-01,6.0,0.0,Bajo
13045,Omitlán de Juárez,Hidalgo,2025-05-01,1.0,0.0,Bajo
13045,Omitlán de Juárez,Hidalgo,2025-06-01,0.0,0.0,Bajo
13045,Omitlán de Juárez,Hidalgo,2025-07-01,0.0,0.0,Bajo
13046,San Felipe Orizatlán,Hidalgo,2025-05-01,0.0,0.0,Bajo
13046,San Felipe Orizatlán,Hidalgo,2025-06-01,3.0,0.0,Bajo
13046,San Felipe Orizatlán,Hidalgo,2025-07-01,1.0,0.0,Bajo
13047,Pacula,Hidalgo,2025-05-01,0.0,0.0,Bajo
13047,Pacula,Hidalgo,2025-06-01,0.0,0.0,Bajo
13047,Pacula,Hidalgo,2025-07-01,0.0,0.0,Bajo
13048,Pachuca de Soto,Hidalgo,2025-05-01,193.0,0.0,Medio
13048,Pachuca de Soto,Hidalgo,2025-06-01,131.0,0.0,Medio
13048,Pachuca de Soto,Hidalgo,2025-07-01,135.0,0.0,Medio
13049,Pisaflores,Hidalgo,2025-05-01,0.0,0.0,Bajo
13049,Pisaflores,Hidalgo,2025-06-01,1.0,0.0,Bajo
13049,Pisaflores,Hidalgo,2025-07-01,0.0,0.0,Bajo
13050,Progreso de Obregón,Hidalgo,2025-05-01,5.0,0.0,Bajo
13050,Progreso de Obregón,Hidalgo,2025-06-01,8.0,0.0,Bajo
13050,Progreso de Obregón,Hidalgo,2025-07-01,9.0,0.0,Bajo
13051,Mineral de la Reforma,Hidalgo,2025-05-01,41.0,0.0,Bajo
13051,Mineral de la Reforma,Hidalgo,2025-06-01,72.0,0.0,Bajo
13051,Mineral de la Reforma,Hidalgo,2025-07-01,58.0,0.0,Bajo
13052,San Agustín Tlaxiaca,Hidalgo,2025-05-01,4.0,0.0,Bajo
13052,San Agustín Tlaxiaca,Hidalgo,2025-06-01,8.0,0.0,Bajo
13052,San Agustín Tlaxiaca,Hidalgo,2025-07-01,8.0,0.0,Bajo
13053,San Bartolo Tutotepec,Hidalgo,2025-05-01,1.0,0.0,Bajo
13053,San Bartolo Tutotepec,Hidalgo,2025-06-01,0.0,0.0,Bajo
13053,San Bartolo Tutotepec,Hidalgo,2025-07-01,3.0,0.0,Bajo
13054,San Salvador,Hidalgo,2025-05-01,7.0,0.0,Bajo
13054,San Salvador,Hidalgo,2025-06-01,5.0,0.0,Bajo
13054,San Salvador,Hidalgo,2025-07-01,5.0,0.0,Bajo
13055,Santiago de Anaya,Hidalgo,2025-05-01,3.0,0.0,Bajo
13055,Santiago de Anaya,Hidalgo,2025-06-01,0.0,0.0,Bajo
13055,Santiago de Anaya,Hidalgo,2025-07-01,4.0,0.0,Bajo
13056,Santiago Tulantepec de Lugo Guerrero,Hidalgo,2025-05-01,4.0,0.0,Bajo
13056,Santiago Tulantepec de Lugo Guerrero,Hidalgo,2025-06-01,8.0,0.0,Bajo
13056,Santiago Tulantepec de Lugo Guerrero,Hidalgo,2025-07-01,15.0,0.0,Bajo
13057,Singuilucan,Hidalgo,2025-05-01,4.0,0.0,Bajo
13057,Singuilucan,Hidalgo,2025-06-01,7.0,0.0,Bajo
13057,Singuilucan,Hidalgo,2025-07-01,5.0,0.0,Bajo
13058,Tasquillo,Hidalgo,2025-05-01,1.0,0.0,Bajo
13058,Tasquillo,Hidalgo,2025-06-01,3.0,0.0,Bajo
13058,Tasquillo,Hidalgo,2025-07-01,3.0,0.0,Bajo
13059,Tecozautla,Hidalgo,2025-05-01,0.0,0.0,Bajo
13059,Tecozautla,Hidalgo,2025-06-01,3.0,0.0,Bajo
13059,Tecozautla,Hidalgo,2025-07-01,5.0,0.0,Bajo
13060,Tenango de Doria,Hidalgo,2025-05-01,1.0,0.0,Bajo
13060,Tenango de Doria,Hidalgo,2025-06-01,2.0,0.0,Bajo
13060,Tenango de Doria,Hidalgo,2025-07-01,2.0,0.0,Bajo
13061,Tepeapulco,Hidalgo,2025-05-01,14.0,0.0,Bajo
13061,Tepeapulco,Hidalgo,2025-06-01,25.0,0.0,Bajo
13061,Tepeapulco,Hidalgo,2025-07-01,18.0,0.0,Bajo
13062,Tepehuacán de Guerrero,Hidalgo,2025-05-01,1.0,0.0,Bajo
13062,Tepehuacán de Guerrero,Hidalgo,2025-06-01,1.0,0.0,Bajo
13062,Tepehuacán de Guerrero,Hidalgo,2025-07-01,0.0,0.0,Bajo
13063,Tepeji del Río de Ocampo,Hidalgo,2025-05-01,36.0,0.0,Bajo
13063,Tepeji del Río de Ocampo,Hidalgo,2025-06-01,33.0,0.0,Bajo
13063,Tepeji del Río de Ocampo,Hidalgo,2025-07-01,63.0,0.0,Bajo
13064,Tepetitlán,Hidalgo,2025-05-01,0.0,0.0,Bajo
13064,Tepetitlán,Hidalgo,2025-06-01,2.0,0.0,Bajo
13064,Tepetitlán,Hidalgo,2025-07-01,5.0,0.0,Bajo
13065,Tetepango,Hidalgo,2025-05-01,0.0,0.0,Bajo
13065,Tetepango,Hidalgo,2025-06-01,0.0,0.0,Bajo
13065,Tetepango,Hidalgo,2025-07-01,1.0,0.0,Bajo
13066,Villa de Tezontepec,Hidalgo,2025-05-01,1.0,0.0,Bajo
13066,Villa de Tezontepec,Hidalgo,2025-06-01,6.0,0.0,Bajo
13066,Villa de Tezontepec,Hidalgo,2025-07-01,8.0,0.0,Bajo
13067,Tezontepec de Aldama,Hidalgo,2025-05-01,6.0,0.0,Bajo
13067,Tezontepec de Aldama,Hidalgo,2025-06-01,15.0,1.0,Bajo
13067,Tezontepec de Aldama,Hidalgo,2025-07-01,23.0,0.0,Bajo
13068,Tianguistengo,Hidalgo,2025-05-01,1.0,0.0,Bajo
13068,Tianguistengo,Hidalgo,2025-06-01,0.0,0.0,Bajo
13068,Tianguistengo,Hidalgo,2025-07-01,0.0,0.0,Bajo
13069,Tizayuca,Hidalgo,2025-05-01,80.0,0.0,Bajo
13069,Tizayuca,Hidalgo,2025-06-01,112.0,0.0,Medio
13069,Tizayuca,Hidalgo,2025-07-01,100.0,0.0,Bajo
13070,Tlahuelilpan,Hidalgo,2025-05-01,14.0,0.0,Bajo
13070,Tlahuelilpan,Hidalgo,2025-06-01,4.0,0.0,Bajo
13070,Tlahuelilpan,Hidalgo,2025-07-01,9.0,0.0,Bajo
13071,Tlahuiltepa,Hidalgo,2025-05-01,0.0,0.0,Bajo
13071,Tlahuiltepa,Hidalgo,2025-06-01,0.0,0.0,Bajo
13071,Tlahuiltepa,Hidalgo,2025-07-01,0.0,0.0,Bajo
13072,Tlanalapa,Hidalgo,2025-05-01,5.0,0.0,Bajo
13072,Tlanalapa,Hidalgo,2025-06-01,4.0,0.0,Bajo
13072,Tlanalapa,Hidalgo,2025-07-01,2.0,0.0,Bajo
13073,Tlanchinol,Hidalgo,2025-05-01,2.0,0.0,Bajo
13073,Tlanchinol,Hidalgo,2025-06-01,1.0,0.0,Bajo
13073,Tlanchinol,Hidalgo,2025-07-01,2.0,0.0,Bajo
13074,Tlaxcoapan,Hidalgo,2025-05-01,10.0,0.0,Bajo
13074,Tlaxcoapan,Hidalgo,2025-06-01,7.0,0.0,Bajo
13074,Tlaxcoapan,Hidalgo,2025-07-01,8.0,0.0,Bajo
13075,Tolcayuca,Hidalgo,2025-05-01,9.0,0.0,Bajo
13075,Tolcayuca,Hidalgo,2025-06-01,8.0,0.0,Bajo
13075,Tolcayuca,Hidalgo,2025-07-01,19.0,0.0,Bajo
13076,Tula de Allende,Hidalgo,2025-05-01,51.0,0.0,Bajo
13076,Tula de Allende,Hidalgo,2025-06-01,65.0,0.0,Bajo
13076,Tula de Allende,Hidalgo,2025-07-01,50.0,0.0,Bajo
13077,Tulancingo de Bravo,Hidalgo,2025-05-01,79.0,0.0,Bajo
13077,Tulancingo de Bravo,Hidalgo,2025-06-01,52.0,0.0,Bajo
13077,Tulancingo de Bravo,Hidalgo,2025-07-01,64.0,0.0,Bajo
13078,Xochiatipan,Hidalgo,2025-05-01,1.0,0.0,Bajo
13078,Xochiatipan,Hidalgo,2025-06-01,0.0,0.0,Bajo
13078,Xochiatipan,Hidalgo,2025-07-01,0.0,0.0,Bajo
13079,Xochicoatlán,Hidalgo,2025-05-01,0.0,0.0,Bajo
13079,Xochicoatlán,Hidalgo,2025-06-01,0.0,0.0,Bajo
13079,Xochicoatlán,Hidalgo,2025-07-01,1.0,0.0,Bajo
13080,Yahualica,Hidalgo,2025-05-01,0.0,0.0,Bajo
13080,Yahualica,Hidalgo,2025-06-01,1.0,0.0,Bajo
13080,Yahualica,Hidalgo,2025-07-01,0.0,0.0,Bajo
13081,Zacualtipán de Ángeles,Hidalgo,2025-05-01,2.0,0.0,Bajo
13081,Zacualtipán de Ángeles,Hidalgo,2025-06-01,5.0,0.0,Bajo
13081,Zacualtipán de Ángeles,Hidalgo,2025-07-01,2.0,0.0,Bajo
13082,Zapotlán de Juárez,Hidalgo,2025-05-01,10.0,0.0,Bajo
13082,Zapotlán de Juárez,Hidalgo,2025-06-01,10.0,0.0,Bajo
13082,Zapotlán de Juárez,Hidalgo,2025-07-01,20.0,0.0,Bajo
13083,Zempoala,Hidalgo,2025-05-01,10.0,0.0,Bajo
13083,Zempoala,Hidalgo,2025-06-01,13.0,0.0,Bajo
13083,Zempoala,Hidalgo,2025-07-01,19.0,0.0,Bajo
13084,Zimapán,Hidalgo,2025-05-01,5.0,0.0,Bajo
13084,Zimapán,Hidalgo,2025-06-01,6.0,0.0,Bajo
13084,Zimapán,Hidalgo,2025-07-01,6.0,0.0,Bajo
14001,Acatic,Jalisco,2025-05-01,0.0,0.0,Bajo
14001,Acatic,Jalisco,2025-06-01,2.0,0.0,Bajo
14001,Acatic,Jalisco,2025-07-01,2.0,0.0,Bajo
14002,Acatlán de Juárez,Jalisco,2025-05-01,4.0,0.0,Bajo
14002,Acatlán de Juárez,Jalisco,2025-06-01,4.0,0.0,Bajo
14002,Acatlán de Juárez,Jalisco,2025-07-01,7.0,0.0,Bajo
14003,Ahualulco de Mercado,Jalisco,2025-05-01,1.0,0.0,Bajo
14003,Ahualulco de Mercado,Jalisco,2025-06-01,8.0,0.0,Bajo
14003,Ahualulco de Mercado,Jalisco,2025-07-01,2.0,0.0,Bajo
14004,Amacueca,Jalisco,2025-05-01,0.0,0.0,Bajo
14004,Amacueca,Jalisco,2025-06-01,1.0,0.0,Bajo
14004,Amacueca,Jalisco,2025-07-01,1.0,0.0,Bajo
14005,Amatitán,Jalisco,2025-05-01,2.0,0.0,Bajo
14005,Amatitán,Jalisco,2025-06-01,2.0,0.0,Bajo
14005,Amatitán,Jalisco,2025-07-01,0.0,0.0,Bajo
14006,Ameca,Jalisco,2025-05-01,10.0,0.0,Bajo
14006,Ameca,Jalisco,2025-06-01,11.0,0.0,Bajo
14006,Ameca,Jalisco,2025-07-01,18.0,0.0,Bajo
14007,San Juanito de Escobedo,Jalisco,2025-05-01,0.0,0.0,Bajo
14007,San Juanito de Escobedo,Jalisco,2025-06-01,0.0,0.0,Bajo
14007,San Juanito de Escobedo,Jalisco,2025-07-01,2.0,0.0,Bajo
14008,Arandas,Jalisco,2025-05-01,8.0,0.0,Bajo
14008,Arandas,Jalisco,2025-06-01,6.0,0.0,Bajo
14008,Arandas,Jalisco,2025-07-01,5.0,0.0,Bajo
14009,El Arenal,Jalisco,2025-05-01,9.0,0.0,Bajo
14009,El Arenal,Jalisco,2025-06-01,7.0,0.0,Bajo
14009,El Arenal,Jalisco,2025-07-01,3.0,0.0,Bajo
14010,Atemajac de Brizuela,Jalisco,2025-05-01,0.0,0.0,Bajo
14010,Atemajac de Brizuela,Jalisco,2025-06-01,1.0,0.0,Bajo
14010,Atemajac de Brizuela,Jalisco,2025-07-01,0.0,0.0,Bajo
14011,Atengo,Jalisco,2025-05-01,0.0,0.0,Bajo
14011,Atengo,Jalisco,2025-06-01,1.0,0.0,Bajo
14011,Atengo,Jalisco,2025-07-01,0.0,0.0,Bajo
14012,Atenguillo,Jalisco,2025-05-01,0.0,0.0,Bajo
14012,Atenguillo,Jalisco,2025-06-01,0.0,0.0,Bajo
14012,Atenguillo,Jalisco,2025-07-01,0.0,0.0,Bajo
14013,Atotonilco el Alto,Jalisco,2025-05-01,4.0,0.0,Bajo
14013,Atotonilco el Alto,Jalisco,2025-06-01,6.0,0.0,Bajo
14013,Atotonilco el Alto,Jalisco,2025-07-01,9.0,0.0,Bajo
14014,Atoyac,Jalisco,2025-05-01,2.0,0.0,Bajo
14014,Atoyac,Jalisco,2025-06-01,0.0,0.0,Bajo
14014,Atoyac,Jalisco,2025-07-01,0.0,0.0,Bajo
14015,Autlán de Navarro,Jalisco,2025-05-01,6.0,0.0,Bajo
14015,Autlán de Navarro,Jalisco,2025-06-01,9.0,0.0,Bajo
14015,Autlán de Navarro,Jalisco,2025-07-01,11.0,0.0,Bajo
14016,Ayotlán,Jalisco,2025-05-01,3.0,0.0,Bajo
14016,Ayotlán,Jalisco,2025-06-01,2.0,0.0,Bajo
14016,Ayotlán,Jalisco,2025-07-01,1.0,0.0,Bajo
14017,Ayutla,Jalisco,2025-05-01,0.0,0.0,Bajo
14017,Ayutla,Jalisco,2025-06-01,1.0,0.0,Bajo
14017,Ayutla,Jalisco,2025-07-01,0.0,0.0,Bajo
14018,La Barca,Jalisco,2025-05-01,5.0,0.0,Bajo
14018,La Barca,Jalisco,2025-06-01,7.0,0.0,Bajo
14018,La Barca,Jalisco,2025-07-01,3.0,0.0,Bajo
14019,Bolaños,Jalisco,2025-05-01,0.0,0.0,Bajo
14019,Bolaños,Jalisco,2025-06-01,0.0,0.0,Bajo
14019,Bolaños,Jalisco,2025-07-01,0.0,0.0,Bajo
14020,Cabo Corrientes,Jalisco,2025-05-01,1.0,0.0,Bajo
14020,Cabo Corrientes,Jalisco,2025-06-01,0.0,0.0,Bajo
14020,Cabo Corrientes,Jalisco,2025-07-01,1.0,0.0,Bajo
14021,Casimiro Castillo,Jalisco,2025-05-01,2.0,0.0,Bajo
14021,Casimiro Castillo,Jalisco,2025-06-01,2.0,0.0,Bajo
14021,Casimiro Castillo,Jalisco,2025-07-01,0.0,0.0,Bajo
14022,Cihuatlán,Jalisco,2025-05-01,3.0,0.0,Bajo
14022,Cihuatlán,Jalisco,2025-06-01,3.0,0.0,Bajo
14022,Cihuatlán,Jalisco,2025-07-01,5.0,0.0,Bajo
14023,Zapotlán el Grande,Jalisco,2025-05-01,15.0,0.0,Bajo
14023,Zapotlán el Grande,Jalisco,2025-06-01,20.0,0.0,Bajo
14023,Zapotlán el Grande,Jalisco,2025-07-01,21.0,0.0,Bajo
14024,Cocula,Jalisco,2025-05-01,4.0,0.0,Bajo
14024,Cocula,Jalisco,2025-06-01,7.0,0.0,Bajo
14024,Cocula,Jalisco,2025-07-01,8.0,0.0,Bajo
14025,Colotlán,Jalisco,2025-05-01,4.0,0.0,Bajo
14025,Colotlán,Jalisco,2025-06-01,1.0,0.0,Bajo
14025,Colotlán,Jalisco,2025-07-01,1.0,0.0,Bajo
14026,Concepción de Buenos Aires,Jalisco,2025-05-01,0.0,0.0,Bajo
14026,Concepción de Buenos Aires,Jalisco,2025-06-01,0.0,0.0,Bajo
14026,Concepción de Buenos Aires,Jalisco,2025-07-01,0.0,0.0,Bajo
14027,Cuautitlán de García Barragán,Jalisco,2025-05-01,0.0,0.0,Bajo
14027,Cuautitlán de García Barragán,Jalisco,2025-06-01,0.0,0.0,Bajo
14027,Cuautitlán de García Barragán,Jalisco,2025-07-01,1.0,0.0,Bajo
14028,Cuautla,Jalisco,2025-05-01,0.0,0.0,Bajo
14028,Cuautla,Jalisco,2025-06-01,0.0,0.0,Bajo
14028,Cuautla,Jalisco,2025-07-01,0.0,0.0,Bajo
14029,Cuquío,Jalisco,2025-05-01,2.0,0.0,Bajo
14029,Cuquío,Jalisco,2025-06-01,1.0,0.0,Bajo
14029,Cuquío,Jalisco,2025-07-01,1.0,0.0,Bajo
14030,Chapala,Jalisco,2025-05-01,13.0,0.0,Bajo
14030,Chapala,Jalisco,2025-06-01,15.0,0.0,Bajo
14030,Chapala,Jalisco,2025-07-01,12.0,0.0,Bajo
14031,Chimaltitán,Jalisco,2025-05-01,0.0,0.0,Bajo
14031,Chimaltitán,Jalisco,2025-06-01,0.0,0.0,Bajo
14031,Chimaltitán,Jalisco,2025-07-01,0.0,0.0,Bajo
14032,Chiquilistlán,Jalisco,2025-05-01,0.0,0.0,Bajo
14032,Chiquilistlán,Jalisco,2025-06-01,0.0,0.0,Bajo
14032,Chiquilistlán,Jalisco,2025-07-01,0.0,0.0,Bajo
14033,Degollado,Jalisco,2025-05-01,0.0,0.0,Bajo
14033,Degollado,Jalisco,2025-06-01,3.0,0.0,Bajo
14033,Degollado,Jalisco,2025-07-01,4.0,0.0,Bajo
14034,Ejutla,Jalisco,2025-05-01,0.0,0.0,Bajo
14034,Ejutla,Jalisco,2025-06-01,0.0,0.0,Bajo
14034,Ejutla,Jalisco,2025-07-01,0.0,0.0,Bajo
14035,Encarnación de Díaz,Jalisco,2025-05-01,4.0,0.0,Bajo
14035,Encarnación de Díaz,Jalisco,2025-06-01,4.0,0.0,Bajo
14035,Encarnación de Díaz,Jalisco,2025-07-01,8.0,0.0,Bajo
14036,Etzatlán,Jalisco,2025-05-01,0.0,0.0,Bajo
14036,Etzatlán,Jalisco,2025-06-01,1.0,0.0,Bajo
14036,Etzatlán,Jalisco,2025-07-01,1.0,0.0,Bajo
14037,El Grullo,Jalisco,2025-05-01,3.0,0.0,Bajo
14037,El Grullo,Jalisco,2025-06-01,0.0,0.0,Bajo
14037,El Grullo,Jalisco,2025-07-01,2.0,0.0,Bajo
14038,Guachinango,Jalisco,2025-05-01,0.0,0.0,Bajo
14038,Guachinango,Jalisco,2025-06-01,0.0,0.0,Bajo
14038,Guachinango,Jalisco,2025-07-01,2.0,0.0,Bajo
14039,Guadalajara,Jalisco,2025-05-01,764.0,0.0,Alto
14039,Guadalajara,Jalisco,2025-06-01,790.0,0.0,Alto
14039,Guadalajara,Jalisco,2025-07-01,824.0,0.0,Alto
14040,Hostotipaquillo,Jalisco,2025-05-01,2.0,0.0,Bajo
14040,Hostotipaquillo,Jalisco,2025-06-01,5.0,0.0,Bajo
14040,Hostotipaquillo,Jalisco,2025-07-01,2.0,0.0,Bajo
14041,Huejúcar,Jalisco,2025-05-01,0.0,0.0,Bajo
14041,Huejúcar,Jalisco,2025-06-01,0.0,0.0,Bajo
14041,Huejúcar,Jalisco,2025-07-01,0.0,0.0,Bajo
14042,Huejuquilla el Alto,Jalisco,2025-05-01,0.0,0.0,Bajo
14042,Huejuquilla el Alto,Jalisco,2025-06-01,2.0,0.0,Bajo
14042,Huejuquilla el Alto,Jalisco,2025-07-01,0.0,0.0,Bajo
14043,La Huerta,Jalisco,2025-05-01,0.0,0.0,Bajo
14043,La Huerta,Jalisco,2025-06-01,1.0,0.0,Bajo
14043,La Huerta,Jalisco,2025-07-01,2.0,0.0,Bajo
14044,Ixtlahuacán de los Membrillos,Jalisco,2025-05-01,7.0,1.0,Bajo
14044,Ixtlahuacán de los Membrillos,Jalisco,2025-06-01,5.0,0.0,Bajo
14044,Ixtlahuacán de los Membrillos,Jalisco,2025-07-01,3.0,0.0,Bajo
14045,Ixtlahuacán del Río,Jalisco,2025-05-01,0.0,0.0,Bajo
14045,Ixtlahuacán del Río,Jalisco,2025-06-01,5.0,0.0,Bajo
14045,Ixtlahuacán del Río,Jalisco,2025-07-01,5.0,0.0,Bajo
14046,Jalostotitlán,Jalisco,2025-05-01,3.0,0.0,Bajo
14046,Jalostotitlán,Jalisco,2025-06-01,3.0,0.0,Bajo
14046,Jalostotitlán,Jalisco,2025-07-01,3.0,0.0,Bajo
14047,Jamay,Jalisco,2025-05-01,1.0,0.0,Bajo
14047,Jamay,Jalisco,2025-06-01,1.0,0.0,Bajo
14047,Jamay,Jalisco,2025-07-01,0.0,0.0,Bajo
14048,Jesús María,Jalisco,2025-05-01,2.0,0.0,Bajo
14048,Jesús María,Jalisco,2025-06-01,1.0,0.0,Bajo
14048,Jesús María,Jalisco,2025-07-01,5.0,0.0,Bajo
14049,Jilotlán de los Dolores,Jalisco,2025-05-01,0.0,0.0,Bajo
14049,Jilotlán de los Dolores,Jalisco,2025-06-01,0.0,0.0,Bajo
14049,Jilotlán de los Dolores,Jalisco,2025-07-01,0.0,0.0,Bajo
14050,Jocotepec,Jalisco,2025-05-01,5.0,0.0,Bajo
14050,Jocotepec,Jalisco,2025-06-01,13.0,0.0,Bajo
14050,Jocotepec,Jalisco,2025-07-01,14.0,0.0,Bajo
14051,Juanacatlán,Jalisco,2025-05-01,13.0,0.0,Bajo
14051,Juanacatlán,Jalisco,2025-06-01,9.0,0.0,Bajo
14051,Juanacatlán,Jalisco,2025-07-01,5.0,0.0,Bajo
14052,Juchitlán,Jalisco,2025-05-01,0.0,0.0,Bajo
14052,Juchitlán,Jalisco,2025-06-01,0.0,0.0,Bajo
14052,Juchitlán,Jalisco,2025-07-01,0.0,0.0,Bajo
14053,Lagos de Moreno,Jalisco,2025-05-01,40.0,0.0,Bajo
14053,Lagos de Moreno,Jalisco,2025-06-01,20.0,0.0,Bajo
14053,Lagos de Moreno,Jalisco,2025-07-01,39.0,0.0,Bajo
14054,El Limón,Jalisco,2025-05-01,0.0,0.0,Bajo
14054,El Limón,Jalisco,2025-06-01,0.0,0.0,Bajo
14054,El Limón,Jalisco,2025-07-01,0.0,0.0,Bajo
14055,Magdalena,Jalisco,2025-05-01,1.0,0.0,Bajo
14055,Magdalena,Jalisco,2025-06-01,8.0,0.0,Bajo
14055,Magdalena,Jalisco,2025-07-01,9.0,0.0,Bajo
14056,Santa María del Oro,Jalisco,2025-05-01,1.0,0.0,Bajo
14056,Santa María del Oro,Jalisco,2025-06-01,0.0,0.0,Bajo
14056,Santa María del Oro,Jalisco,2025-07-01,0.0,0.0,Bajo
14057,La Manzanilla de la Paz,Jalisco,2025-05-01,0.0,0.0,Bajo
14057,La Manzanilla de la Paz,Jalisco,2025-06-01,1.0,0.0,Bajo
14057,La Manzanilla de la Paz,Jalisco,2025-07-01,1.0,0.0,Bajo
14058,Mascota,Jalisco,2025-05-01,0.0,0.0,Bajo
14058,Mascota,Jalisco,2025-06-01,0.0,0.0,Bajo
14058,Mascota,Jalisco,2025-07-01,2.0,0.0,Bajo
14059,Mazamitla,Jalisco,2025-05-01,3.0,0.0,Bajo
14059,Mazamitla,Jalisco,2025-06-01,4.0,0.0,Bajo
14059,Mazamitla,Jalisco,2025-07-01,1.0,0.0,Bajo
14060,Mexticacán,Jalisco,2025-05-01,1.0,0.0,Bajo
14060,Mexticacán,Jalisco,2025-06-01,0.0,0.0,Bajo
14060,Mexticacán,Jalisco,2025-07-01,0.0,0.0,Bajo
14061,Mezquitic,Jalisco,2025-05-01,0.0,0.0,Bajo
14061,Mezquitic,Jalisco,2025-06-01,0.0,0.0,Bajo
14061,Mezquitic,Jalisco,2025-07-01,0.0,0.0,Bajo
14062,Mixtlán,Jalisco,2025-05-01,0.0,0.0,Bajo
14062,Mixtlán,Jalisco,2025-06-01,0.0,0.0,Bajo
14062,Mixtlán,Jalisco,2025-07-01,0.0,0.0,Bajo
14063,Ocotlán,Jalisco,2025-05-01,16.0,0.0,Bajo
14063,Ocotlán,Jalisco,2025-06-01,9.0,0.0,Bajo
14063,Ocotlán,Jalisco,2025-07-01,12.0,0.0,Bajo
14064,Ojuelos de Jalisco,Jalisco,2025-05-01,2.0,0.0,Bajo
14064,Ojuelos de Jalisco,Jalisco,2025-06-01,1.0,0.0,Bajo
14064,Ojuelos de Jalisco,Jalisco,2025-07-01,4.0,0.0,Bajo
14065,Pihuamo,Jalisco,2025-05-01,1.0,0.0,Bajo
14065,Pihuamo,Jalisco,2025-06-01,0.0,0.0,Bajo
14065,Pihuamo,Jalisco,2025-07-01,1.0,0.0,Bajo
14066,Poncitlán,Jalisco,2025-05-01,6.0,0.0,Bajo
14066,Poncitlán,Jalisco,2025-06-01,6.0,0.0,Bajo
14066,Poncitlán,Jalisco,2025-07-01,12.0,0.0,Bajo
14067,Puerto Vallarta,Jalisco,2025-05-01,92.0,0.0,Bajo
14067,Puerto Vallarta,Jalisco,2025-06-01,95.0,0.0,Bajo
14067,Puerto Vallarta,Jalisco,2025-07-01,90.0,0.0,Bajo
14068,Villa Purificación,Jalisco,2025-05-01,0.0,0.0,Bajo
14068,Villa Purificación,Jalisco,2025-06-01,1.0,0.0,Bajo
14068,Villa Purificación,Jalisco,2025-07-01,0.0,0.0,Bajo
14069,Quitupan,Jalisco,2025-05-01,0.0,0.0,Bajo
14069,Quitupan,Jalisco,2025-06-01,0.0,0.0,Bajo
14069,Quitupan,Jalisco,2025-07-01,0.0,0.0,Bajo
14070,El Salto,Jalisco,2025-05-01,96.0,0.0,Bajo
14070,El Salto,Jalisco,2025-06-01,80.0,0.0,Bajo
14070,El Salto,Jalisco,2025-07-01,98.0,0.0,Bajo
14071,San Cristóbal de la Barranca,Jalisco,2025-05-01,0.0,0.0,Bajo
14071,San Cristóbal de la Barranca,Jalisco,2025-06-01,0.0,0.0,Bajo
14071,San Cristóbal de la Barranca,Jalisco,2025-07-01,1.0,0.0,Bajo
14072,San Diego de Alejandría,Jalisco,2025-05-01,0.0,0.0,Bajo
14072,San Diego de Alejandría,Jalisco,2025-06-01,1.0,0.0,Bajo
14072,San Diego de Alejandría,Jalisco,2025-07-01,0.0,0.0,Bajo
14073,San Juan de los Lagos,Jalisco,2025-05-01,5.0,0.0,Bajo
14073,San Juan de los Lagos,Jalisco,2025-06-01,2.0,0.0,Bajo
14073,San Juan de los Lagos,Jalisco,2025-07-01,2.0,0.0,Bajo
14074,San Julián,Jalisco,2025-05-01,2.0,0.0,Bajo
14074,San Julián,Jalisco,2025-06-01,0.0,0.0,Bajo
14074,San Julián,Jalisco,2025-07-01,1.0,0.0,Bajo
14075,San Marcos,Jalisco,2025-05-01,1.0,0.0,Bajo
14075,San Marcos,Jalisco,2025-06-01,2.0,0.0,Bajo
14075,San Marcos,Jalisco,2025-07-01,1.0,0.0,Bajo
14076,San Martín de Bolaños,Jalisco,2025-05-01,0.0,0.0,Bajo
14076,San Martín de Bolaños,Jalisco,2025-06-01,0.0,0.0,Bajo
14076,San Martín de Bolaños,Jalisco,2025-07-01,0.0,0.0,Bajo
14077,San Martín Hidalgo,Jalisco,2025-05-01,4.0,0.0,Bajo
14077,San Martín Hidalgo,Jalisco,2025-06-01,4.0,0.0,Bajo
14077,San Martín Hidalgo,Jalisco,2025-07-01,4.0,0.0,Bajo
14078,San Miguel el Alto,Jalisco,2025-05-01,1.0,0.0,Bajo
14078,San Miguel el Alto,Jalisco,2025-06-01,1.0,0.0,Bajo
14078,San Miguel el Alto,Jalisco,2025-07-01,1.0,0.0,Bajo
14079,Gómez Farías,Jalisco,2025-05-01,4.0,0.0,Bajo
14079,Gómez Farías,Jalisco,2025-06-01,3.0,0.0,Bajo
14079,Gómez Farías,Jalisco,2025-07-01,0.0,0.0,Bajo
14080,San Sebastián del Oeste,Jalisco,2025-05-01,0.0,0.0,Bajo
14080,San Sebastián del Oeste,Jalisco,2025-06-01,0.0,0.0,Bajo
14080,San Sebastián del Oeste,Jalisco,2025-07-01,0.0,0.0,Bajo
14081,Santa María de los Ángeles,Jalisco,2025-05-01,0.0,0.0,Bajo
14081,Santa María de los Ángeles,Jalisco,2025-06-01,2.0,0.0,Bajo
14081,Santa María de los Ángeles,Jalisco,2025-07-01,0.0,0.0,Bajo
14082,Sayula,Jalisco,2025-05-01,7.0,0.0,Bajo
14082,Sayula,Jalisco,2025-06-01,5.0,0.0,Bajo
14082,Sayula,Jalisco,2025-07-01,6.0,0.0,Bajo
14083,Tala,Jalisco,2025-05-01,29.0,0.0,Bajo
14083,Tala,Jalisco,2025-06-01,26.0,0.0,Bajo
14083,Tala,Jalisco,2025-07-01,21.0,0.0,Bajo
14084,Talpa de Allende,Jalisco,2025-05-01,0.0,0.0,Bajo
14084,Talpa de Allende,Jalisco,2025-06-01,0.0,0.0,Bajo
14084,Talpa de Allende,Jalisco,2025-07-01,1.0,0.0,Bajo
14085,Tamazula de Gordiano,Jalisco,2025-05-01,1.0,0.0,Bajo
14085,Tamazula de Gordiano,Jalisco,2025-06-01,0.0,0.0,Bajo
14085,Tamazula de Gordiano,Jalisco,2025-07-01,0.0,0.0,Bajo
14086,Tapalpa,Jalisco,2025-05-01,2.0,0.0,Bajo
14086,Tapalpa,Jalisco,2025-06-01,2.0,0.0,Bajo
14086,Tapalpa,Jalisco,2025-07-01,2.0,0.0,Bajo
14087,Tecalitlán,Jalisco,2025-05-01,0.0,0.0,Bajo
14087,Tecalitlán,Jalisco,2025-06-01,0.0,0.0,Bajo
14087,Tecalitlán,Jalisco,2025-07-01,0.0,0.0,Bajo
14088,Tecolotlán,Jalisco,2025-05-01,0.0,0.0,Bajo
14088,Tecolotlán,Jalisco,2025-06-01,2.0,0.0,Bajo
14088,Tecolotlán,Jalisco,2025-07-01,3.0,0.0,Bajo
14089,Techaluta de Montenegro,Jalisco,2025-05-01,0.0,0.0,Bajo
14089,Techaluta de Montenegro,Jalisco,2025-06-01,0.0,0.0,Bajo
14089,Techaluta de Montenegro,Jalisco,2025-07-01,0.0,0.0,Bajo
14090,Tenamaxtlán,Jalisco,2025-05-01,0.0,0.0,Bajo
14090,Tenamaxtlán,Jalisco,2025-06-01,0.0,0.0,Bajo
14090,Tenamaxtlán,Jalisco,2025-07-01,0.0,0.0,Bajo
14091,Teocaltiche,Jalisco,2025-05-01,0.0,0.0,Bajo
14091,Teocaltiche,Jalisco,2025-06-01,1.0,0.0,Bajo
14091,Teocaltiche,Jalisco,2025-07-01,1.0,0.0,Bajo
14092,Teocuitatlán de Corona,Jalisco,2025-05-01,0.0,0.0,Bajo
14092,Teocuitatlán de Corona,Jalisco,2025-06-01,0.0,0.0,Bajo
14092,Teocuitatlán de Corona,Jalisco,2025-07-01,1.0,0.0,Bajo
14093,Tepatitlán de Morelos,Jalisco,2025-05-01,25.0,0.0,Bajo
14093,Tepatitlán de Morelos,Jalisco,2025-06-01,8.0,0.0,Bajo
14093,Tepatitlán de Morelos,Jalisco,2025-07-01,18.0,0.0,Bajo
14094,Tequila,Jalisco,2025-05-01,6.0,0.0,Bajo
14094,Tequila,Jalisco,2025-06-01,7.0,0.0,Bajo
14094,Tequila,Jalisco,2025-07-01,6.0,0.0,Bajo
14095,Teuchitlán,Jalisco,2025-05-01,0.0,0.0,Bajo
14095,Teuchitlán,Jalisco,2025-06-01,3.0,0.0,Bajo
14095,Teuchitlán,Jalisco,2025-07-01,1.0,0.0,Bajo
14096,Tizapán el Alto,Jalisco,2025-05-01,0.0,0.0,Bajo
14096,Tizapán el Alto,Jalisco,2025-06-01,2.0,0.0,Bajo
14096,Tizapán el Alto,Jalisco,2025-07-01,3.0,0.0,Bajo
14097,Tlajomulco de Zúñiga,Jalisco,2025-05-01,194.0,0.0,Medio
14097,Tlajomulco de Zúñiga,Jalisco,2025-06-01,171.0,1.0,Medio
14097,Tlajomulco de Zúñiga,Jalisco,2025-07-01,211.0,0.0,Medio
14098,San Pedro Tlaquepaque,Jalisco,2025-05-01,332.0,0.0,Medio
14098,San Pedro Tlaquepaque,Jalisco,2025-06-01,292.0,0.0,Medio
14098,San Pedro Tlaquepaque,Jalisco,2025-07-01,336.0,0.0,Medio
14099,Tolimán,Jalisco,2025-05-01,0.0,0.0,Bajo
14099,Tolimán,Jalisco,2025-06-01,0.0,0.0,Bajo
14099,Tolimán,Jalisco,2025-07-01,0.0,0.0,Bajo
14100,Tomatlán,Jalisco,2025-05-01,0.0,0.0,Bajo
14100,Tomatlán,Jalisco,2025-06-01,2.0,0.0,Bajo
14100,Tomatlán,Jalisco,2025-07-01,1.0,0.0,Bajo
14101,Tonalá,Jalisco,2025-05-01,128.0,0.0,Medio
14101,Tonalá,Jalisco,2025-06-01,141.0,0.0,Medio
14101,Tonalá,Jalisco,2025-07-01,196.0,0.0,Medio
14102,Tonaya,Jalisco,2025-05-01,1.0,0.0,Bajo
14102,Tonaya,Jalisco,2025-06-01,0.0,0.0,Bajo
14102,Tonaya,Jalisco,2025-07-01,0.0,0.0,Bajo
14103,Tonila,Jalisco,2025-05-01,1.0,0.0,Bajo
14103,Tonila,Jalisco,2025-06-01,3.0,0.0,Bajo
14103,Tonila,Jalisco,2025-07-01,0.0,0.0,Bajo
14104,Totatiche,Jalisco,2025-05-01,0.0,0.0,Bajo
14104,Totatiche,Jalisco,2025-06-01,0.0,0.0,Bajo
14104,Totatiche,Jalisco,2025-07-01,0.0,0.0,Bajo
14105,Tototlán,Jalisco,2025-05-01,1.0,0.0,Bajo
14105,Tototlán,Jalisco,2025-06-01,3.0,0.0,Bajo
14105,Tototlán,Jalisco,2025-07-01,6.0,0.0,Bajo
14106,Tuxcacuesco,Jalisco,2025-05-01,0.0,0.0,Bajo
14106,Tuxcacuesco,Jalisco,2025-06-01,0.0,0.0,Bajo
14106,Tuxcacuesco,Jalisco,2025-07-01,0.0,0.0,Bajo
14107,Tuxcueca,Jalisco,2025-05-01,2.0,0.0,Bajo
14107,Tuxcueca,Jalisco,2025-06-01,1.0,0.0,Bajo
14107,Tuxcueca,Jalisco,2025-07-01,2.0,0.0,Bajo
14108,Tuxpan,Jalisco,2025-05-01,3.0,0.0,Bajo
14108,Tuxpan,Jalisco,2025-06-01,4.0,0.0,Bajo
14108,Tuxpan,Jalisco,2025-07-01,1.0,0.0,Bajo
14109,Unión de San Antonio,Jalisco,2025-05-01,0.0,0.0,Bajo
14109,Unión de San Antonio,Jalisco,2025-06-01,0.0,0.0,Bajo
14109,Unión de San Antonio,Jalisco,2025-07-01,0.0,0.0,Bajo
14110,Unión de Tula,Jalisco,2025-05-01,0.0,0.0,Bajo
14110,Unión de Tula,Jalisco,2025-06-01,0.0,0.0,Bajo
14110,Unión de Tula,Jalisco,2025-07-01,0.0,0.0,Bajo
14111,Valle de Guadalupe,Jalisco,2025-05-01,1.0,0.0,Bajo
14111,Valle de Guadalupe,Jalisco,2025-06-01,1.0,0.0,Bajo
14111,Valle de Guadalupe,Jalisco,2025-07-01,1.0,0.0,Bajo
14112,Valle de Juárez,Jalisco,2025-05-01,0.0,0.0,Bajo
14112,Valle de Juárez,Jalisco,2025-06-01,0.0,0.0,Bajo
14112,Valle de Juárez,Jalisco,2025-07-01,2.0,0.0,Bajo
14113,San Gabriel,Jalisco,2025-05-01,0.0,0.0,Bajo
14113,San Gabriel,Jalisco,2025-06-01,0.0,0.0,Bajo
14113,San Gabriel,Jalisco,2025-07-01,1.0,0.0,Bajo
14114,Villa Corona,Jalisco,2025-05-01,6.0,0.0,Bajo
14114,Villa Corona,Jalisco,2025-06-01,8.0,0.0,Bajo
14114,Villa Corona,Jalisco,2025-07-01,3.0,0.0,Bajo
14115,Villa Guerrero,Jalisco,2025-05-01,0.0,0.0,Bajo
14115,Villa Guerrero,Jalisco,2025-06-01,0.0,0.0,Bajo
14115,Villa Guerrero,Jalisco,2025-07-01,0.0,0.0,Bajo
14116,Villa Hidalgo,Jalisco,2025-05-01,0.0,0.0,Bajo
14116,Villa Hidalgo,Jalisco,2025-06-01,1.0,0.0,Bajo
14116,Villa Hidalgo,Jalisco,2025-07-01,1.0,0.0,Bajo
14117,Cañadas de Obregón,Jalisco,2025-05-01,1.0,0.0,Bajo
14117,Cañadas de Obregón,Jalisco,2025-06-01,0.0,0.0,Bajo
14117,Cañadas de Obregón,Jalisco,2025-07-01,0.0,0.0,Bajo
14118,Yahualica de González Gallo,Jalisco,2025-05-01,3.0,0.0,Bajo
14118,Yahualica de González Gallo,Jalisco,2025-06-01,1.0,0.0,Bajo
14118,Yahualica de González Gallo,Jalisco,2025-07-01,2.0,0.0,Bajo
14119,Zacoalco de Torres,Jalisco,2025-05-01,3.0,0.0,Bajo
14119,Zacoalco de Torres,Jalisco,2025-06-01,4.0,0.0,Bajo
14119,Zacoalco de Torres,Jalisco,2025-07-01,7.0,0.0,Bajo
14120,Zapopan,Jalisco,2025-05-01,368.0,0.0,Medio
14120,Zapopan,Jalisco,2025-06-01,330.0,0.0,Medio
14120,Zapopan,Jalisco,2025-07-01,344.0,0.0,Medio
14121,Zapotiltic,Jalisco,2025-05-01,5.0,0.0,Bajo
14121,Zapotiltic,Jalisco,2025-06-01,2.0,0.0,Bajo
14121,Zapotiltic,Jalisco,2025-07-01,9.0,0.0,Bajo
14122,Zapotitlán de Vadillo,Jalisco,2025-05-01,0.0,0.0,Bajo
14122,Zapotitlán de Vadillo,Jalisco,2025-06-01,0.0,0.0,Bajo
14122,Zapotitlán de Vadillo,Jalisco,2025-07-01,0.0,0.0,Bajo
14123,Zapotlán del Rey,Jalisco,2025-05-01,1.0,0.0,Bajo
14123,Zapotlán del Rey,Jalisco,2025-06-01,4.0,0.0,Bajo
14123,Zapotlán del Rey,Jalisco,2025-07-01,6.0,0.0,Bajo
14124,Zapotlanejo,Jalisco,2025-05-01,14.0,0.0,Bajo
14124,Zapotlanejo,Jalisco,2025-06-01,19.0,0.0,Bajo
14124,Zapotlanejo,Jalisco,2025-07-01,19.0,0.0,Bajo
14125,San Ignacio Cerro Gordo,Jalisco,2025-05-01,1.0,0.0,Bajo
14125,San Ignacio Cerro Gordo,Jalisco,2025-06-01,1.0,0.0,Bajo
14125,San Ignacio Cerro Gordo,Jalisco,2025-07-01,0.0,0.0,Bajo
14998,No Especificado,Jalisco,2025-05-01,0.0,0.0,Bajo
14998,No Especificado,Jalisco,2025-06-01,0.0,0.0,Bajo
14998,No Especificado,Jalisco,2025-07-01,0.0,0.0,Bajo
16001,Acuitzio,Michoacán de Ocampo,2025-05-01,1.0,0.0,Bajo
16001,Acuitzio,Michoacán de Ocampo,2025-06-01,1.0,0.0,Bajo
16001,Acuitzio,Michoacán de Ocampo,2025-07-01,1.0,0.0,Bajo
16002,Aguililla,Michoacán de Ocampo,2025-05-01,1.0,0.0,Bajo
16002,Aguililla,Michoacán de Ocampo,2025-06-01,1.0,0.0,Bajo
16002,Aguililla,Michoacán de Ocampo,2025-07-01,0.0,0.0,Bajo
16003,Álvaro Obregón,Michoacán de Ocampo,2025-05-01,3.0,0.0,Bajo
16003,Álvaro Obregón,Michoacán de Ocampo,2025-06-01,4.0,0.0,Bajo
16003,Álvaro Obregón,Michoacán de Ocampo,2025-07-01,4.0,0.0,Bajo
16004,Angamacutiro,Michoacán de Ocampo,2025-05-01,1.0,0.0,Bajo
16004,Angamacutiro,Michoacán de Ocampo,2025-06-01,0.0,0.0,Bajo
16004,Angamacutiro,Michoacán de Ocampo,2025-07-01,0.0,0.0,Bajo
16005,Angangueo,Michoacán de Ocampo,2025-05-01,0.0,0.0,Bajo
16005,Angangueo,Michoacán de Ocampo,2025-06-01,0.0,0.0,Bajo
16005,Angangueo,Michoacán de Ocampo,2025-07-01,0.0,0.0,Bajo
16006,Apatzingán,Michoacán de Ocampo,2025-05-01,44.0,0.0,Bajo
16006,Apatzingán,Michoacán de Ocampo,2025-06-01,42.0,0.0,Bajo
16006,Apatzingán,Michoacán de Ocampo,2025-07-01,54.0,0.0,Bajo
16007,Aporo,Michoacán de Ocampo,2025-05-01,0.0,0.0,Bajo
16007,Aporo,Michoacán de Ocampo,2025-06-01,0.0,0.0,Bajo
16007,Aporo,Michoacán de Ocampo,2025-07-01,0.0,0.0,Bajo
16008,Aquila,Michoacán de Ocampo,2025-05-01,1.0,0.0,Bajo
16008,Aquila,Michoacán de Ocampo,2025-06-01,0.0,0.0,Bajo
16008,Aquila,Michoacán de Ocampo,2025-07-01,1.0,0.0,Bajo
16009,Ario,Michoacán de Ocampo,2025-05-01,2.0,0.0,Bajo
16009,Ario,Michoacán de Ocampo,2025-06-01,2.0,0.0,Bajo
16009,Ario,Michoacán de Ocampo,2025-07-01,2.0,0.0,Bajo
16010,Arteaga,Michoacán de Ocampo,2025-05-01,4.0,0.0,Bajo
16010,Arteaga,Michoacán de Ocampo,2025-06-01,2.0,0.0,Bajo
16010,Arteaga,Michoacán de Ocampo,2025-07-01,4.0,0.0,Bajo
16011,Briseñas,Michoacán de Ocampo,2025-05-01,0.0,0.0,Bajo
16011,Briseñas,Michoacán de Ocampo,2025-06-01,0.0,0.0,Bajo
16011,Briseñas,Michoacán de Ocampo,2025-07-01,1.0,0.0,Bajo
16012,Buenavista,Michoacán de Ocampo,2025-05-01,7.0,0.0,Bajo
16012,Buenavista,Michoacán de Ocampo,2025-06-01,6.0,1.0,Bajo
16012,Buenavista,Michoacán de Ocampo,2025-07-01,1.0,0.0,Bajo
16013,Carácuaro,Michoacán de Ocampo,2025-05-01,0.0,0.0,Bajo
16013,Carácuaro,Michoacán de Ocampo,2025-06-01,0.0,0.0,Bajo
16013,Carácuaro,Michoacán de Ocampo,2025-07-01,0.0,0.0,Bajo
16014,Coahuayana,Michoacán de Ocampo,2025-05-01,1.0,0.0,Bajo
16014,Coahuayana,Michoacán de Ocampo,2025-06-01,0.0,0.0,Bajo
16014,Coahuayana,Michoacán de Ocampo,2025-07-01,1.0,0.0,Bajo
16015,Coalcomán de Vázquez Pallares,Michoacán de Ocampo,2025-05-01,0.0,0.0,Bajo
16015,Coalcomán de Vázquez Pallares,Michoacán de Ocampo,2025-06-01,2.0,0.0,Bajo
16015,Coalcomán de Vázquez Pallares,Michoacán de Ocampo,2025-07-01,1.0,0.0,Bajo
16016,Coeneo,Michoacán de Ocampo,2025-05-01,1.0,0.0,Bajo
16016,Coeneo,Michoacán de Ocampo,2025-06-01,3.0,0.0,Bajo
16016,Coeneo,Michoacán de Ocampo,2025-07-01,1.0,0.0,Bajo
16017,Contepec,Michoacán de Ocampo,2025-05-01,0.0,0.0,Bajo
16017,Contepec,Michoacán de Ocampo,2025-06-01,2.0,0.0,Bajo
16017,Contepec,Michoacán de Ocampo,2025-07-01,5.0,0.0,Bajo
16018,Copándaro,Michoacán de Ocampo,2025-05-01,3.0,0.0,Bajo
16018,Copándaro,Michoacán de Ocampo,2025-06-01,6.0,0.0,Bajo
16018,Copándaro,Michoacán de Ocampo,2025-07-01,1.0,0.0,Bajo
16019,Cotija,Michoacán de Ocampo,2025-05-01,0.0,0.0,Bajo
16019,Cotija,Michoacán de Ocampo,2025-06-01,1.0,0.0,Bajo
16019,Cotija,Michoacán de Ocampo,2025-07-01,0.0,0.0,Bajo
16020,Cuitzeo,Michoacán de Ocampo,2025-05-01,5.0,0.0,Bajo
16020,Cuitzeo,Michoacán de Ocampo,2025-06-01,4.0,0.0,Bajo
16020,Cuitzeo,Michoacán de Ocampo,2025-07-01,0.0,0.0,Bajo
16021,Charapan,Michoacán de Ocampo,2025-05-01,0.0,0.0,Bajo
16021,Charapan,Michoacán de Ocampo,2025-06-01,0.0,0.0,Bajo
16021,Charapan,Michoacán de Ocampo,2025-07-01,0.0,0.0,Bajo
16022,Charo,Michoacán de Ocampo,2025-05-01,2.0,0.0,Bajo
16022,Charo,Michoacán de Ocampo,2025-06-01,5.0,0.0,Bajo
16022,Charo,Michoacán de Ocampo,2025-07-01,2.0,0.0,Bajo
16023,Chavinda,Michoacán de Ocampo,2025-05-01,1.0,0.0,Bajo
16023,Chavinda,Michoacán de Ocampo,2025-06-01,0.0,0.0,Bajo
16023,Chavinda,Michoacán de Ocampo,2025-07-01,1.0,0.0,Bajo
16024,Cherán,Michoacán de Ocampo,2025-05-01,1.0,0.0,Bajo
16024,Cherán,Michoacán de Ocampo,2025-06-01,0.0,0.0,Bajo
16024,Cherán,Michoacán de Ocampo,2025-07-01,0.0,0.0,Bajo
16025,Chilchota,Michoacán de Ocampo,2025-05-01,1.0,0.0,Bajo
16025,Chilchota,Michoacán de Ocampo,2025-06-01,2.0,0.0,Bajo
16025,Chilchota,Michoacán de Ocampo,2025-07-01,7.0,0.0,Bajo
16026,Chinicuila,Michoacán de Ocampo,2025-05-01,0.0,0.0,Bajo
16026,Chinicuila,Michoacán de Ocampo,2025-06-01,0.0,0.0,Bajo
16026,Chinicuila,Michoacán de Ocampo,2025-07-01,0.0,0.0,Bajo
16027,Chucándiro,Michoacán de Ocampo,2025-05-01,0.0,0.0,Bajo
16027,Chucándiro,Michoacán de Ocampo,2025-06-01,0.0,0.0,Bajo
16027,Chucándiro,Michoacán de Ocampo,2025-07-01,0.0,0.0,Bajo
16028,Churintzio,Michoacán de Ocampo,2025-05-01,0.0,0.0,Bajo
16028,Churintzio,Michoacán de Ocampo,2025-06-01,2.0,0.0,Bajo
16028,Churintzio,Michoacán de Ocampo,2025-07-01,2.0,0.0,Bajo
16029,Churumuco,Michoacán de Ocampo,2025-05-01,0.0,0.0,Bajo
16029,Churumuco,Michoacán de Ocampo,2025-06-01,0.0,0.0,Bajo
16029,Churumuco,Michoacán de Ocampo,2025-07-01,0.0,0.0,Bajo
16030,Ecuandureo,Michoacán de Ocampo,2025-05-01,4.0,0.0,Bajo
16030,Ecuandureo,Michoacán de Ocampo,2025-06-01,3.0,0.0,Bajo
16030,Ecuandureo,Michoacán de Ocampo,2025-07-01,5.0,0.0,Bajo
16031,Epitacio Huerta,Michoacán de Ocampo,2025-05-01,0.0,0.0,Bajo
16031,Epitacio Huerta,Michoacán de Ocampo,2025-06-01,0.0,0.0,Bajo
16031,Epitacio Huerta,Michoacán de Ocampo,2025-07-01,0.0,0.0,Bajo
16032,Erongarícuaro,Michoacán de Ocampo,2025-05-01,2.0,0.0,Bajo
16032,Erongarícuaro,Michoacán de Ocampo,2025-06-01,0.0,0.0,Bajo
16032,Erongarícuaro,Michoacán de Ocampo,2025-07-01,0.0,0.0,Bajo
16033,Gabriel Zamora,Michoacán de Ocampo,2025-05-01,0.0,0.0,Bajo
16033,Gabriel Zamora,Michoacán de Ocampo,2025-06-01,2.0,0.0,Bajo
16033,Gabriel Zamora,Michoacán de Ocampo,2025-07-01,0.0,0.0,Bajo
16034,Hidalgo,Michoacán de Ocampo,2025-05-01,11.0,0.0,Bajo
16034,Hidalgo,Michoacán de Ocampo,2025-06-01,12.0,0.0,Bajo
16034,Hidalgo,Michoacán de Ocampo,2025-07-01,12.0,0.0,Bajo
16035,La Huacana,Michoacán de Ocampo,2025-05-01,1.0,0.0,Bajo
16035,La Huacana,Michoacán de Ocampo,2025-06-01,1.0,0.0,Bajo
16035,La Huacana,Michoacán de Ocampo,2025-07-01,0.0,0.0,Bajo
16036,Huandacareo,Michoacán de Ocampo,2025-05-01,1.0,0.0,Bajo
16036,Huandacareo,Michoacán de Ocampo,2025-06-01,0.0,0.0,Bajo
16036,Huandacareo,Michoacán de Ocampo,2025-07-01,0.0,0.0,Bajo
16037,Huaniqueo,Michoacán de Ocampo,2025-05-01,1.0,0.0,Bajo
16037,Huaniqueo,Michoacán de Ocampo,2025-06-01,5.0,0.0,Bajo
16037,Huaniqueo,Michoacán de Ocampo,2025-07-01,3.0,0.0,Bajo
16038,Huetamo,Michoacán de Ocampo,2025-05-01,7.0,0.0,Bajo
16038,Huetamo,Michoacán de Ocampo,2025-06-01,0.0,0.0,Bajo
16038,Huetamo,Michoacán de Ocampo,2025-07-01,3.0,0.0,Bajo
16039,Huiramba,Michoacán de Ocampo,2025-05-01,0.0,0.0,Bajo
16039,Huiramba,Michoacán de Ocampo,2025-06-01,3.0,0.0,Bajo
16039,Huiramba,Michoacán de Ocampo,2025-07-01,2.0,0.0,Bajo
16040,Indaparapeo,Michoacán de Ocampo,2025-05-01,1.0,0.0,Bajo
16040,Indaparapeo,Michoacán de Ocampo,2025-06-01,1.0,0.0,Bajo
16040,Indaparapeo,Michoacán de Ocampo,2025-07-01,5.0,0.0,Bajo
16041,Irimbo,Michoacán de Ocampo,2025-05-01,1.0,0.0,Bajo
16041,Irimbo,Michoacán de Ocampo,2025-06-01,0.0,0.0,Bajo
16041,Irimbo,Michoacán de Ocampo,2025-07-01,0.0,0.0,Bajo
16042,Ixtlán,Michoacán de Ocampo,2025-05-01,1.0,0.0,Bajo
16042,Ixtlán,Michoacán de Ocampo,2025-06-01,0.0,0.0,Bajo
16042,Ixtlán,Michoacán de Ocampo,2025-07-01,0.0,0.0,Bajo
16043,Jacona,Michoacán de Ocampo,2025-05-01,7.0,0.0,Bajo
16043,Jacona,Michoacán de Ocampo,2025-06-01,16.0,0.0,Bajo
16043,Jacona,Michoacán de Ocampo,2025-07-01,23.0,0.0,Bajo
16044,Jiménez,Michoacán de Ocampo,2025-05-01,2.0,0.0,Bajo
16044,Jiménez,Michoacán de Ocampo,2025-06-01,0.0,0.0,Bajo
16044,Jiménez,Michoacán de Ocampo,2025-07-01,2.0,0.0,Bajo
16045,Jiquilpan,Michoacán de Ocampo,2025-05-01,3.0,0.0,Bajo
16045,Jiquilpan,Michoacán de Ocampo,2025-06-01,5.0,0.0,Bajo
16045,Jiquilpan,Michoacán de Ocampo,2025-07-01,4.0,0.0,Bajo
16046,Juárez,Michoacán de Ocampo,2025-05-01,0.0,0.0,Bajo
16046,Juárez,Michoacán de Ocampo,2025-06-01,0.0,0.0,Bajo
16046,Juárez,Michoacán de Ocampo,2025-07-01,2.0,0.0,Bajo
16047,Jungapeo,Michoacán de Ocampo,2025-05-01,0.0,0.0,Bajo
16047,Jungapeo,Michoacán de Ocampo,2025-06-01,2.0,0.0,Bajo
16047,Jungapeo,Michoacán de Ocampo,2025-07-01,0.0,0.0,Bajo
16048,Lagunillas,Michoacán de Ocampo,2025-05-01,1.0,0.0,Bajo
16048,Lagunillas,Michoacán de Ocampo,2025-06-01,1.0,0.0,Bajo
16048,Lagunillas,Michoacán de Ocampo,2025-07-01,0.0,0.0,Bajo
16049,Madero,Michoacán de Ocampo,2025-05-01,0.0,1.0,Bajo
16049,Madero,Michoacán de Ocampo,2025-06-01,1.0,0.0,Bajo
16049,Madero,Michoacán de Ocampo,2025-07-01,0.0,0.0,Bajo
16050,Maravatío,Michoacán de Ocampo,2025-05-01,9.0,0.0,Bajo
16050,Maravatío,Michoacán de Ocampo,2025-06-01,8.0,0.0,Bajo
16050,Maravatío,Michoacán de Ocampo,2025-07-01,8.0,0.0,Bajo
16051,Marcos Castellanos,Michoacán de Ocampo,2025-05-01,1.0,0.0,Bajo
16051,Marcos Castellanos,Michoacán de Ocampo,2025-06-01,0.0,0.0,Bajo
16051,Marcos Castellanos,Michoacán de Ocampo,2025-07-01,0.0,0.0,Bajo
16052,Lázaro Cárdenas,Michoacán de Ocampo,2025-05-01,43.0,0.0,Bajo
16052,Lázaro Cárdenas,Michoacán de Ocampo,2025-06-01,28.0,0.0,Bajo
16052,Lázaro Cárdenas,Michoacán de Ocampo,2025-07-01,47.0,0.0,Bajo
16053,Morelia,Michoacán de Ocampo,2025-05-01,251.0,2.0,Medio
16053,Morelia,Michoacán de Ocampo,2025-06-01,251.0,0.0,Medio
16053,Morelia,Michoacán de Ocampo,2025-07-01,236.0,0.0,Medio
16054,Morelos,Michoacán de Ocampo,2025-05-01,0.0,0.0,Bajo
16054,Morelos,Michoacán de Ocampo,2025-06-01,2.0,0.0,Bajo
16054,Morelos,Michoacán de Ocampo,2025-07-01,0.0,0.0,Bajo
16055,Múgica,Michoacán de Ocampo,2025-05-01,3.0,0.0,Bajo
16055,Múgica,Michoacán de Ocampo,2025-06-01,5.0,0.0,Bajo
16055,Múgica,Michoacán de Ocampo,2025-07-01,3.0,0.0,Bajo
16056,Nahuatzen,Michoacán de Ocampo,2025-05-01,2.0,0.0,Bajo
16056,Nahuatzen,Michoacán de Ocampo,2025-06-01,0.0,0.0,Bajo
16056,Nahuatzen,Michoacán de Ocampo,2025-07-01,1.0,0.0,Bajo
16057,Nocupétaro,Michoacán de Ocampo,2025-05-01,0.0,0.0,Bajo
16057,Nocupétaro,Michoacán de Ocampo,2025-06-01,0.0,0.0,Bajo
16057,Nocupétaro,Michoacán de Ocampo,2025-07-01,0.0,0.0,Bajo
16058,Nuevo Parangaricutiro,Michoacán de Ocampo,2025-05-01,1.0,0.0,Bajo
16058,Nuevo Parangaricutiro,Michoacán de Ocampo,2025-06-01,1.0,0.0,Bajo
16058,Nuevo Parangaricutiro,Michoacán de Ocampo,2025-07-01,1.0,0.0,Bajo
16059,Nuevo Urecho,Michoacán de Ocampo,2025-05-01,0.0,0.0,Bajo
16059,Nuevo Urecho,Michoacán de Ocampo,2025-06-01,0.0,0.0,Bajo
16059,Nuevo Urecho,Michoacán de Ocampo,2025-07-01,1.0,0.0,Bajo
16060,Numarán,Michoacán de Ocampo,2025-05-01,0.0,0.0,Bajo
16060,Numarán,Michoacán de Ocampo,2025-06-01,1.0,0.0,Bajo
16060,Numarán,Michoacán de Ocampo,2025-07-01,2.0,0.0,Bajo
16061,Ocampo,Michoacán de Ocampo,2025-05-01,0.0,0.0,Bajo
16061,Ocampo,Michoacán de Ocampo,2025-06-01,1.0,0.0,Bajo
16061,Ocampo,Michoacán de Ocampo,2025-07-01,0.0,0.0,Bajo
16062,Pajacuarán,Michoacán de Ocampo,2025-05-01,0.0,0.0,Bajo
16062,Pajacuarán,Michoacán de Ocampo,2025-06-01,1.0,0.0,Bajo
16062,Pajacuarán,Michoacán de Ocampo,2025-07-01,1.0,0.0,Bajo
16063,Panindícuaro,Michoacán de Ocampo,2025-05-01,0.0,0.0,Bajo
16063,Panindícuaro,Michoacán de Ocampo,2025-06-01,1.0,0.0,Bajo
16063,Panindícuaro,Michoacán de Ocampo,2025-07-01,4.0,0.0,Bajo
16064,Parácuaro,Michoacán de Ocampo,2025-05-01,2.0,0.0,Bajo
16064,Parácuaro,Michoacán de Ocampo,2025-06-01,1.0,0.0,Bajo
16064,Parácuaro,Michoacán de Ocampo,2025-07-01,2.0,0.0,Bajo
16065,Paracho,Michoacán de Ocampo,2025-05-01,1.0,0.0,Bajo
16065,Paracho,Michoacán de Ocampo,2025-06-01,3.0,0.0,Bajo
16065,Paracho,Michoacán de Ocampo,2025-07-01,4.0,0.0,Bajo
16066,Pátzcuaro,Michoacán de Ocampo,2025-05-01,16.0,0.0,Bajo
16066,Pátzcuaro,Michoacán de Ocampo,2025-06-01,13.0,1.0,Bajo
16066,Pátzcuaro,Michoacán de Ocampo,2025-07-01,25.0,0.0,Bajo
16067,Penjamillo,Michoacán de Ocampo,2025-05-01,1.0,0.0,Bajo
16067,Penjamillo,Michoacán de Ocampo,2025-06-01,0.0,0.0,Bajo
16067,Penjamillo,Michoacán de Ocampo,2025-07-01,0.0,0.0,Bajo
16068,Peribán,Michoacán de Ocampo,2025-05-01,1.0,0.0,Bajo
16068,Peribán,Michoacán de Ocampo,2025-06-01,0.0,0.0,Bajo
16068,Peribán,Michoacán de Ocampo,2025-07-01,0.0,0.0,Bajo
16069,La Piedad,Michoacán de Ocampo,2025-05-01,14.0,0.0,Bajo
16069,La Piedad,Michoacán de Ocampo,2025-06-01,13.0,0.0,Bajo
16069,La Piedad,Michoacán de Ocampo,2025-07-01,16.0,0.0,Bajo
16070,Purépero,Michoacán de Ocampo,2025-05-01,0.0,0.0,Bajo
16070,Purépero,Michoacán de Ocampo,2025-06-01,1.0,0.0,Bajo
16070,Purépero,Michoacán de Ocampo,2025-07-01,0.0,0.0,Bajo
16071,Puruándiro,Michoacán de Ocampo,2025-05-01,11.0,0.0,Bajo
16071,Puruándiro,Michoacán de Ocampo,2025-06-01,11.0,0.0,Bajo
16071,Puruándiro,Michoacán de Ocampo,2025-07-01,12.0,0.0,Bajo
16072,Queréndaro,Michoacán de Ocampo,2025-05-01,1.0,0.0,Bajo
16072,Queréndaro,Michoacán de Ocampo,2025-06-01,1.0,0.0,Bajo
16072,Queréndaro,Michoacán de Ocampo,2025-07-01,6.0,0.0,Bajo
16073,Quiroga,Michoacán de Ocampo,2025-05-01,4.0,0.0,Bajo
16073,Quiroga,Michoacán de Ocampo,2025-06-01,7.0,0.0,Bajo
16073,Quiroga,Michoacán de Ocampo,2025-07-01,4.0,0.0,Bajo
16074,Cojumatlán de Régules,Michoacán de Ocampo,2025-05-01,1.0,0.0,Bajo
16074,Cojumatlán de Régules,Michoacán de Ocampo,2025-06-01,0.0,0.0,Bajo
16074,Cojumatlán de Régules,Michoacán de Ocampo,2025-07-01,2.0,0.0,Bajo
16075,Los Reyes,Michoacán de Ocampo,2025-05-01,4.0,0.0,Bajo
16075,Los Reyes,Michoacán de Ocampo,2025-06-01,3.0,0.0,Bajo
16075,Los Reyes,Michoacán de Ocampo,2025-07-01,4.0,0.0,Bajo
16076,Sahuayo,Michoacán de Ocampo,2025-05-01,12.0,0.0,Bajo
16076,Sahuayo,Michoacán de Ocampo,2025-06-01,6.0,0.0,Bajo
16076,Sahuayo,Michoacán de Ocampo,2025-07-01,15.0,0.0,Bajo
16077,San Lucas,Michoacán de Ocampo,2025-05-01,1.0,0.0,Bajo
16077,San Lucas,Michoacán de Ocampo,2025-06-01,1.0,0.0,Bajo
16077,San Lucas,Michoacán de Ocampo,2025-07-01,3.0,0.0,Bajo
16078,Santa Ana Maya,Michoacán de Ocampo,2025-05-01,1.0,0.0,Bajo
16078,Santa Ana Maya,Michoacán de Ocampo,2025-06-01,0.0,0.0,Bajo
16078,Santa Ana Maya,Michoacán de Ocampo,2025-07-01,0.0,0.0,Bajo
16079,Salvador Escalante,Michoacán de Ocampo,2025-05-01,11.0,0.0,Bajo
16079,Salvador Escalante,Michoacán de Ocampo,2025-06-01,11.0,0.0,Bajo
16079,Salvador Escalante,Michoacán de Ocampo,2025-07-01,4.0,1.0,Bajo
16080,Senguio,Michoacán de Ocampo,2025-05-01,0.0,0.0,Bajo
16080,Senguio,Michoacán de Ocampo,2025-06-01,0.0,1.0,Bajo
16080,Senguio,Michoacán de Ocampo,2025-07-01,0.0,0.0,Bajo
16081,Susupuato,Michoacán de Ocampo,2025-05-01,0.0,0.0,Bajo
16081,Susupuato,Michoacán de Ocampo,2025-06-01,0.0,0.0,Bajo
16081,Susupuato,Michoacán de Ocampo,2025-07-01,0.0,0.0,Bajo
16082,Tacámbaro,Michoacán de Ocampo,2025-05-01,4.0,0.0,Bajo
16082,Tacámbaro,Michoacán de Ocampo,2025-06-01,5.0,0.0,Bajo
16082,Tacámbaro,Michoacán de Ocampo,2025-07-01,2.0,0.0,Bajo
16083,Tancítaro,Michoacán de Ocampo,2025-05-01,3.0,0.0,Bajo
16083,Tancítaro,Michoacán de Ocampo,2025-06-01,2.0,0.0,Bajo
16083,Tancítaro,Michoacán de Ocampo,2025-07-01,4.0,0.0,Bajo
16084,Tangamandapio,Michoacán de Ocampo,2025-05-01,7.0,0.0,Bajo
16084,Tangamandapio,Michoacán de Ocampo,2025-06-01,5.0,0.0,Bajo
16084,Tangamandapio,Michoacán de Ocampo,2025-07-01,7.0,0.0,Bajo
16085,Tangancícuaro,Michoacán de Ocampo,2025-05-01,1.0,0.0,Bajo
16085,Tangancícuaro,Michoacán de Ocampo,2025-06-01,2.0,0.0,Bajo
16085,Tangancícuaro,Michoacán de Ocampo,2025-07-01,3.0,0.0,Bajo
16086,Tanhuato,Michoacán de Ocampo,2025-05-01,1.0,0.0,Bajo
16086,Tanhuato,Michoacán de Ocampo,2025-06-01,0.0,0.0,Bajo
16086,Tanhuato,Michoacán de Ocampo,2025-07-01,0.0,0.0,Bajo
16087,Taretan,Michoacán de Ocampo,2025-05-01,1.0,0.0,Bajo
16087,Taretan,Michoacán de Ocampo,2025-06-01,1.0,0.0,Bajo
16087,Taretan,Michoacán de Ocampo,2025-07-01,6.0,0.0,Bajo
16088,Tarímbaro,Michoacán de Ocampo,2025-05-01,21.0,0.0,Bajo
16088,Tarímbaro,Michoacán de Ocampo,2025-06-01,14.0,1.0,Bajo
16088,Tarímbaro,Michoacán de Ocampo,2025-07-01,16.0,0.0,Bajo
16089,Tepalcatepec,Michoacán de Ocampo,2025-05-01,2.0,0.0,Bajo
16089,Tepalcatepec,Michoacán de Ocampo,2025-06-01,5.0,0.0,Bajo
16089,Tepalcatepec,Michoacán de Ocampo,2025-07-01,1.0,0.0,Bajo
16090,Tingambato,Michoacán de Ocampo,2025-05-01,2.0,0.0,Bajo
16090,Tingambato,Michoacán de Ocampo,2025-06-01,3.0,0.0,Bajo
16090,Tingambato,Michoacán de Ocampo,2025-07-01,1.0,1.0,Bajo
16091,Tingüindín,Michoacán de Ocampo,2025-05-01,8.0,0.0,Bajo
16091,Tingüindín,Michoacán de Ocampo,2025-06-01,5.0,0.0,Bajo
16091,Tingüindín,Michoacán de Ocampo,2025-07-01,3.0,0.0,Bajo
16092,Tiquicheo de Nicolás Romero,Michoacán de Ocampo,2025-05-01,0.0,0.0,Bajo
16092,Tiquicheo de Nicolás Romero,Michoacán de Ocampo,2025-06-01,3.0,0.0,Bajo
16092,Tiquicheo de Nicolás Romero,Michoacán de Ocampo,2025-07-01,1.0,0.0,Bajo
16093,Tlalpujahua,Michoacán de Ocampo,2025-05-01,0.0,0.0,Bajo
16093,Tlalpujahua,Michoacán de Ocampo,2025-06-01,2.0,0.0,Bajo
16093,Tlalpujahua,Michoacán de Ocampo,2025-07-01,0.0,0.0,Bajo
16094,Tlazazalca,Michoacán de Ocampo,2025-05-01,0.0,0.0,Bajo
16094,Tlazazalca,Michoacán de Ocampo,2025-06-01,0.0,0.0,Bajo
16094,Tlazazalca,Michoacán de Ocampo,2025-07-01,1.0,0.0,Bajo
16095,Tocumbo,Michoacán de Ocampo,2025-05-01,0.0,0.0,Bajo
16095,Tocumbo,Michoacán de Ocampo,2025-06-01,1.0,0.0,Bajo
16095,Tocumbo,Michoacán de Ocampo,2025-07-01,1.0,0.0,Bajo
16096,Tumbiscatío,Michoacán de Ocampo,2025-05-01,0.0,0.0,Bajo
16096,Tumbiscatío,Michoacán de Ocampo,2025-06-01,0.0,0.0,Bajo
16096,Tumbiscatío,Michoacán de Ocampo,2025-07-01,0.0,0.0,Bajo
16097,Turicato,Michoacán de Ocampo,2025-05-01,0.0,0.0,Bajo
16097,Turicato,Michoacán de Ocampo,2025-06-01,1.0,0.0,Bajo
16097,Turicato,Michoacán de Ocampo,2025-07-01,1.0,0.0,Bajo
16098,Tuxpan,Michoacán de Ocampo,2025-05-01,0.0,0.0,Bajo
16098,Tuxpan,Michoacán de Ocampo,2025-06-01,1.0,0.0,Bajo
16098,Tuxpan,Michoacán de Ocampo,2025-07-01,3.0,0.0,Bajo
16099,Tuzantla,Michoacán de Ocampo,2025-05-01,0.0,0.0,Bajo
16099,Tuzantla,Michoacán de Ocampo,2025-06-01,1.0,0.0,Bajo
16099,Tuzantla,Michoacán de Ocampo,2025-07-01,3.0,0.0,Bajo
16100,Tzintzuntzan,Michoacán de Ocampo,2025-05-01,2.0,0.0,Bajo
16100,Tzintzuntzan,Michoacán de Ocampo,2025-06-01,4.0,0.0,Bajo
16100,Tzintzuntzan,Michoacán de Ocampo,2025-07-01,3.0,0.0,Bajo
16101,Tzitzio,Michoacán de Ocampo,2025-05-01,2.0,0.0,Bajo
16101,Tzitzio,Michoacán de Ocampo,2025-06-01,1.0,0.0,Bajo
16101,Tzitzio,Michoacán de Ocampo,2025-07-01,3.0,0.0,Bajo
16102,Uruapan,Michoacán de Ocampo,2025-05-01,105.0,0.0,Medio
16102,Uruapan,Michoacán de Ocampo,2025-06-01,117.0,0.0,Medio
16102,Uruapan,Michoacán de Ocampo,2025-07-01,116.0,1.0,Medio
16103,Venustiano Carranza,Michoacán de Ocampo,2025-05-01,1.0,0.0,Bajo
16103,Venustiano Carranza,Michoacán de Ocampo,2025-06-01,2.0,0.0,Bajo
16103,Venustiano Carranza,Michoacán de Ocampo,2025-07-01,2.0,0.0,Bajo
16104,Villamar,Michoacán de Ocampo,2025-05-01,1.0,0.0,Bajo
16104,Villamar,Michoacán de Ocampo,2025-06-01,3.0,0.0,Bajo
16104,Villamar,Michoacán de Ocampo,2025-07-01,0.0,0.0,Bajo
16105,Vista Hermosa,Michoacán de Ocampo,2025-05-01,1.0,0.0,Bajo
16105,Vista Hermosa,Michoacán de Ocampo,2025-06-01,2.0,0.0,Bajo
16105,Vista Hermosa,Michoacán de Ocampo,2025-07-01,0.0,0.0,Bajo
16106,Yurécuaro,Michoacán de Ocampo,2025-05-01,3.0,0.0,Bajo
16106,Yurécuaro,Michoacán de Ocampo,2025-06-01,1.0,0.0,Bajo
16106,Yurécuaro,Michoacán de Ocampo,2025-07-01,1.0,0.0,Bajo
16107,Zacapu,Michoacán de Ocampo,2025-05-01,5.0,0.0,Bajo
16107,Zacapu,Michoacán de Ocampo,2025-06-01,1.0,0.0,Bajo
16107,Zacapu,Michoacán de Ocampo,2025-07-01,8.0,0.0,Bajo
16108,Zamora,Michoacán de Ocampo,2025-05-01,45.0,0.0,Bajo
16108,Zamora,Michoacán de Ocampo,2025-06-01,53.0,0.0,Bajo
16108,Zamora,Michoacán de Ocampo,2025-07-01,57.0,0.0,Bajo
16109,Zináparo,Michoacán de Ocampo,2025-05-01,2.0,0.0,Bajo
16109,Zináparo,Michoacán de Ocampo,2025-06-01,0.0,0.0,Bajo
16109,Zináparo,Michoacán de Ocampo,2025-07-01,2.0,0.0,Bajo
16110,Zinapécuaro,Michoacán de Ocampo,2025-05-01,8.0,0.0,Bajo
16110,Zinapécuaro,Michoacán de Ocampo,2025-06-01,10.0,0.0,Bajo
16110,Zinapécuaro,Michoacán de Ocampo,2025-07-01,6.0,0.0,Bajo
16111,Ziracuaretiro,Michoacán de Ocampo,2025-05-01,1.0,0.0,Bajo
16111,Ziracuaretiro,Michoacán de Ocampo,2025-06-01,3.0,0.0,Bajo
16111,Ziracuaretiro,Michoacán de Ocampo,2025-07-01,11.0,0.0,Bajo
16112,Zitácuaro,Michoacán de Ocampo,2025-05-01,9.0,0.0,Bajo
16112,Zitácuaro,Michoacán de Ocampo,2025-06-01,30.0,0.0,Bajo
16112,Zitácuaro,Michoacán de Ocampo,2025-07-01,14.0,0.0,Bajo
16113,José Sixto Verduzco,Michoacán de Ocampo,2025-05-01,0.0,0.0,Bajo
16113,José Sixto Verduzco,Michoacán de Ocampo,2025-06-01,1.0,0.0,Bajo
16113,José Sixto Verduzco,Michoacán de Ocampo,2025-07-01,0.0,0.0,Bajo
17001,Amacuzac,Morelos,2025-05-01,4.0,0.0,Bajo
17001,Amacuzac,Morelos,2025-06-01,6.0,0.0,Bajo
17001,Amacuzac,Morelos,2025-07-01,0.0,0.0,Bajo
17002,Atlatlahucan,Morelos,2025-05-01,15.0,0.0,Bajo
17002,Atlatlahucan,Morelos,2025-06-01,9.0,0.0,Bajo
17002,Atlatlahucan,Morelos,2025-07-01,3.0,0.0,Bajo
17003,Axochiapan,Morelos,2025-05-01,2.0,0.0,Bajo
17003,Axochiapan,Morelos,2025-06-01,3.0,0.0,Bajo
17003,Axochiapan,Morelos,2025-07-01,4.0,0.0,Bajo
17004,Ayala,Morelos,2025-05-01,17.0,0.0,Bajo
17004,Ayala,Morelos,2025-06-01,11.0,0.0,Bajo
17004,Ayala,Morelos,2025-07-01,13.0,1.0,Bajo
17005,Coatlán del Río,Morelos,2025-05-01,1.0,0.0,Bajo
17005,Coatlán del Río,Morelos,2025-06-01,4.0,0.0,Bajo
17005,Coatlán del Río,Morelos,2025-07-01,0.0,0.0,Bajo
17006,Cuautla,Morelos,2025-05-01,132.0,0.0,Medio
17006,Cuautla,Morelos,2025-06-01,172.0,0.0,Medio
17006,Cuautla,Morelos,2025-07-01,173.0,0.0,Medio
17007,Cuernavaca,Morelos,2025-05-01,430.0,0.0,Alto
17007,Cuernavaca,Morelos,2025-06-01,296.0,2.0,Medio
17007,Cuernavaca,Morelos,2025-07-01,329.0,0.0,Medio
17008,Emiliano Zapata,Morelos,2025-05-01,46.0,0.0,Bajo
17008,Emiliano Zapata,Morelos,2025-06-01,64.0,0.0,Bajo
17008,Emiliano Zapata,Morelos,2025-07-01,56.0,0.0,Bajo
17009,Huitzilac,Morelos,2025-05-01,33.0,0.0,Bajo
17009,Huitzilac,Morelos,2025-06-01,29.0,0.0,Bajo
17009,Huitzilac,Morelos,2025-07-01,41.0,0.0,Bajo
17010,Jantetelco,Morelos,2025-05-01,2.0,0.0,Bajo
17010,Jantetelco,Morelos,2025-06-01,3.0,0.0,Bajo
17010,Jantetelco,Morelos,2025-07-01,2.0,0.0,Bajo
17011,Jiutepec,Morelos,2025-05-01,121.0,0.0,Medio
17011,Jiutepec,Morelos,2025-06-01,104.0,0.0,Medio
17011,Jiutepec,Morelos,2025-07-01,99.0,1.0,Bajo
17012,Jojutla,Morelos,2025-05-01,32.0,0.0,Bajo
17012,Jojutla,Morelos,2025-06-01,29.0,0.0,Bajo
17012,Jojutla,Morelos,2025-07-01,29.0,0.0,Bajo
17013,Jonacatepec de Leandro Valle,Morelos,2025-05-01,7.0,0.0,Bajo
17013,Jonacatepec de Leandro Valle,Morelos,2025-06-01,7.0,0.0,Bajo
17013,Jonacatepec de Leandro Valle,Morelos,2025-07-01,1.0,0.0,Bajo
17014,Mazatepec,Morelos,2025-05-01,1.0,0.0,Bajo
17014,Mazatepec,Morelos,2025-06-01,1.0,0.0,Bajo
17014,Mazatepec,Morelos,2025-07-01,3.0,0.0,Bajo
17015,Miacatlán,Morelos,2025-05-01,2.0,0.0,Bajo
17015,Miacatlán,Morelos,2025-06-01,5.0,0.0,Bajo
17015,Miacatlán,Morelos,2025-07-01,0.0,0.0,Bajo
17016,Ocuituco,Morelos,2025-05-01,5.0,0.0,Bajo
17016,Ocuituco,Morelos,2025-06-01,3.0,0.0,Bajo
17016,Ocuituco,Morelos,2025-07-01,3.0,0.0,Bajo
17017,Puente de Ixtla,Morelos,2025-05-01,18.0,0.0,Bajo
17017,Puente de Ixtla,Morelos,2025-06-01,27.0,0.0,Bajo
17017,Puente de Ixtla,Morelos,2025-07-01,20.0,0.0,Bajo
17018,Temixco,Morelos,2025-05-01,58.0,1.0,Bajo
17018,Temixco,Morelos,2025-06-01,57.0,0.0,Bajo
17018,Temixco,Morelos,2025-07-01,61.0,0.0,Bajo
17019,Tepalcingo,Morelos,2025-05-01,1.0,0.0,Bajo
17019,Tepalcingo,Morelos,2025-06-01,1.0,0.0,Bajo
17019,Tepalcingo,Morelos,2025-07-01,2.0,0.0,Bajo
17020,Tepoztlán,Morelos,2025-05-01,32.0,0.0,Bajo
17020,Tepoztlán,Morelos,2025-06-01,12.0,0.0,Bajo
17020,Tepoztlán,Morelos,2025-07-01,8.0,0.0,Bajo
17021,Tetecala,Morelos,2025-05-01,5.0,0.0,Bajo
17021,Tetecala,Morelos,2025-06-01,1.0,0.0,Bajo
17021,Tetecala,Morelos,2025-07-01,0.0,0.0,Bajo
17022,Tetela del Volcán,Morelos,2025-05-01,3.0,0.0,Bajo
17022,Tetela del Volcán,Morelos,2025-06-01,2.0,0.0,Bajo
17022,Tetela del Volcán,Morelos,2025-07-01,1.0,0.0,Bajo
17023,Tlalnepantla,Morelos,2025-05-01,0.0,0.0,Bajo
17023,Tlalnepantla,Morelos,2025-06-01,0.0,0.0,Bajo
17023,Tlalnepantla,Morelos,2025-07-01,1.0,0.0,Bajo
17024,Tlaltizapán de Zapata,Morelos,2025-05-01,8.0,0.0,Bajo
17024,Tlaltizapán de Zapata,Morelos,2025-06-01,12.0,0.0,Bajo
17024,Tlaltizapán de Zapata,Morelos,2025-07-01,9.0,0.0,Bajo
17025,Tlaquiltenango,Morelos,2025-05-01,4.0,0.0,Bajo
17025,Tlaquiltenango,Morelos,2025-06-01,2.0,0.0,Bajo
17025,Tlaquiltenango,Morelos,2025-07-01,8.0,0.0,Bajo
17026,Tlayacapan,Morelos,2025-05-01,2.0,0.0,Bajo
17026,Tlayacapan,Morelos,2025-06-01,6.0,0.0,Bajo
17026,Tlayacapan,Morelos,2025-07-01,8.0,0.0,Bajo
17027,Totolapan,Morelos,2025-05-01,0.0,0.0,Bajo
17027,Totolapan,Morelos,2025-06-01,1.0,0.0,Bajo
17027,Totolapan,Morelos,2025-07-01,1.0,0.0,Bajo
17028,Xochitepec,Morelos,2025-05-01,40.0,0.0,Bajo
17028,Xochitepec,Morelos,2025-06-01,28.0,0.0,Bajo
17028,Xochitepec,Morelos,2025-07-01,20.0,0.0,Bajo
17029,Yautepec,Morelos,2025-05-01,84.0,1.0,Bajo
17029,Yautepec,Morelos,2025-06-01,48.0,0.0,Bajo
17029,Yautepec,Morelos,2025-07-01,52.0,1.0,Bajo
17030,Yecapixtla,Morelos,2025-05-01,16.0,0.0,Bajo
17030,Yecapixtla,Morelos,2025-06-01,17.0,0.0,Bajo
17030,Yecapixtla,Morelos,2025-07-01,6.0,0.0,Bajo
17031,Zacatepec,Morelos,2025-05-01,5.0,0.0,Bajo
17031,Zacatepec,Morelos,2025-06-01,5.0,0.0,Bajo
17031,Zacatepec,Morelos,2025-07-01,7.0,0.0,Bajo
17032,Zacualpan de Amilpas,Morelos,2025-05-01,0.0,0.0,Bajo
17032,Zacualpan de Amilpas,Morelos,2025-06-01,1.0,0.0,Bajo
17032,Zacualpan de Amilpas,Morelos,2025-07-01,0.0,0.0,Bajo
17033,Temoac,Morelos,2025-05-01,3.0,0.0,Bajo
17033,Temoac,Morelos,2025-06-01,3.0,0.0,Bajo
17033,Temoac,Morelos,2025-07-01,3.0,0.0,Bajo
17034,Coatetelco,Morelos,2025-05-01,3.0,0.0,Bajo
17034,Coatetelco,Morelos,2025-06-01,2.0,0.0,Bajo
17034,Coatetelco,Morelos,2025-07-01,3.0,0.0,Bajo
17035,Xoxocotla,Morelos,2025-05-01,3.0,0.0,Bajo
17035,Xoxocotla,Morelos,2025-06-01,4.0,0.0,Bajo
17035,Xoxocotla,Morelos,2025-07-01,1.0,0.0,Bajo
17036,Hueyapan,Morelos,2025-05-01,1.0,0.0,Bajo
17036,Hueyapan,Morelos,2025-06-01,0.0,0.0,Bajo
17036,Hueyapan,Morelos,2025-07-01,0.0,0.0,Bajo
15001,Acambay de Ruíz Castañeda,México,2025-05-01,9.0,0.0,Bajo
15001,Acambay de Ruíz Castañeda,México,2025-06-01,12.0,0.0,Bajo
15001,Acambay de Ruíz Castañeda,México,2025-07-01,7.0,0.0,Bajo
15002,Acolman,México,2025-05-01,44.0,0.0,Bajo
15002,Acolman,México,2025-06-01,31.0,0.0,Bajo
15002,Acolman,México,2025-07-01,36.0,0.0,Bajo
15003,Aculco,México,2025-05-01,13.0,0.0,Bajo
15003,Aculco,México,2025-06-01,7.0,0.0,Bajo
15003,Aculco,México,2025-07-01,9.0,0.0,Bajo
15004,Almoloya de Alquisiras,México,2025-05-01,1.0,0.0,Bajo
15004,Almoloya de Alquisiras,México,2025-06-01,0.0,0.0,Bajo
15004,Almoloya de Alquisiras,México,2025-07-01,2.0,0.0,Bajo
15005,Almoloya de Juárez,México,2025-05-01,26.0,0.0,Bajo
15005,Almoloya de Juárez,México,2025-06-01,32.0,0.0,Bajo
15005,Almoloya de Juárez,México,2025-07-01,32.0,0.0,Bajo
15006,Almoloya del Río,México,2025-05-01,3.0,0.0,Bajo
15006,Almoloya del Río,México,2025-06-01,1.0,0.0,Bajo
15006,Almoloya del Río,México,2025-07-01,1.0,0.0,Bajo
15007,Amanalco,México,2025-05-01,0.0,0.0,Bajo
15007,Amanalco,México,2025-06-01,3.0,0.0,Bajo
15007,Amanalco,México,2025-07-01,0.0,0.0,Bajo
15008,Amatepec,México,2025-05-01,0.0,0.0,Bajo
15008,Amatepec,México,2025-06-01,0.0,0.0,Bajo
15008,Amatepec,México,2025-07-01,0.0,0.0,Bajo
15009,Amecameca,México,2025-05-01,24.0,0.0,Bajo
15009,Amecameca,México,2025-06-01,16.0,0.0,Bajo
15009,Amecameca,México,2025-07-01,27.0,0.0,Bajo
15010,Apaxco,México,2025-05-01,7.0,0.0,Bajo
15010,Apaxco,México,2025-06-01,3.0,0.0,Bajo
15010,Apaxco,México,2025-07-01,5.0,0.0,Bajo
15011,Atenco,México,2025-05-01,25.0,0.0,Bajo
15011,Atenco,México,2025-06-01,18.0,0.0,Bajo
15011,Atenco,México,2025-07-01,26.0,0.0,Bajo
15012,Atizapán,México,2025-05-01,4.0,0.0,Bajo
15012,Atizapán,México,2025-06-01,5.0,0.0,Bajo
15012,Atizapán,México,2025-07-01,2.0,0.0,Bajo
15013,Atizapán de Zaragoza,México,2025-05-01,174.0,0.0,Medio
15013,Atizapán de Zaragoza,México,2025-06-01,145.0,0.0,Medio
15013,Atizapán de Zaragoza,México,2025-07-01,184.0,0.0,Medio
15014,Atlacomulco,México,2025-05-01,28.0,0.0,Bajo
15014,Atlacomulco,México,2025-06-01,25.0,0.0,Bajo
15014,Atlacomulco,México,2025-07-01,29.0,0.0,Bajo
15015,Atlautla,México,2025-05-01,4.0,0.0,Bajo
15015,Atlautla,México,2025-06-01,3.0,0.0,Bajo
15015,Atlautla,México,2025-07-01,3.0,0.0,Bajo
15016,Axapusco,México,2025-05-01,13.0,0.0,Bajo
15016,Axapusco,México,2025-06-01,11.0,0.0,Bajo
15016,Axapusco,México,2025-07-01,13.0,0.0,Bajo
15017,Ayapango,México,2025-05-01,0.0,0.0,Bajo
15017,Ayapango,México,2025-06-01,3.0,0.0,Bajo
15017,Ayapango,México,2025-07-01,2.0,0.0,Bajo
15018,Calimaya,México,2025-05-01,8.0,0.0,Bajo
15018,Calimaya,México,2025-06-01,12.0,0.0,Bajo
15018,Calimaya,México,2025-07-01,9.0,0.0,Bajo
15019,Capulhuac,México,2025-05-01,6.0,0.0,Bajo
15019,Capulhuac,México,2025-06-01,9.0,0.0,Bajo
15019,Capulhuac,México,2025-07-01,4.0,0.0,Bajo
15020,Coacalco de Berriozábal,México,2025-05-01,153.0,0.0,Medio
15020,Coacalco de Berriozábal,México,2025-06-01,149.0,0.0,Medio
15020,Coacalco de Berriozábal,México,2025-07-01,144.0,0.0,Medio
15021,Coatepec Harinas,México,2025-05-01,1.0,0.0,Bajo
15021,Coatepec Harinas,México,2025-06-01,2.0,0.0,Bajo
15021,Coatepec Harinas,México,2025-07-01,1.0,0.0,Bajo
15022,Cocotitlán,México,2025-05-01,8.0,0.0,Bajo
15022,Cocotitlán,México,2025-06-01,6.0,0.0,Bajo
15022,Cocotitlán,México,2025-07-01,3.0,0.0,Bajo
15023,Coyotepec,México,2025-05-01,29.0,0.0,Bajo
15023,Coyotepec,México,2025-06-01,24.0,0.0,Bajo
15023,Coyotepec,México,2025-07-01,40.0,0.0,Bajo
15024,Cuautitlán,México,2025-05-01,95.0,0.0,Bajo
15024,Cuautitlán,México,2025-06-01,88.0,0.0,Bajo
15024,Cuautitlán,México,2025-07-01,103.0,0.0,Bajo
15025,Chalco,México,2025-05-01,265.0,0.0,Medio
15025,Chalco,México,2025-06-01,267.0,0.0,Medio
15025,Chalco,México,2025-07-01,254.0,0.0,Medio
15026,Chapa de Mota,México,2025-05-01,0.0,0.0,Bajo
15026,Chapa de Mota,México,2025-06-01,3.0,0.0,Bajo
15026,Chapa de Mota,México,2025-07-01,2.0,0.0,Bajo
15027,Chapultepec,México,2025-05-01,1.0,0.0,Bajo
15027,Chapultepec,México,2025-06-01,2.0,0.0,Bajo
15027,Chapultepec,México,2025-07-01,2.0,0.0,Bajo
15028,Chiautla,México,2025-05-01,11.0,0.0,Bajo
15028,Chiautla,México,2025-06-01,5.0,0.0,Bajo
15028,Chiautla,México,2025-07-01,11.0,0.0,Bajo
15029,Chicoloapan,México,2025-05-01,73.0,0.0,Bajo
15029,Chicoloapan,México,2025-06-01,79.0,0.0,Bajo
15029,Chicoloapan,México,2025-07-01,44.0,0.0,Bajo
15030,Chiconcuac,México,2025-05-01,16.0,0.0,Bajo
15030,Chiconcuac,México,2025-06-01,14.0,0.0,Bajo
15030,Chiconcuac,México,2025-07-01,17.0,0.0,Bajo
15031,Chimalhuacán,México,2025-05-01,301.0,0.0,Medio
15031,Chimalhuacán,México,2025-06-01,260.0,0.0,Medio
15031,Chimalhuacán,México,2025-07-01,221.0,0.0,Medio
15032,Donato Guerra,México,2025-05-01,0.0,0.0,Bajo
15032,Donato Guerra,México,2025-06-01,3.0,0.0,Bajo
15032,Donato Guerra,México,2025-07-01,1.0,0.0,Bajo
15033,Ecatepec de Morelos,México,2025-05-01,646.0,0.0,Alto
15033,Ecatepec de Morelos,México,2025-06-01,670.0,1.0,Alto
15033,Ecatepec de Morelos,México,2025-07-01,702.0,0.0,Alto
15034,Ecatzingo,México,2025-05-01,0.0,0.0,Bajo
15034,Ecatzingo,México,2025-06-01,1.0,0.0,Bajo
15034,Ecatzingo,México,2025-07-01,0.0,0.0,Bajo
15035,Huehuetoca,México,2025-05-01,86.0,0.0,Bajo
15035,Huehuetoca,México,2025-06-01,90.0,0.0,Bajo
15035,Huehuetoca,México,2025-07-01,94.0,0.0,Bajo
15036,Hueypoxtla,México,2025-05-01,4.0,0.0,Bajo
15036,Hueypoxtla,México,2025-06-01,6.0,0.0,Bajo
15036,Hueypoxtla,México,2025-07-01,8.0,0.0,Bajo
15037,Huixquilucan,México,2025-05-01,72.0,0.0,Bajo
15037,Huixquilucan,México,2025-06-01,78.0,0.0,Bajo
15037,Huixquilucan,México,2025-07-01,77.0,0.0,Bajo
15038,Isidro Fabela,México,2025-05-01,2.0,0.0,Bajo
15038,Isidro Fabela,México,2025-06-01,2.0,0.0,Bajo
15038,Isidro Fabela,México,2025-07-01,1.0,0.0,Bajo
15039,Ixtapaluca,México,2025-05-01,168.0,0.0,Medio
15039,Ixtapaluca,México,2025-06-01,222.0,0.0,Medio
15039,Ixtapaluca,México,2025-07-01,163.0,0.0,Medio
15040,Ixtapan de la Sal,México,2025-05-01,5.0,0.0,Bajo
15040,Ixtapan de la Sal,México,2025-06-01,3.0,0.0,Bajo
15040,Ixtapan de la Sal,México,2025-07-01,4.0,0.0,Bajo
15041,Ixtapan del Oro,México,2025-05-01,0.0,0.0,Bajo
15041,Ixtapan del Oro,México,2025-06-01,0.0,0.0,Bajo
15041,Ixtapan del Oro,México,2025-07-01,0.0,0.0,Bajo
15042,Ixtlahuaca,México,2025-05-01,30.0,0.0,Bajo
15042,Ixtlahuaca,México,2025-06-01,30.0,0.0,Bajo
15042,Ixtlahuaca,México,2025-07-01,22.0,0.0,Bajo
15043,Xalatlaco,México,2025-05-01,3.0,0.0,Bajo
15043,Xalatlaco,México,2025-06-01,4.0,0.0,Bajo
15043,Xalatlaco,México,2025-07-01,2.0,0.0,Bajo
15044,Jaltenco,México,2025-05-01,14.0,0.0,Bajo
15044,Jaltenco,México,2025-06-01,10.0,0.0,Bajo
15044,Jaltenco,México,2025-07-01,10.0,0.0,Bajo
15045,Jilotepec,México,2025-05-01,21.0,0.0,Bajo
15045,Jilotepec,México,2025-06-01,20.0,0.0,Bajo
15045,Jilotepec,México,2025-07-01,28.0,0.0,Bajo
15046,Jilotzingo,México,2025-05-01,3.0,0.0,Bajo
15046,Jilotzingo,México,2025-06-01,5.0,0.0,Bajo
15046,Jilotzingo,México,2025-07-01,4.0,0.0,Bajo
15047,Jiquipilco,México,2025-05-01,7.0,0.0,Bajo
15047,Jiquipilco,México,2025-06-01,3.0,0.0,Bajo
15047,Jiquipilco,México,2025-07-01,13.0,0.0,Bajo
15048,Jocotitlán,México,2025-05-01,12.0,0.0,Bajo
15048,Jocotitlán,México,2025-06-01,13.0,0.0,Bajo
15048,Jocotitlán,México,2025-07-01,5.0,0.0,Bajo
15049,Joquicingo,México,2025-05-01,2.0,0.0,Bajo
15049,Joquicingo,México,2025-06-01,1.0,0.0,Bajo
15049,Joquicingo,México,2025-07-01,0.0,0.0,Bajo
15050,Juchitepec,México,2025-05-01,2.0,0.0,Bajo
15050,Juchitepec,México,2025-06-01,6.0,0.0,Bajo
15050,Juchitepec,México,2025-07-01,7.0,0.0,Bajo
15051,Lerma,México,2025-05-01,59.0,0.0,Bajo
15051,Lerma,México,2025-06-01,58.0,0.0,Bajo
15051,Lerma,México,2025-07-01,63.0,0.0,Bajo
15052,Malinalco,México,2025-05-01,4.0,0.0,Bajo
15052,Malinalco,México,2025-06-01,7.0,0.0,Bajo
15052,Malinalco,México,2025-07-01,8.0,0.0,Bajo
15053,Melchor Ocampo,México,2025-05-01,21.0,0.0,Bajo
15053,Melchor Ocampo,México,2025-06-01,24.0,0.0,Bajo
15053,Melchor Ocampo,México,2025-07-01,27.0,0.0,Bajo
15054,Metepec,México,2025-05-01,121.0,0.0,Medio
15054,Metepec,México,2025-06-01,132.0,0.0,Medio
15054,Metepec,México,2025-07-01,137.0,1.0,Medio
15055,Mexicaltzingo,México,2025-05-01,2.0,0.0,Bajo
15055,Mexicaltzingo,México,2025-06-01,8.0,0.0,Bajo
15055,Mexicaltzingo,México,2025-07-01,5.0,0.0,Bajo
15056,Morelos,México,2025-05-01,1.0,0.0,Bajo
15056,Morelos,México,2025-06-01,4.0,0.0,Bajo
15056,Morelos,México,2025-07-01,1.0,0.0,Bajo
15057,Naucalpan de Juárez,México,2025-05-01,516.0,0.0,Alto
15057,Naucalpan de Juárez,México,2025-06-01,477.0,0.0,Alto
15057,Naucalpan de Juárez,México,2025-07-01,487.0,1.0,Alto
15058,Nezahualcóyotl,México,2025-05-01,383.0,0.0,Medio
15058,Nezahualcóyotl,México,2025-06-01,357.0,0.0,Medio
15058,Nezahualcóyotl,México,2025-07-01,325.0,0.0,Medio
15059,Nextlalpan,México,2025-05-01,26.0,0.0,Bajo
15059,Nextlalpan,México,2025-06-01,29.0,0.0,Bajo
15059,Nextlalpan,México,2025-07-01,31.0,0.0,Bajo
15060,Nicolás Romero,México,2025-05-01,116.0,0.0,Medio
15060,Nicolás Romero,México,2025-06-01,122.0,0.0,Medio
15060,Nicolás Romero,México,2025-07-01,127.0,1.0,Medio
15061,Nopaltepec,México,2025-05-01,4.0,0.0,Bajo
15061,Nopaltepec,México,2025-06-01,5.0,0.0,Bajo
15061,Nopaltepec,México,2025-07-01,6.0,0.0,Bajo
15062,Ocoyoacac,México,2025-05-01,35.0,0.0,Bajo
15062,Ocoyoacac,México,2025-06-01,24.0,0.0,Bajo
15062,Ocoyoacac,México,2025-07-01,35.0,0.0,Bajo
15063,Ocuilan,México,2025-05-01,5.0,0.0,Bajo
15063,Ocuilan,México,2025-06-01,7.0,0.0,Bajo
15063,Ocuilan,México,2025-07-01,9.0,0.0,Bajo
15064,El Oro,México,2025-05-01,4.0,0.0,Bajo
15064,El Oro,México,2025-06-01,7.0,0.0,Bajo
15064,El Oro,México,2025-07-01,11.0,0.0,Bajo
15065,Otumba,México,2025-05-01,15.0,1.0,Bajo
15065,Otumba,México,2025-06-01,10.0,0.0,Bajo
15065,Otumba,México,2025-07-01,20.0,0.0,Bajo
15066,Otzoloapan,México,2025-05-01,1.0,0.0,Bajo
15066,Otzoloapan,México,2025-06-01,0.0,0.0,Bajo
15066,Otzoloapan,México,2025-07-01,0.0,0.0,Bajo
15067,Otzolotepec,México,2025-05-01,13.0,0.0,Bajo
15067,Otzolotepec,México,2025-06-01,21.0,0.0,Bajo
15067,Otzolotepec,México,2025-07-01,25.0,0.0,Bajo
15068,Ozumba,México,2025-05-01,4.0,0.0,Bajo
15068,Ozumba,México,2025-06-01,5.0,0.0,Bajo
15068,Ozumba,México,2025-07-01,5.0,0.0,Bajo
15069,Papalotla,México,2025-05-01,0.0,0.0,Bajo
15069,Papalotla,México,2025-06-01,0.0,0.0,Bajo
15069,Papalotla,México,2025-07-01,1.0,0.0,Bajo
15070,La Paz,México,2025-05-01,159.0,0.0,Medio
15070,La Paz,México,2025-06-01,140.0,0.0,Medio
15070,La Paz,México,2025-07-01,123.0,0.0,Medio
15071,Polotitlán,México,2025-05-01,10.0,0.0,Bajo
15071,Polotitlán,México,2025-06-01,5.0,0.0,Bajo
15071,Polotitlán,México,2025-07-01,8.0,0.0,Bajo
15072,Rayón,México,2025-05-01,2.0,0.0,Bajo
15072,Rayón,México,2025-06-01,2.0,0.0,Bajo
15072,Rayón,México,2025-07-01,0.0,0.0,Bajo
15073,San Antonio la Isla,México,2025-05-01,7.0,0.0,Bajo
15073,San Antonio la Isla,México,2025-06-01,6.0,0.0,Bajo
15073,San Antonio la Isla,México,2025-07-01,6.0,0.0,Bajo
15074,San Felipe del Progreso,México,2025-05-01,11.0,0.0,Bajo
15074,San Felipe del Progreso,México,2025-06-01,11.0,0.0,Bajo
15074,San Felipe del Progreso,México,2025-07-01,8.0,0.0,Bajo
15075,San Martín de las Pirámides,México,2025-05-01,8.0,0.0,Bajo
15075,San Martín de las Pirámides,México,2025-06-01,8.0,0.0,Bajo
15075,San Martín de las Pirámides,México,2025-07-01,12.0,0.0,Bajo
15076,San Mateo Atenco,México,2025-05-01,38.0,0.0,Bajo
15076,San Mateo Atenco,México,2025-06-01,37.0,0.0,Bajo
15076,San Mateo Atenco,México,2025-07-01,44.0,0.0,Bajo
15077,San Simón de Guerrero,México,2025-05-01,0.0,0.0,Bajo
15077,San Simón de Guerrero,México,2025-06-01,0.0,0.0,Bajo
15077,San Simón de Guerrero,México,2025-07-01,0.0,0.0,Bajo
15078,Santo Tomás,México,2025-05-01,1.0,0.0,Bajo
15078,Santo Tomás,México,2025-06-01,1.0,0.0,Bajo
15078,Santo Tomás,México,2025-07-01,1.0,0.0,Bajo
15079,Soyaniquilpan de Juárez,México,2025-05-01,4.0,0.0,Bajo
15079,Soyaniquilpan de Juárez,México,2025-06-01,1.0,0.0,Bajo
15079,Soyaniquilpan de Juárez,México,2025-07-01,4.0,0.0,Bajo
15080,Sultepec,México,2025-05-01,0.0,0.0,Bajo
15080,Sultepec,México,2025-06-01,2.0,0.0,Bajo
15080,Sultepec,México,2025-07-01,0.0,0.0,Bajo
15081,Tecámac,México,2025-05-01,218.0,0.0,Medio
15081,Tecámac,México,2025-06-01,193.0,0.0,Medio
15081,Tecámac,México,2025-07-01,208.0,0.0,Medio
15082,Tejupilco,México,2025-05-01,5.0,0.0,Bajo
15082,Tejupilco,México,2025-06-01,4.0,0.0,Bajo
15082,Tejupilco,México,2025-07-01,1.0,0.0,Bajo
15083,Temamatla,México,2025-05-01,9.0,0.0,Bajo
15083,Temamatla,México,2025-06-01,4.0,0.0,Bajo
15083,Temamatla,México,2025-07-01,3.0,0.0,Bajo
15084,Temascalapa,México,2025-05-01,10.0,0.0,Bajo
15084,Temascalapa,México,2025-06-01,12.0,0.0,Bajo
15084,Temascalapa,México,2025-07-01,7.0,0.0,Bajo
15085,Temascalcingo,México,2025-05-01,4.0,0.0,Bajo
15085,Temascalcingo,México,2025-06-01,15.0,0.0,Bajo
15085,Temascalcingo,México,2025-07-01,8.0,0.0,Bajo
15086,Temascaltepec,México,2025-05-01,0.0,0.0,Bajo
15086,Temascaltepec,México,2025-06-01,4.0,0.0,Bajo
15086,Temascaltepec,México,2025-07-01,2.0,0.0,Bajo
15087,Temoaya,México,2025-05-01,11.0,1.0,Bajo
15087,Temoaya,México,2025-06-01,25.0,0.0,Bajo
15087,Temoaya,México,2025-07-01,31.0,0.0,Bajo
15088,Tenancingo,México,2025-05-01,18.0,0.0,Bajo
15088,Tenancingo,México,2025-06-01,21.0,0.0,Bajo
15088,Tenancingo,México,2025-07-01,21.0,0.0,Bajo
15089,Tenango del Aire,México,2025-05-01,5.0,1.0,Bajo
15089,Tenango del Aire,México,2025-06-01,0.0,0.0,Bajo
15089,Tenango del Aire,México,2025-07-01,3.0,0.0,Bajo
15090,Tenango del Valle,México,2025-05-01,15.0,0.0,Bajo
15090,Tenango del Valle,México,2025-06-01,13.0,0.0,Bajo
15090,Tenango del Valle,México,2025-07-01,16.0,0.0,Bajo
15091,Teoloyucan,México,2025-05-01,49.0,0.0,Bajo
15091,Teoloyucan,México,2025-06-01,49.0,0.0,Bajo
15091,Teoloyucan,México,2025-07-01,53.0,1.0,Bajo
15092,Teotihuacán,México,2025-05-01,21.0,0.0,Bajo
15092,Teotihuacán,México,2025-06-01,40.0,0.0,Bajo
15092,Teotihuacán,México,2025-07-01,32.0,0.0,Bajo
15093,Tepetlaoxtoc,México,2025-05-01,7.0,0.0,Bajo
15093,Tepetlaoxtoc,México,2025-06-01,6.0,0.0,Bajo
15093,Tepetlaoxtoc,México,2025-07-01,5.0,0.0,Bajo
15094,Tepetlixpa,México,2025-05-01,6.0,0.0,Bajo
15094,Tepetlixpa,México,2025-06-01,3.0,0.0,Bajo
15094,Tepetlixpa,México,2025-07-01,2.0,0.0,Bajo
15095,Tepotzotlán,México,2025-05-01,45.0,0.0,Bajo
15095,Tepotzotlán,México,2025-06-01,39.0,0.0,Bajo
15095,Tepotzotlán,México,2025-07-01,37.0,0.0,Bajo
15096,Tequixquiac,México,2025-05-01,4.0,0.0,Bajo
15096,Tequixquiac,México,2025-06-01,4.0,0.0,Bajo
15096,Tequixquiac,México,2025-07-01,6.0,0.0,Bajo
15097,Texcaltitlán,México,2025-05-01,4.0,0.0,Bajo
15097,Texcaltitlán,México,2025-06-01,2.0,0.0,Bajo
15097,Texcaltitlán,México,2025-07-01,1.0,0.0,Bajo
15098,Texcalyacac,México,2025-05-01,0.0,0.0,Bajo
15098,Texcalyacac,México,2025-06-01,0.0,0.0,Bajo
15098,Texcalyacac,México,2025-07-01,0.0,0.0,Bajo
15099,Texcoco,México,2025-05-01,110.0,0.0,Medio
15099,Texcoco,México,2025-06-01,117.0,0.0,Medio
15099,Texcoco,México,2025-07-01,95.0,0.0,Bajo
15100,Tezoyuca,México,2025-05-01,19.0,0.0,Bajo
15100,Tezoyuca,México,2025-06-01,17.0,0.0,Bajo
15100,Tezoyuca,México,2025-07-01,9.0,0.0,Bajo
15101,Tianguistenco,México,2025-05-01,24.0,0.0,Bajo
15101,Tianguistenco,México,2025-06-01,16.0,0.0,Bajo
15101,Tianguistenco,México,2025-07-01,25.0,0.0,Bajo
15102,Timilpan,México,2025-05-01,1.0,0.0,Bajo
15102,Timilpan,México,2025-06-01,1.0,0.0,Bajo
15102,Timilpan,México,2025-07-01,1.0,0.0,Bajo
15103,Tlalmanalco,México,2025-05-01,15.0,0.0,Bajo
15103,Tlalmanalco,México,2025-06-01,12.0,0.0,Bajo
15103,Tlalmanalco,México,2025-07-01,8.0,0.0,Bajo
15104,Tlalnepantla de Baz,México,2025-05-01,401.0,0.0,Medio
15104,Tlalnepantla de Baz,México,2025-06-01,381.0,0.0,Medio
15104,Tlalnepantla de Baz,México,2025-07-01,366.0,0.0,Medio
15105,Tlatlaya,México,2025-05-01,0.0,0.0,Bajo
15105,Tlatlaya,México,2025-06-01,0.0,0.0,Bajo
15105,Tlatlaya,México,2025-07-01,0.0,0.0,Bajo
15106,Toluca,México,2025-05-01,546.0,0.0,Alto
15106,Toluca,México,2025-06-01,467.0,0.0,Alto
15106,Toluca,México,2025-07-01,489.0,0.0,Alto
15107,Tonatico,México,2025-05-01,1.0,0.0,Bajo
15107,Tonatico,México,2025-06-01,1.0,0.0,Bajo
15107,Tonatico,México,2025-07-01,2.0,0.0,Bajo
15108,Tultepec,México,2025-05-01,64.0,0.0,Bajo
15108,Tultepec,México,2025-06-01,77.0,0.0,Bajo
15108,Tultepec,México,2025-07-01,69.0,0.0,Bajo
15109,Tultitlán,México,2025-05-01,177.0,0.0,Medio
15109,Tultitlán,México,2025-06-01,228.0,1.0,Medio
15109,Tultitlán,México,2025-07-01,217.0,0.0,Medio
15110,Valle de Bravo,México,2025-05-01,13.0,0.0,Bajo
15110,Valle de Bravo,México,2025-06-01,13.0,0.0,Bajo
15110,Valle de Bravo,México,2025-07-01,10.0,0.0,Bajo
15111,Villa de Allende,México,2025-05-01,4.0,0.0,Bajo
15111,Villa de Allende,México,2025-06-01,4.0,0.0,Bajo
15111,Villa de Allende,México,2025-07-01,2.0,0.0,Bajo
15112,Villa del Carbón,México,2025-05-01,8.0,0.0,Bajo
15112,Villa del Carbón,México,2025-06-01,5.0,0.0,Bajo
15112,Villa del Carbón,México,2025-07-01,7.0,0.0,Bajo
15113,Villa Guerrero,México,2025-05-01,4.0,0.0,Bajo
15113,Villa Guerrero,México,2025-06-01,7.0,0.0,Bajo
15113,Villa Guerrero,México,2025-07-01,4.0,0.0,Bajo
15114,Villa Victoria,México,2025-05-01,9.0,0.0,Bajo
15114,Villa Victoria,México,2025-06-01,9.0,0.0,Bajo
15114,Villa Victoria,México,2025-07-01,5.0,0.0,Bajo
15115,Xonacatlán,México,2025-05-01,12.0,0.0,Bajo
15115,Xonacatlán,México,2025-06-01,20.0,0.0,Bajo
15115,Xonacatlán,México,2025-07-01,10.0,0.0,Bajo
15116,Zacazonapan,México,2025-05-01,1.0,0.0,Bajo
15116,Zacazonapan,México,2025-06-01,0.0,0.0,Bajo
15116,Zacazonapan,México,2025-07-01,0.0,0.0,Bajo
15117,Zacualpan,México,2025-05-01,1.0,0.0,Bajo
15117,Zacualpan,México,2025-06-01,0.0,0.0,Bajo
15117,Zacualpan,México,2025-07-01,0.0,0.0,Bajo
15118,Zinacantepec,México,2025-05-01,55.0,1.0,Bajo
15118,Zinacantepec,México,2025-06-01,41.0,0.0,Bajo
15118,Zinacantepec,México,2025-07-01,50.0,0.0,Bajo
15119,Zumpahuacán,México,2025-05-01,1.0,0.0,Bajo
15119,Zumpahuacán,México,2025-06-01,1.0,0.0,Bajo
15119,Zumpahuacán,México,2025-07-01,0.0,0.0,Bajo
15120,Zumpango,México,2025-05-01,101.0,0.0,Bajo
15120,Zumpango,México,2025-06-01,118.0,0.0,Medio
15120,Zumpango,México,2025-07-01,122.0,0.0,Medio
15121,Cuautitlán Izcalli,México,2025-05-01,274.0,0.0,Medio
15121,Cuautitlán Izcalli,México,2025-06-01,329.0,0.0,Medio
15121,Cuautitlán Izcalli,México,2025-07-01,335.0,0.0,Medio
15122,Valle de Chalco Solidaridad,México,2025-05-01,209.0,0.0,Medio
15122,Valle de Chalco Solidaridad,México,2025-06-01,181.0,0.0,Medio
15122,Valle de Chalco Solidaridad,México,2025-07-01,169.0,0.0,Medio
15123,Luvianos,México,2025-05-01,0.0,0.0,Bajo
15123,Luvianos,México,2025-06-01,0.0,0.0,Bajo
15123,Luvianos,México,2025-07-01,0.0,0.0,Bajo
15124,San José del Rincón,México,2025-05-01,1.0,0.0,Bajo
15124,San José del Rincón,México,2025-06-01,7.0,0.0,Bajo
15124,San José del Rincón,México,2025-07-01,4.0,0.0,Bajo
15125,Tonanitla,México,2025-05-01,5.0,0.0,Bajo
15125,Tonanitla,México,2025-06-01,4.0,0.0,Bajo
15125,Tonanitla,México,2025-07-01,5.0,0.0,Bajo
18001,Acaponeta,Nayarit,2025-05-01,3.0,0.0,Bajo
18001,Acaponeta,Nayarit,2025-06-01,0.0,0.0,Bajo
18001,Acaponeta,Nayarit,2025-07-01,3.0,0.0,Bajo
18002,Ahuacatlán,Nayarit,2025-05-01,0.0,0.0,Bajo
18002,Ahuacatlán,Nayarit,2025-06-01,1.0,0.0,Bajo
18002,Ahuacatlán,Nayarit,2025-07-01,2.0,0.0,Bajo
18003,Amatlán de Cañas,Nayarit,2025-05-01,0.0,0.0,Bajo
18003,Amatlán de Cañas,Nayarit,2025-06-01,0.0,0.0,Bajo
18003,Amatlán de Cañas,Nayarit,2025-07-01,0.0,0.0,Bajo
18004,Compostela,Nayarit,2025-05-01,6.0,0.0,Bajo
18004,Compostela,Nayarit,2025-06-01,9.0,0.0,Bajo
18004,Compostela,Nayarit,2025-07-01,6.0,0.0,Bajo
18005,Huajicori,Nayarit,2025-05-01,2.0,0.0,Bajo
18005,Huajicori,Nayarit,2025-06-01,1.0,0.0,Bajo
18005,Huajicori,Nayarit,2025-07-01,0.0,0.0,Bajo
18006,Ixtlán del Río,Nayarit,2025-05-01,1.0,0.0,Bajo
18006,Ixtlán del Río,Nayarit,2025-06-01,1.0,0.0,Bajo
18006,Ixtlán del Río,Nayarit,2025-07-01,0.0,0.0,Bajo
18007,Jala,Nayarit,2025-05-01,0.0,0.0,Bajo
18007,Jala,Nayarit,2025-06-01,0.0,0.0,Bajo
18007,Jala,Nayarit,2025-07-01,0.0,0.0,Bajo
18008,Xalisco,Nayarit,2025-05-01,8.0,0.0,Bajo
18008,Xalisco,Nayarit,2025-06-01,0.0,0.0,Bajo
18008,Xalisco,Nayarit,2025-07-01,4.0,0.0,Bajo
18009,Del Nayar,Nayarit,2025-05-01,0.0,0.0,Bajo
18009,Del Nayar,Nayarit,2025-06-01,1.0,0.0,Bajo
18009,Del Nayar,Nayarit,2025-07-01,0.0,0.0,Bajo
18010,Rosamorada,Nayarit,2025-05-01,2.0,0.0,Bajo
18010,Rosamorada,Nayarit,2025-06-01,0.0,0.0,Bajo
18010,Rosamorada,Nayarit,2025-07-01,3.0,0.0,Bajo
18011,Ruíz,Nayarit,2025-05-01,1.0,0.0,Bajo
18011,Ruíz,Nayarit,2025-06-01,3.0,0.0,Bajo
18011,Ruíz,Nayarit,2025-07-01,1.0,0.0,Bajo
18012,San Blas,Nayarit,2025-05-01,3.0,0.0,Bajo
18012,San Blas,Nayarit,2025-06-01,2.0,0.0,Bajo
18012,San Blas,Nayarit,2025-07-01,1.0,0.0,Bajo
18013,San Pedro Lagunillas,Nayarit,2025-05-01,0.0,0.0,Bajo
18013,San Pedro Lagunillas,Nayarit,2025-06-01,0.0,0.0,Bajo
18013,San Pedro Lagunillas,Nayarit,2025-07-01,0.0,0.0,Bajo
18014,Santa María del Oro,Nayarit,2025-05-01,3.0,0.0,Bajo
18014,Santa María del Oro,Nayarit,2025-06-01,0.0,0.0,Bajo
18014,Santa María del Oro,Nayarit,2025-07-01,0.0,0.0,Bajo
18015,Santiago Ixcuintla,Nayarit,2025-05-01,4.0,0.0,Bajo
18015,Santiago Ixcuintla,Nayarit,2025-06-01,3.0,0.0,Bajo
18015,Santiago Ixcuintla,Nayarit,2025-07-01,4.0,0.0,Bajo
18016,Tecuala,Nayarit,2025-05-01,2.0,0.0,Bajo
18016,Tecuala,Nayarit,2025-06-01,3.0,0.0,Bajo
18016,Tecuala,Nayarit,2025-07-01,1.0,1.0,Bajo
18017,Tepic,Nayarit,2025-05-01,29.0,0.0,Bajo
18017,Tepic,Nayarit,2025-06-01,36.0,1.0,Bajo
18017,Tepic,Nayarit,2025-07-01,54.0,0.0,Bajo
18018,Tuxpan,Nayarit,2025-05-01,2.0,0.0,Bajo
18018,Tuxpan,Nayarit,2025-06-01,0.0,0.0,Bajo
18018,Tuxpan,Nayarit,2025-07-01,0.0,0.0,Bajo
18019,La Yesca,Nayarit,2025-05-01,0.0,0.0,Bajo
18019,La Yesca,Nayarit,2025-06-01,0.0,0.0,Bajo
18019,La Yesca,Nayarit,2025-07-01,0.0,0.0,Bajo
18020,Bahía de Banderas,Nayarit,2025-05-01,19.0,0.0,Bajo
18020,Bahía de Banderas,Nayarit,2025-06-01,7.0,0.0,Bajo
18020,Bahía de Banderas,Nayarit,2025-07-01,22.0,0.0,Bajo
19001,Abasolo,Nuevo León,2025-05-01,0.0,0.0,Bajo
19001,Abasolo,Nuevo León,2025-06-01,0.0,0.0,Bajo
19001,Abasolo,Nuevo León,2025-07-01,0.0,0.0,Bajo
19002,Agualeguas,Nuevo León,2025-05-01,0.0,0.0,Bajo
19002,Agualeguas,Nuevo León,2025-06-01,0.0,0.0,Bajo
19002,Agualeguas,Nuevo León,2025-07-01,0.0,0.0,Bajo
19003,Los Aldamas,Nuevo León,2025-05-01,0.0,0.0,Bajo
19003,Los Aldamas,Nuevo León,2025-06-01,0.0,0.0,Bajo
19003,Los Aldamas,Nuevo León,2025-07-01,0.0,0.0,Bajo
19004,Allende,Nuevo León,2025-05-01,3.0,0.0,Bajo
19004,Allende,Nuevo León,2025-06-01,4.0,0.0,Bajo
19004,Allende,Nuevo León,2025-07-01,5.0,0.0,Bajo
19005,Anáhuac,Nuevo León,2025-05-01,2.0,0.0,Bajo
19005,Anáhuac,Nuevo León,2025-06-01,1.0,0.0,Bajo
19005,Anáhuac,Nuevo León,2025-07-01,0.0,0.0,Bajo
19006,Apodaca,Nuevo León,2025-05-01,37.0,0.0,Bajo
19006,Apodaca,Nuevo León,2025-06-01,42.0,0.0,Bajo
19006,Apodaca,Nuevo León,2025-07-01,40.0,0.0,Bajo
19007,Aramberri,Nuevo León,2025-05-01,1.0,0.0,Bajo
19007,Aramberri,Nuevo León,2025-06-01,0.0,0.0,Bajo
19007,Aramberri,Nuevo León,2025-07-01,0.0,0.0,Bajo
19008,Bustamante,Nuevo León,2025-05-01,0.0,0.0,Bajo
19008,Bustamante,Nuevo León,2025-06-01,0.0,0.0,Bajo
19008,Bustamante,Nuevo León,2025-07-01,0.0,0.0,Bajo
19009,Cadereyta Jiménez,Nuevo León,2025-05-01,8.0,0.0,Bajo
19009,Cadereyta Jiménez,Nuevo León,2025-06-01,11.0,0.0,Bajo
19009,Cadereyta Jiménez,Nuevo León,2025-07-01,5.0,0.0,Bajo
19010,El Carmen,Nuevo León,2025-05-01,7.0,0.0,Bajo
19010,El Carmen,Nuevo León,2025-06-01,7.0,0.0,Bajo
19010,El Carmen,Nuevo León,2025-07-01,7.0,0.0,Bajo
19011,Cerralvo,Nuevo León,2025-05-01,0.0,0.0,Bajo
19011,Cerralvo,Nuevo León,2025-06-01,0.0,0.0,Bajo
19011,Cerralvo,Nuevo León,2025-07-01,1.0,0.0,Bajo
19012,Ciénega de Flores,Nuevo León,2025-05-01,9.0,0.0,Bajo
19012,Ciénega de Flores,Nuevo León,2025-06-01,9.0,0.0,Bajo
19012,Ciénega de Flores,Nuevo León,2025-07-01,8.0,0.0,Bajo
19013,China,Nuevo León,2025-05-01,4.0,1.0,Bajo
19013,China,Nuevo León,2025-06-01,0.0,0.0,Bajo
19013,China,Nuevo León,2025-07-01,0.0,0.0,Bajo
19014,Doctor Arroyo,Nuevo León,2025-05-01,3.0,0.0,Bajo
19014,Doctor Arroyo,Nuevo León,2025-06-01,4.0,0.0,Bajo
19014,Doctor Arroyo,Nuevo León,2025-07-01,1.0,0.0,Bajo
19015,Doctor Coss,Nuevo León,2025-05-01,0.0,0.0,Bajo
19015,Doctor Coss,Nuevo León,2025-06-01,0.0,0.0,Bajo
19015,Doctor Coss,Nuevo León,2025-07-01,0.0,0.0,Bajo
19016,Doctor González,Nuevo León,2025-05-01,0.0,0.0,Bajo
19016,Doctor González,Nuevo León,2025-06-01,0.0,0.0,Bajo
19016,Doctor González,Nuevo León,2025-07-01,1.0,0.0,Bajo
19017,Galeana,Nuevo León,2025-05-01,6.0,0.0,Bajo
19017,Galeana,Nuevo León,2025-06-01,9.0,0.0,Bajo
19017,Galeana,Nuevo León,2025-07-01,4.0,0.0,Bajo
19018,García,Nuevo León,2025-05-01,26.0,0.0,Bajo
19018,García,Nuevo León,2025-06-01,39.0,0.0,Bajo
19018,García,Nuevo León,2025-07-01,33.0,0.0,Bajo
19019,San Pedro Garza García,Nuevo León,2025-05-01,12.0,0.0,Bajo
19019,San Pedro Garza García,Nuevo León,2025-06-01,17.0,0.0,Bajo
19019,San Pedro Garza García,Nuevo León,2025-07-01,10.0,0.0,Bajo
19020,General Bravo,Nuevo León,2025-05-01,1.0,0.0,Bajo
19020,General Bravo,Nuevo León,2025-06-01,2.0,0.0,Bajo
19020,General Bravo,Nuevo León,2025-07-01,1.0,0.0,Bajo
19021,General Escobedo,Nuevo León,2025-05-01,44.0,0.0,Bajo
19021,General Escobedo,Nuevo León,2025-06-01,32.0,0.0,Bajo
19021,General Escobedo,Nuevo León,2025-07-01,23.0,0.0,Bajo
19022,General Terán,Nuevo León,2025-05-01,3.0,0.0,Bajo
19022,General Terán,Nuevo León,2025-06-01,2.0,0.0,Bajo
19022,General Terán,Nuevo León,2025-07-01,2.0,0.0,Bajo
19023,General Treviño,Nuevo León,2025-05-01,0.0,0.0,Bajo
19023,General Treviño,Nuevo León,2025-06-01,0.0,0.0,Bajo
19023,General Treviño,Nuevo León,2025-07-01,1.0,0.0,Bajo
19024,General Zaragoza,Nuevo León,2025-05-01,0.0,0.0,Bajo
19024,General Zaragoza,Nuevo León,2025-06-01,0.0,0.0,Bajo
19024,General Zaragoza,Nuevo León,2025-07-01,0.0,0.0,Bajo
19025,General Zuazua,Nuevo León,2025-05-01,10.0,0.0,Bajo
19025,General Zuazua,Nuevo León,2025-06-01,5.0,0.0,Bajo
19025,General Zuazua,Nuevo León,2025-07-01,5.0,0.0,Bajo
19026,Guadalupe,Nuevo León,2025-05-01,62.0,0.0,Bajo
19026,Guadalupe,Nuevo León,2025-06-01,73.0,0.0,Bajo
19026,Guadalupe,Nuevo León,2025-07-01,54.0,0.0,Bajo
19027,Los Herreras,Nuevo León,2025-05-01,0.0,0.0,Bajo
19027,Los Herreras,Nuevo León,2025-06-01,0.0,0.0,Bajo
19027,Los Herreras,Nuevo León,2025-07-01,0.0,0.0,Bajo
19028,Higueras,Nuevo León,2025-05-01,0.0,0.0,Bajo
19028,Higueras,Nuevo León,2025-06-01,0.0,0.0,Bajo
19028,Higueras,Nuevo León,2025-07-01,0.0,0.0,Bajo
19029,Hualahuises,Nuevo León,2025-05-01,0.0,0.0,Bajo
19029,Hualahuises,Nuevo León,2025-06-01,0.0,0.0,Bajo
19029,Hualahuises,Nuevo León,2025-07-01,0.0,0.0,Bajo
19030,Iturbide,Nuevo León,2025-05-01,0.0,0.0,Bajo
19030,Iturbide,Nuevo León,2025-06-01,0.0,0.0,Bajo
19030,Iturbide,Nuevo León,2025-07-01,0.0,0.0,Bajo
19031,Juárez,Nuevo León,2025-05-01,43.0,0.0,Bajo
19031,Juárez,Nuevo León,2025-06-01,48.0,0.0,Bajo
19031,Juárez,Nuevo León,2025-07-01,45.0,0.0,Bajo
19032,Lampazos de Naranjo,Nuevo León,2025-05-01,0.0,0.0,Bajo
19032,Lampazos de Naranjo,Nuevo León,2025-06-01,0.0,0.0,Bajo
19032,Lampazos de Naranjo,Nuevo León,2025-07-01,0.0,0.0,Bajo
19033,Linares,Nuevo León,2025-05-01,4.0,0.0,Bajo
19033,Linares,Nuevo León,2025-06-01,2.0,0.0,Bajo
19033,Linares,Nuevo León,2025-07-01,4.0,0.0,Bajo
19034,Marín,Nuevo León,2025-05-01,1.0,0.0,Bajo
19034,Marín,Nuevo León,2025-06-01,0.0,0.0,Bajo
19034,Marín,Nuevo León,2025-07-01,0.0,0.0,Bajo
19035,Melchor Ocampo,Nuevo León,2025-05-01,0.0,0.0,Bajo
19035,Melchor Ocampo,Nuevo León,2025-06-01,0.0,0.0,Bajo
19035,Melchor Ocampo,Nuevo León,2025-07-01,0.0,0.0,Bajo
19036,Mier y Noriega,Nuevo León,2025-05-01,0.0,0.0,Bajo
19036,Mier y Noriega,Nuevo León,2025-06-01,0.0,0.0,Bajo
19036,Mier y Noriega,Nuevo León,2025-07-01,0.0,0.0,Bajo
19037,Mina,Nuevo León,2025-05-01,0.0,0.0,Bajo
19037,Mina,Nuevo León,2025-06-01,0.0,0.0,Bajo
19037,Mina,Nuevo León,2025-07-01,2.0,0.0,Bajo
19038,Montemorelos,Nuevo León,2025-05-01,19.0,0.0,Bajo
19038,Montemorelos,Nuevo León,2025-06-01,5.0,0.0,Bajo
19038,Montemorelos,Nuevo León,2025-07-01,13.0,0.0,Bajo
19039,Monterrey,Nuevo León,2025-05-01,168.0,0.0,Medio
19039,Monterrey,Nuevo León,2025-06-01,196.0,0.0,Medio
19039,Monterrey,Nuevo León,2025-07-01,183.0,0.0,Medio
19040,Parás,Nuevo León,2025-05-01,0.0,0.0,Bajo
19040,Parás,Nuevo León,2025-06-01,0.0,0.0,Bajo
19040,Parás,Nuevo León,2025-07-01,0.0,0.0,Bajo
19041,Pesquería,Nuevo León,2025-05-01,13.0,0.0,Bajo
19041,Pesquería,Nuevo León,2025-06-01,8.0,0.0,Bajo
19041,Pesquería,Nuevo León,2025-07-01,14.0,0.0,Bajo
19042,Los Ramones,Nuevo León,2025-05-01,0.0,0.0,Bajo
19042,Los Ramones,Nuevo León,2025-06-01,0.0,0.0,Bajo
19042,Los Ramones,Nuevo León,2025-07-01,0.0,0.0,Bajo
19043,Rayones,Nuevo León,2025-05-01,0.0,0.0,Bajo
19043,Rayones,Nuevo León,2025-06-01,0.0,0.0,Bajo
19043,Rayones,Nuevo León,2025-07-01,0.0,0.0,Bajo
19044,Sabinas Hidalgo,Nuevo León,2025-05-01,1.0,0.0,Bajo
19044,Sabinas Hidalgo,Nuevo León,2025-06-01,4.0,0.0,Bajo
19044,Sabinas Hidalgo,Nuevo León,2025-07-01,1.0,0.0,Bajo
19045,Salinas Victoria,Nuevo León,2025-05-01,10.0,0.0,Bajo
19045,Salinas Victoria,Nuevo León,2025-06-01,13.0,0.0,Bajo
19045,Salinas Victoria,Nuevo León,2025-07-01,21.0,0.0,Bajo
19046,San Nicolás de los Garza,Nuevo León,2025-05-01,31.0,0.0,Bajo
19046,San Nicolás de los Garza,Nuevo León,2025-06-01,34.0,0.0,Bajo
19046,San Nicolás de los Garza,Nuevo León,2025-07-01,25.0,0.0,Bajo
19047,Hidalgo,Nuevo León,2025-05-01,0.0,0.0,Bajo
19047,Hidalgo,Nuevo León,2025-06-01,2.0,0.0,Bajo
19047,Hidalgo,Nuevo León,2025-07-01,0.0,0.0,Bajo
19048,Santa Catarina,Nuevo León,2025-05-01,16.0,0.0,Bajo
19048,Santa Catarina,Nuevo León,2025-06-01,16.0,0.0,Bajo
19048,Santa Catarina,Nuevo León,2025-07-01,15.0,1.0,Bajo
19049,Santiago,Nuevo León,2025-05-01,7.0,0.0,Bajo
19049,Santiago,Nuevo León,2025-06-01,7.0,0.0,Bajo
19049,Santiago,Nuevo León,2025-07-01,5.0,0.0,Bajo
19050,Vallecillo,Nuevo León,2025-05-01,0.0,0.0,Bajo
19050,Vallecillo,Nuevo León,2025-06-01,0.0,0.0,Bajo
19050,Vallecillo,Nuevo León,2025-07-01,2.0,0.0,Bajo
19051,Villaldama,Nuevo León,2025-05-01,1.0,0.0,Bajo
19051,Villaldama,Nuevo León,2025-06-01,0.0,0.0,Bajo
19051,Villaldama,Nuevo León,2025-07-01,0.0,0.0,Bajo
20001,Abejones,Oaxaca,2025-05-01,0.0,0.0,Bajo
20001,Abejones,Oaxaca,2025-06-01,0.0,0.0,Bajo
20001,Abejones,Oaxaca,2025-07-01,0.0,0.0,Bajo
20002,Acatlán de Pérez Figueroa,Oaxaca,2025-05-01,1.0,0.0,Bajo
20002,Acatlán de Pérez Figueroa,Oaxaca,2025-06-01,0.0,0.0,Bajo
20002,Acatlán de Pérez Figueroa,Oaxaca,2025-07-01,0.0,0.0,Bajo
20003,Asunción Cacalotepec,Oaxaca,2025-05-01,0.0,0.0,Bajo
20003,Asunción Cacalotepec,Oaxaca,2025-06-01,0.0,0.0,Bajo
20003,Asunción Cacalotepec,Oaxaca,2025-07-01,0.0,0.0,Bajo
20004,Asunción Cuyotepeji,Oaxaca,2025-05-01,0.0,0.0,Bajo
20004,Asunción Cuyotepeji,Oaxaca,2025-06-01,0.0,0.0,Bajo
20004,Asunción Cuyotepeji,Oaxaca,2025-07-01,0.0,0.0,Bajo
20005,Asunción Ixtaltepec,Oaxaca,2025-05-01,0.0,0.0,Bajo
20005,Asunción Ixtaltepec,Oaxaca,2025-06-01,0.0,0.0,Bajo
20005,Asunción Ixtaltepec,Oaxaca,2025-07-01,1.0,0.0,Bajo
20006,Asunción Nochixtlán,Oaxaca,2025-05-01,1.0,0.0,Bajo
20006,Asunción Nochixtlán,Oaxaca,2025-06-01,3.0,0.0,Bajo
20006,Asunción Nochixtlán,Oaxaca,2025-07-01,5.0,0.0,Bajo
20007,Asunción Ocotlán,Oaxaca,2025-05-01,2.0,0.0,Bajo
20007,Asunción Ocotlán,Oaxaca,2025-06-01,0.0,0.0,Bajo
20007,Asunción Ocotlán,Oaxaca,2025-07-01,0.0,0.0,Bajo
20008,Asunción Tlacolulita,Oaxaca,2025-05-01,0.0,0.0,Bajo
20008,Asunción Tlacolulita,Oaxaca,2025-06-01,0.0,0.0,Bajo
20008,Asunción Tlacolulita,Oaxaca,2025-07-01,0.0,0.0,Bajo
20009,Ayotzintepec,Oaxaca,2025-05-01,0.0,0.0,Bajo
20009,Ayotzintepec,Oaxaca,2025-06-01,1.0,0.0,Bajo
20009,Ayotzintepec,Oaxaca,2025-07-01,0.0,0.0,Bajo
20010,El Barrio de la Soledad,Oaxaca,2025-05-01,0.0,0.0,Bajo
20010,El Barrio de la Soledad,Oaxaca,2025-06-01,0.0,0.0,Bajo
20010,El Barrio de la Soledad,Oaxaca,2025-07-01,0.0,0.0,Bajo
20011,Calihualá,Oaxaca,2025-05-01,0.0,0.0,Bajo
20011,Calihualá,Oaxaca,2025-06-01,0.0,0.0,Bajo
20011,Calihualá,Oaxaca,2025-07-01,0.0,0.0,Bajo
20012,Candelaria Loxicha,Oaxaca,2025-05-01,1.0,0.0,Bajo
20012,Candelaria Loxicha,Oaxaca,2025-06-01,0.0,0.0,Bajo
20012,Candelaria Loxicha,Oaxaca,2025-07-01,2.0,0.0,Bajo
20013,Ciénega de Zimatlán,Oaxaca,2025-05-01,1.0,0.0,Bajo
20013,Ciénega de Zimatlán,Oaxaca,2025-06-01,0.0,0.0,Bajo
20013,Ciénega de Zimatlán,Oaxaca,2025-07-01,1.0,0.0,Bajo
20014,Ciudad Ixtepec,Oaxaca,2025-05-01,3.0,0.0,Bajo
20014,Ciudad Ixtepec,Oaxaca,2025-06-01,2.0,0.0,Bajo
20014,Ciudad Ixtepec,Oaxaca,2025-07-01,0.0,0.0,Bajo
20015,Coatecas Altas,Oaxaca,2025-05-01,0.0,0.0,Bajo
20015,Coatecas Altas,Oaxaca,2025-06-01,0.0,0.0,Bajo
20015,Coatecas Altas,Oaxaca,2025-07-01,0.0,0.0,Bajo
20016,Coicoyán de las Flores,Oaxaca,2025-05-01,0.0,0.0,Bajo
20016,Coicoyán de las Flores,Oaxaca,2025-06-01,0.0,0.0,Bajo
20016,Coicoyán de las Flores,Oaxaca,2025-07-01,0.0,0.0,Bajo
20017,La Compañía,Oaxaca,2025-05-01,1.0,0.0,Bajo
20017,La Compañía,Oaxaca,2025-06-01,0.0,0.0,Bajo
20017,La Compañía,Oaxaca,2025-07-01,0.0,0.0,Bajo
20018,Concepción Buenavista,Oaxaca,2025-05-01,0.0,0.0,Bajo
20018,Concepción Buenavista,Oaxaca,2025-06-01,1.0,0.0,Bajo
20018,Concepción Buenavista,Oaxaca,2025-07-01,0.0,0.0,Bajo
20019,Concepción Pápalo,Oaxaca,2025-05-01,0.0,0.0,Bajo
20019,Concepción Pápalo,Oaxaca,2025-06-01,0.0,0.0,Bajo
20019,Concepción Pápalo,Oaxaca,2025-07-01,0.0,0.0,Bajo
20020,Constancia del Rosario,Oaxaca,2025-05-01,0.0,0.0,Bajo
20020,Constancia del Rosario,Oaxaca,2025-06-01,0.0,0.0,Bajo
20020,Constancia del Rosario,Oaxaca,2025-07-01,0.0,0.0,Bajo
20021,Cosolapa,Oaxaca,2025-05-01,0.0,0.0,Bajo
20021,Cosolapa,Oaxaca,2025-06-01,0.0,0.0,Bajo
20021,Cosolapa,Oaxaca,2025-07-01,1.0,0.0,Bajo
20022,Cosoltepec,Oaxaca,2025-05-01,0.0,0.0,Bajo
20022,Cosoltepec,Oaxaca,2025-06-01,0.0,0.0,Bajo
20022,Cosoltepec,Oaxaca,2025-07-01,0.0,0.0,Bajo
20023,Cuilápam de Guerrero,Oaxaca,2025-05-01,2.0,0.0,Bajo
20023,Cuilápam de Guerrero,Oaxaca,2025-06-01,2.0,0.0,Bajo
20023,Cuilápam de Guerrero,Oaxaca,2025-07-01,1.0,0.0,Bajo
20024,Cuyamecalco Villa de Zaragoza,Oaxaca,2025-05-01,0.0,0.0,Bajo
20024,Cuyamecalco Villa de Zaragoza,Oaxaca,2025-06-01,0.0,0.0,Bajo
20024,Cuyamecalco Villa de Zaragoza,Oaxaca,2025-07-01,1.0,0.0,Bajo
20025,Chahuites,Oaxaca,2025-05-01,1.0,0.0,Bajo
20025,Chahuites,Oaxaca,2025-06-01,0.0,0.0,Bajo
20025,Chahuites,Oaxaca,2025-07-01,1.0,0.0,Bajo
20026,Chalcatongo de Hidalgo,Oaxaca,2025-05-01,0.0,0.0,Bajo
20026,Chalcatongo de Hidalgo,Oaxaca,2025-06-01,0.0,0.0,Bajo
20026,Chalcatongo de Hidalgo,Oaxaca,2025-07-01,0.0,0.0,Bajo
20027,Chiquihuitlán de Benito Juárez,Oaxaca,2025-05-01,0.0,0.0,Bajo
20027,Chiquihuitlán de Benito Juárez,Oaxaca,2025-06-01,0.0,0.0,Bajo
20027,Chiquihuitlán de Benito Juárez,Oaxaca,2025-07-01,1.0,0.0,Bajo
20028,Heroica Ciudad de Ejutla de Crespo,Oaxaca,2025-05-01,6.0,0.0,Bajo
20028,Heroica Ciudad de Ejutla de Crespo,Oaxaca,2025-06-01,3.0,0.0,Bajo
20028,Heroica Ciudad de Ejutla de Crespo,Oaxaca,2025-07-01,4.0,0.0,Bajo
20029,Eloxochitlán de Flores Magón,Oaxaca,2025-05-01,0.0,0.0,Bajo
20029,Eloxochitlán de Flores Magón,Oaxaca,2025-06-01,0.0,0.0,Bajo
20029,Eloxochitlán de Flores Magón,Oaxaca,2025-07-01,0.0,0.0,Bajo
20030,El Espinal,Oaxaca,2025-05-01,2.0,0.0,Bajo
20030,El Espinal,Oaxaca,2025-06-01,0.0,0.0,Bajo
20030,El Espinal,Oaxaca,2025-07-01,0.0,0.0,Bajo
20031,Tamazulápam del Espíritu Santo,Oaxaca,2025-05-01,0.0,0.0,Bajo
20031,Tamazulápam del Espíritu Santo,Oaxaca,2025-06-01,0.0,0.0,Bajo
20031,Tamazulápam del Espíritu Santo,Oaxaca,2025-07-01,0.0,0.0,Bajo
20032,Fresnillo de Trujano,Oaxaca,2025-05-01,0.0,0.0,Bajo
20032,Fresnillo de Trujano,Oaxaca,2025-06-01,0.0,0.0,Bajo
20032,Fresnillo de Trujano,Oaxaca,2025-07-01,0.0,0.0,Bajo
20033,Guadalupe Etla,Oaxaca,2025-05-01,0.0,0.0,Bajo
20033,Guadalupe Etla,Oaxaca,2025-06-01,1.0,0.0,Bajo
20033,Guadalupe Etla,Oaxaca,2025-07-01,0.0,0.0,Bajo
20034,Guadalupe de Ramírez,Oaxaca,2025-05-01,0.0,0.0,Bajo
20034,Guadalupe de Ramírez,Oaxaca,2025-06-01,0.0,0.0,Bajo
20034,Guadalupe de Ramírez,Oaxaca,2025-07-01,0.0,0.0,Bajo
20035,Guelatao de Juárez,Oaxaca,2025-05-01,0.0,0.0,Bajo
20035,Guelatao de Juárez,Oaxaca,2025-06-01,0.0,0.0,Bajo
20035,Guelatao de Juárez,Oaxaca,2025-07-01,0.0,0.0,Bajo
20036,Guevea de Humboldt,Oaxaca,2025-05-01,0.0,0.0,Bajo
20036,Guevea de Humboldt,Oaxaca,2025-06-01,0.0,0.0,Bajo
20036,Guevea de Humboldt,Oaxaca,2025-07-01,0.0,0.0,Bajo
20037,Mesones Hidalgo,Oaxaca,2025-05-01,0.0,0.0,Bajo
20037,Mesones Hidalgo,Oaxaca,2025-06-01,0.0,0.0,Bajo
20037,Mesones Hidalgo,Oaxaca,2025-07-01,0.0,0.0,Bajo
20038,Villa Hidalgo,Oaxaca,2025-05-01,0.0,0.0,Bajo
20038,Villa Hidalgo,Oaxaca,2025-06-01,0.0,0.0,Bajo
20038,Villa Hidalgo,Oaxaca,2025-07-01,0.0,0.0,Bajo
20039,Heroica Ciudad de Huajuapan de León,Oaxaca,2025-05-01,14.0,0.0,Bajo
20039,Heroica Ciudad de Huajuapan de León,Oaxaca,2025-06-01,8.0,0.0,Bajo
20039,Heroica Ciudad de Huajuapan de León,Oaxaca,2025-07-01,18.0,0.0,Bajo
20040,Huautepec,Oaxaca,2025-05-01,0.0,0.0,Bajo
20040,Huautepec,Oaxaca,2025-06-01,0.0,0.0,Bajo
20040,Huautepec,Oaxaca,2025-07-01,0.0,0.0,Bajo
20041,Huautla de Jiménez,Oaxaca,2025-05-01,2.0,0.0,Bajo
20041,Huautla de Jiménez,Oaxaca,2025-06-01,1.0,0.0,Bajo
20041,Huautla de Jiménez,Oaxaca,2025-07-01,0.0,0.0,Bajo
20042,Ixtlán de Juárez,Oaxaca,2025-05-01,0.0,0.0,Bajo
20042,Ixtlán de Juárez,Oaxaca,2025-06-01,0.0,0.0,Bajo
20042,Ixtlán de Juárez,Oaxaca,2025-07-01,0.0,0.0,Bajo
20043,Heroica Ciudad de Juchitán de Zaragoza,Oaxaca,2025-05-01,6.0,0.0,Bajo
20043,Heroica Ciudad de Juchitán de Zaragoza,Oaxaca,2025-06-01,7.0,0.0,Bajo
20043,Heroica Ciudad de Juchitán de Zaragoza,Oaxaca,2025-07-01,13.0,0.0,Bajo
20044,Loma Bonita,Oaxaca,2025-05-01,1.0,0.0,Bajo
20044,Loma Bonita,Oaxaca,2025-06-01,3.0,0.0,Bajo
20044,Loma Bonita,Oaxaca,2025-07-01,5.0,1.0,Bajo
20045,Magdalena Apasco,Oaxaca,2025-05-01,0.0,0.0,Bajo
20045,Magdalena Apasco,Oaxaca,2025-06-01,2.0,0.0,Bajo
20045,Magdalena Apasco,Oaxaca,2025-07-01,1.0,0.0,Bajo
20046,Magdalena Jaltepec,Oaxaca,2025-05-01,0.0,0.0,Bajo
20046,Magdalena Jaltepec,Oaxaca,2025-06-01,0.0,0.0,Bajo
20046,Magdalena Jaltepec,Oaxaca,2025-07-01,0.0,0.0,Bajo
20047,Santa Magdalena Jicotlán,Oaxaca,2025-05-01,0.0,0.0,Bajo
20047,Santa Magdalena Jicotlán,Oaxaca,2025-06-01,0.0,0.0,Bajo
20047,Santa Magdalena Jicotlán,Oaxaca,2025-07-01,0.0,0.0,Bajo
20048,Magdalena Mixtepec,Oaxaca,2025-05-01,0.0,0.0,Bajo
20048,Magdalena Mixtepec,Oaxaca,2025-06-01,0.0,0.0,Bajo
20048,Magdalena Mixtepec,Oaxaca,2025-07-01,0.0,0.0,Bajo
20049,Magdalena Ocotlán,Oaxaca,2025-05-01,0.0,0.0,Bajo
20049,Magdalena Ocotlán,Oaxaca,2025-06-01,0.0,0.0,Bajo
20049,Magdalena Ocotlán,Oaxaca,2025-07-01,0.0,0.0,Bajo
20050,Magdalena Peñasco,Oaxaca,2025-05-01,0.0,0.0,Bajo
20050,Magdalena Peñasco,Oaxaca,2025-06-01,0.0,0.0,Bajo
20050,Magdalena Peñasco,Oaxaca,2025-07-01,0.0,0.0,Bajo
20051,Magdalena Teitipac,Oaxaca,2025-05-01,0.0,0.0,Bajo
20051,Magdalena Teitipac,Oaxaca,2025-06-01,0.0,0.0,Bajo
20051,Magdalena Teitipac,Oaxaca,2025-07-01,0.0,0.0,Bajo
20052,Magdalena Tequisistlán,Oaxaca,2025-05-01,0.0,0.0,Bajo
20052,Magdalena Tequisistlán,Oaxaca,2025-06-01,3.0,0.0,Bajo
20052,Magdalena Tequisistlán,Oaxaca,2025-07-01,0.0,0.0,Bajo
20053,Magdalena Tlacotepec,Oaxaca,2025-05-01,0.0,0.0,Bajo
20053,Magdalena Tlacotepec,Oaxaca,2025-06-01,0.0,0.0,Bajo
20053,Magdalena Tlacotepec,Oaxaca,2025-07-01,0.0,0.0,Bajo
20054,Magdalena Zahuatlán,Oaxaca,2025-05-01,0.0,0.0,Bajo
20054,Magdalena Zahuatlán,Oaxaca,2025-06-01,0.0,0.0,Bajo
20054,Magdalena Zahuatlán,Oaxaca,2025-07-01,0.0,0.0,Bajo
20055,Mariscala de Juárez,Oaxaca,2025-05-01,0.0,0.0,Bajo
20055,Mariscala de Juárez,Oaxaca,2025-06-01,1.0,0.0,Bajo
20055,Mariscala de Juárez,Oaxaca,2025-07-01,0.0,0.0,Bajo
20056,Mártires de Tacubaya,Oaxaca,2025-05-01,0.0,0.0,Bajo
20056,Mártires de Tacubaya,Oaxaca,2025-06-01,0.0,0.0,Bajo
20056,Mártires de Tacubaya,Oaxaca,2025-07-01,0.0,0.0,Bajo
20057,Matías Romero Avendaño,Oaxaca,2025-05-01,0.0,0.0,Bajo
20057,Matías Romero Avendaño,Oaxaca,2025-06-01,0.0,0.0,Bajo
20057,Matías Romero Avendaño,Oaxaca,2025-07-01,1.0,0.0,Bajo
20058,Mazatlán Villa de Flores,Oaxaca,2025-05-01,0.0,0.0,Bajo
20058,Mazatlán Villa de Flores,Oaxaca,2025-06-01,0.0,0.0,Bajo
20058,Mazatlán Villa de Flores,Oaxaca,2025-07-01,0.0,0.0,Bajo
20059,Miahuatlán de Porfirio Díaz,Oaxaca,2025-05-01,5.0,0.0,Bajo
20059,Miahuatlán de Porfirio Díaz,Oaxaca,2025-06-01,5.0,0.0,Bajo
20059,Miahuatlán de Porfirio Díaz,Oaxaca,2025-07-01,3.0,0.0,Bajo
20060,Mixistlán de la Reforma,Oaxaca,2025-05-01,0.0,0.0,Bajo
20060,Mixistlán de la Reforma,Oaxaca,2025-06-01,0.0,0.0,Bajo
20060,Mixistlán de la Reforma,Oaxaca,2025-07-01,0.0,0.0,Bajo
20061,Monjas,Oaxaca,2025-05-01,0.0,0.0,Bajo
20061,Monjas,Oaxaca,2025-06-01,0.0,0.0,Bajo
20061,Monjas,Oaxaca,2025-07-01,0.0,0.0,Bajo
20062,Natividad,Oaxaca,2025-05-01,0.0,0.0,Bajo
20062,Natividad,Oaxaca,2025-06-01,0.0,0.0,Bajo
20062,Natividad,Oaxaca,2025-07-01,0.0,0.0,Bajo
20063,Nazareno Etla,Oaxaca,2025-05-01,0.0,0.0,Bajo
20063,Nazareno Etla,Oaxaca,2025-06-01,1.0,0.0,Bajo
20063,Nazareno Etla,Oaxaca,2025-07-01,0.0,0.0,Bajo
20064,Nejapa de Madero,Oaxaca,2025-05-01,0.0,0.0,Bajo
20064,Nejapa de Madero,Oaxaca,2025-06-01,0.0,0.0,Bajo
20064,Nejapa de Madero,Oaxaca,2025-07-01,1.0,0.0,Bajo
20065,Ixpantepec Nieves,Oaxaca,2025-05-01,0.0,0.0,Bajo
20065,Ixpantepec Nieves,Oaxaca,2025-06-01,0.0,0.0,Bajo
20065,Ixpantepec Nieves,Oaxaca,2025-07-01,0.0,0.0,Bajo
20066,Santiago Niltepec,Oaxaca,2025-05-01,0.0,0.0,Bajo
20066,Santiago Niltepec,Oaxaca,2025-06-01,1.0,0.0,Bajo
20066,Santiago Niltepec,Oaxaca,2025-07-01,0.0,0.0,Bajo
20067,Oaxaca de Juárez,Oaxaca,2025-05-01,127.0,0.0,Medio
20067,Oaxaca de Juárez,Oaxaca,2025-06-01,95.0,0.0,Bajo
20067,Oaxaca de Juárez,Oaxaca,2025-07-01,112.0,0.0,Medio
20068,Ocotlán de Morelos,Oaxaca,2025-05-01,7.0,0.0,Bajo
20068,Ocotlán de Morelos,Oaxaca,2025-06-01,1.0,0.0,Bajo
20068,Ocotlán de Morelos,Oaxaca,2025-07-01,2.0,0.0,Bajo
20069,La Pe,Oaxaca,2025-05-01,0.0,0.0,Bajo
20069,La Pe,Oaxaca,2025-06-01,0.0,0.0,Bajo
20069,La Pe,Oaxaca,2025-07-01,0.0,0.0,Bajo
20070,Pinotepa de Don Luis,Oaxaca,2025-05-01,0.0,0.0,Bajo
20070,Pinotepa de Don Luis,Oaxaca,2025-06-01,0.0,0.0,Bajo
20070,Pinotepa de Don Luis,Oaxaca,2025-07-01,1.0,0.0,Bajo
20071,Pluma Hidalgo,Oaxaca,2025-05-01,0.0,0.0,Bajo
20071,Pluma Hidalgo,Oaxaca,2025-06-01,0.0,0.0,Bajo
20071,Pluma Hidalgo,Oaxaca,2025-07-01,0.0,0.0,Bajo
20072,San José del Progreso,Oaxaca,2025-05-01,0.0,0.0,Bajo
20072,San José del Progreso,Oaxaca,2025-06-01,0.0,0.0,Bajo
20072,San José del Progreso,Oaxaca,2025-07-01,0.0,0.0,Bajo
20073,Putla Villa de Guerrero,Oaxaca,2025-05-01,4.0,0.0,Bajo
20073,Putla Villa de Guerrero,Oaxaca,2025-06-01,1.0,0.0,Bajo
20073,Putla Villa de Guerrero,Oaxaca,2025-07-01,0.0,0.0,Bajo
20074,Santa Catarina Quioquitani,Oaxaca,2025-05-01,0.0,0.0,Bajo
20074,Santa Catarina Quioquitani,Oaxaca,2025-06-01,0.0,0.0,Bajo
20074,Santa Catarina Quioquitani,Oaxaca,2025-07-01,0.0,0.0,Bajo
20075,Reforma de Pineda,Oaxaca,2025-05-01,0.0,0.0,Bajo
20075,Reforma de Pineda,Oaxaca,2025-06-01,0.0,0.0,Bajo
20075,Reforma de Pineda,Oaxaca,2025-07-01,0.0,0.0,Bajo
20076,La Reforma,Oaxaca,2025-05-01,0.0,0.0,Bajo
20076,La Reforma,Oaxaca,2025-06-01,0.0,0.0,Bajo
20076,La Reforma,Oaxaca,2025-07-01,0.0,0.0,Bajo
20077,Reyes Etla,Oaxaca,2025-05-01,0.0,0.0,Bajo
20077,Reyes Etla,Oaxaca,2025-06-01,0.0,0.0,Bajo
20077,Reyes Etla,Oaxaca,2025-07-01,0.0,0.0,Bajo
20078,Rojas de Cuauhtémoc,Oaxaca,2025-05-01,0.0,0.0,Bajo
20078,Rojas de Cuauhtémoc,Oaxaca,2025-06-01,0.0,0.0,Bajo
20078,Rojas de Cuauhtémoc,Oaxaca,2025-07-01,1.0,0.0,Bajo
20079,Salina Cruz,Oaxaca,2025-05-01,5.0,0.0,Bajo
20079,Salina Cruz,Oaxaca,2025-06-01,5.0,0.0,Bajo
20079,Salina Cruz,Oaxaca,2025-07-01,9.0,0.0,Bajo
20080,San Agustín Amatengo,Oaxaca,2025-05-01,0.0,0.0,Bajo
20080,San Agustín Amatengo,Oaxaca,2025-06-01,0.0,0.0,Bajo
20080,San Agustín Amatengo,Oaxaca,2025-07-01,0.0,0.0,Bajo
20081,San Agustín Atenango,Oaxaca,2025-05-01,0.0,0.0,Bajo
20081,San Agustín Atenango,Oaxaca,2025-06-01,0.0,0.0,Bajo
20081,San Agustín Atenango,Oaxaca,2025-07-01,0.0,0.0,Bajo
20082,San Agustín Chayuco,Oaxaca,2025-05-01,0.0,0.0,Bajo
20082,San Agustín Chayuco,Oaxaca,2025-06-01,0.0,0.0,Bajo
20082,San Agustín Chayuco,Oaxaca,2025-07-01,0.0,0.0,Bajo
20083,San Agustín de las Juntas,Oaxaca,2025-05-01,3.0,0.0,Bajo
20083,San Agustín de las Juntas,Oaxaca,2025-06-01,0.0,0.0,Bajo
20083,San Agustín de las Juntas,Oaxaca,2025-07-01,7.0,0.0,Bajo
20084,San Agustín Etla,Oaxaca,2025-05-01,0.0,0.0,Bajo
20084,San Agustín Etla,Oaxaca,2025-06-01,0.0,0.0,Bajo
20084,San Agustín Etla,Oaxaca,2025-07-01,0.0,0.0,Bajo
20085,San Agustín Loxicha,Oaxaca,2025-05-01,0.0,0.0,Bajo
20085,San Agustín Loxicha,Oaxaca,2025-06-01,0.0,0.0,Bajo
20085,San Agustín Loxicha,Oaxaca,2025-07-01,1.0,0.0,Bajo
20086,San Agustín Tlacotepec,Oaxaca,2025-05-01,0.0,0.0,Bajo
20086,San Agustín Tlacotepec,Oaxaca,2025-06-01,0.0,0.0,Bajo
20086,San Agustín Tlacotepec,Oaxaca,2025-07-01,0.0,0.0,Bajo
20087,San Agustín Yatareni,Oaxaca,2025-05-01,0.0,0.0,Bajo
20087,San Agustín Yatareni,Oaxaca,2025-06-01,1.0,0.0,Bajo
20087,San Agustín Yatareni,Oaxaca,2025-07-01,0.0,0.0,Bajo
20088,San Andrés Cabecera Nueva,Oaxaca,2025-05-01,0.0,0.0,Bajo
20088,San Andrés Cabecera Nueva,Oaxaca,2025-06-01,1.0,0.0,Bajo
20088,San Andrés Cabecera Nueva,Oaxaca,2025-07-01,0.0,0.0,Bajo
20089,San Andrés Dinicuiti,Oaxaca,2025-05-01,0.0,0.0,Bajo
20089,San Andrés Dinicuiti,Oaxaca,2025-06-01,0.0,0.0,Bajo
20089,San Andrés Dinicuiti,Oaxaca,2025-07-01,0.0,0.0,Bajo
20090,San Andrés Huaxpaltepec,Oaxaca,2025-05-01,0.0,0.0,Bajo
20090,San Andrés Huaxpaltepec,Oaxaca,2025-06-01,1.0,0.0,Bajo
20090,San Andrés Huaxpaltepec,Oaxaca,2025-07-01,0.0,0.0,Bajo
20091,San Andrés Huayápam,Oaxaca,2025-05-01,2.0,0.0,Bajo
20091,San Andrés Huayápam,Oaxaca,2025-06-01,0.0,0.0,Bajo
20091,San Andrés Huayápam,Oaxaca,2025-07-01,1.0,0.0,Bajo
20092,San Andrés Ixtlahuaca,Oaxaca,2025-05-01,0.0,0.0,Bajo
20092,San Andrés Ixtlahuaca,Oaxaca,2025-06-01,0.0,0.0,Bajo
20092,San Andrés Ixtlahuaca,Oaxaca,2025-07-01,0.0,0.0,Bajo
20093,San Andrés Lagunas,Oaxaca,2025-05-01,0.0,0.0,Bajo
20093,San Andrés Lagunas,Oaxaca,2025-06-01,0.0,0.0,Bajo
20093,San Andrés Lagunas,Oaxaca,2025-07-01,0.0,0.0,Bajo
20094,San Andrés Nuxiño,Oaxaca,2025-05-01,0.0,0.0,Bajo
20094,San Andrés Nuxiño,Oaxaca,2025-06-01,0.0,0.0,Bajo
20094,San Andrés Nuxiño,Oaxaca,2025-07-01,0.0,0.0,Bajo
20095,San Andrés Paxtlán,Oaxaca,2025-05-01,0.0,0.0,Bajo
20095,San Andrés Paxtlán,Oaxaca,2025-06-01,0.0,0.0,Bajo
20095,San Andrés Paxtlán,Oaxaca,2025-07-01,0.0,0.0,Bajo
20096,San Andrés Sinaxtla,Oaxaca,2025-05-01,0.0,0.0,Bajo
20096,San Andrés Sinaxtla,Oaxaca,2025-06-01,0.0,0.0,Bajo
20096,San Andrés Sinaxtla,Oaxaca,2025-07-01,0.0,0.0,Bajo
20097,San Andrés Solaga,Oaxaca,2025-05-01,0.0,0.0,Bajo
20097,San Andrés Solaga,Oaxaca,2025-06-01,0.0,0.0,Bajo
20097,San Andrés Solaga,Oaxaca,2025-07-01,0.0,0.0,Bajo
20098,San Andrés Teotilálpam,Oaxaca,2025-05-01,0.0,0.0,Bajo
20098,San Andrés Teotilálpam,Oaxaca,2025-06-01,0.0,0.0,Bajo
20098,San Andrés Teotilálpam,Oaxaca,2025-07-01,0.0,0.0,Bajo
20099,San Andrés Tepetlapa,Oaxaca,2025-05-01,0.0,0.0,Bajo
20099,San Andrés Tepetlapa,Oaxaca,2025-06-01,0.0,0.0,Bajo
20099,San Andrés Tepetlapa,Oaxaca,2025-07-01,0.0,0.0,Bajo
20100,San Andrés Yaá,Oaxaca,2025-05-01,0.0,0.0,Bajo
20100,San Andrés Yaá,Oaxaca,2025-06-01,0.0,0.0,Bajo
20100,San Andrés Yaá,Oaxaca,2025-07-01,0.0,0.0,Bajo
20101,San Andrés Zabache,Oaxaca,2025-05-01,0.0,0.0,Bajo
20101,San Andrés Zabache,Oaxaca,2025-06-01,0.0,0.0,Bajo
20101,San Andrés Zabache,Oaxaca,2025-07-01,0.0,0.0,Bajo
20102,San Andrés Zautla,Oaxaca,2025-05-01,0.0,0.0,Bajo
20102,San Andrés Zautla,Oaxaca,2025-06-01,0.0,0.0,Bajo
20102,San Andrés Zautla,Oaxaca,2025-07-01,0.0,0.0,Bajo
20103,San Antonino Castillo Velasco,Oaxaca,2025-05-01,3.0,0.0,Bajo
20103,San Antonino Castillo Velasco,Oaxaca,2025-06-01,4.0,0.0,Bajo
20103,San Antonino Castillo Velasco,Oaxaca,2025-07-01,0.0,0.0,Bajo
20104,San Antonino el Alto,Oaxaca,2025-05-01,0.0,0.0,Bajo
20104,San Antonino el Alto,Oaxaca,2025-06-01,0.0,0.0,Bajo
20104,San Antonino el Alto,Oaxaca,2025-07-01,0.0,0.0,Bajo
20105,San Antonino Monte Verde,Oaxaca,2025-05-01,0.0,0.0,Bajo
20105,San Antonino Monte Verde,Oaxaca,2025-06-01,0.0,0.0,Bajo
20105,San Antonino Monte Verde,Oaxaca,2025-07-01,0.0,0.0,Bajo
20106,San Antonio Acutla,Oaxaca,2025-05-01,0.0,0.0,Bajo
20106,San Antonio Acutla,Oaxaca,2025-06-01,0.0,0.0,Bajo
20106,San Antonio Acutla,Oaxaca,2025-07-01,0.0,0.0,Bajo
20107,San Antonio de la Cal,Oaxaca,2025-05-01,0.0,0.0,Bajo
20107,San Antonio de la Cal,Oaxaca,2025-06-01,5.0,0.0,Bajo
20107,San Antonio de la Cal,Oaxaca,2025-07-01,5.0,0.0,Bajo
20108,San Antonio Huitepec,Oaxaca,2025-05-01,0.0,0.0,Bajo
20108,San Antonio Huitepec,Oaxaca,2025-06-01,0.0,0.0,Bajo
20108,San Antonio Huitepec,Oaxaca,2025-07-01,0.0,0.0,Bajo
20109,San Antonio Nanahuatípam,Oaxaca,2025-05-01,0.0,0.0,Bajo
20109,San Antonio Nanahuatípam,Oaxaca,2025-06-01,1.0,0.0,Bajo
20109,San Antonio Nanahuatípam,Oaxaca,2025-07-01,0.0,0.0,Bajo
20110,San Antonio Sinicahua,Oaxaca,2025-05-01,0.0,0.0,Bajo
20110,San Antonio Sinicahua,Oaxaca,2025-06-01,0.0,0.0,Bajo
20110,San Antonio Sinicahua,Oaxaca,2025-07-01,0.0,0.0,Bajo
20111,San Antonio Tepetlapa,Oaxaca,2025-05-01,0.0,0.0,Bajo
20111,San Antonio Tepetlapa,Oaxaca,2025-06-01,0.0,0.0,Bajo
20111,San Antonio Tepetlapa,Oaxaca,2025-07-01,0.0,0.0,Bajo
20112,San Baltazar Chichicápam,Oaxaca,2025-05-01,0.0,0.0,Bajo
20112,San Baltazar Chichicápam,Oaxaca,2025-06-01,0.0,0.0,Bajo
20112,San Baltazar Chichicápam,Oaxaca,2025-07-01,0.0,0.0,Bajo
20113,San Baltazar Loxicha,Oaxaca,2025-05-01,0.0,0.0,Bajo
20113,San Baltazar Loxicha,Oaxaca,2025-06-01,0.0,0.0,Bajo
20113,San Baltazar Loxicha,Oaxaca,2025-07-01,0.0,0.0,Bajo
20114,San Baltazar Yatzachi el Bajo,Oaxaca,2025-05-01,0.0,0.0,Bajo
20114,San Baltazar Yatzachi el Bajo,Oaxaca,2025-06-01,0.0,0.0,Bajo
20114,San Baltazar Yatzachi el Bajo,Oaxaca,2025-07-01,0.0,0.0,Bajo
20115,San Bartolo Coyotepec,Oaxaca,2025-05-01,1.0,1.0,Bajo
20115,San Bartolo Coyotepec,Oaxaca,2025-06-01,2.0,0.0,Bajo
20115,San Bartolo Coyotepec,Oaxaca,2025-07-01,5.0,0.0,Bajo
20116,San Bartolomé Ayautla,Oaxaca,2025-05-01,0.0,0.0,Bajo
20116,San Bartolomé Ayautla,Oaxaca,2025-06-01,0.0,0.0,Bajo
20116,San Bartolomé Ayautla,Oaxaca,2025-07-01,0.0,0.0,Bajo
20117,San Bartolomé Loxicha,Oaxaca,2025-05-01,0.0,0.0,Bajo
20117,San Bartolomé Loxicha,Oaxaca,2025-06-01,0.0,0.0,Bajo
20117,San Bartolomé Loxicha,Oaxaca,2025-07-01,0.0,0.0,Bajo
20118,San Bartolomé Quialana,Oaxaca,2025-05-01,0.0,0.0,Bajo
20118,San Bartolomé Quialana,Oaxaca,2025-06-01,0.0,0.0,Bajo
20118,San Bartolomé Quialana,Oaxaca,2025-07-01,0.0,0.0,Bajo
20119,San Bartolomé Yucuañe,Oaxaca,2025-05-01,0.0,0.0,Bajo
20119,San Bartolomé Yucuañe,Oaxaca,2025-06-01,0.0,0.0,Bajo
20119,San Bartolomé Yucuañe,Oaxaca,2025-07-01,0.0,0.0,Bajo
20120,San Bartolomé Zoogocho,Oaxaca,2025-05-01,0.0,0.0,Bajo
20120,San Bartolomé Zoogocho,Oaxaca,2025-06-01,0.0,0.0,Bajo
20120,San Bartolomé Zoogocho,Oaxaca,2025-07-01,0.0,0.0,Bajo
20121,San Bartolo Soyaltepec,Oaxaca,2025-05-01,0.0,0.0,Bajo
20121,San Bartolo Soyaltepec,Oaxaca,2025-06-01,0.0,0.0,Bajo
20121,San Bartolo Soyaltepec,Oaxaca,2025-07-01,0.0,0.0,Bajo
20122,San Bartolo Yautepec,Oaxaca,2025-05-01,0.0,0.0,Bajo
20122,San Bartolo Yautepec,Oaxaca,2025-06-01,0.0,0.0,Bajo
20122,San Bartolo Yautepec,Oaxaca,2025-07-01,0.0,0.0,Bajo
20123,San Bernardo Mixtepec,Oaxaca,2025-05-01,0.0,0.0,Bajo
20123,San Bernardo Mixtepec,Oaxaca,2025-06-01,0.0,0.0,Bajo
20123,San Bernardo Mixtepec,Oaxaca,2025-07-01,0.0,0.0,Bajo
20124,San Blas Atempa,Oaxaca,2025-05-01,1.0,0.0,Bajo
20124,San Blas Atempa,Oaxaca,2025-06-01,1.0,0.0,Bajo
20124,San Blas Atempa,Oaxaca,2025-07-01,1.0,0.0,Bajo
20125,San Carlos Yautepec,Oaxaca,2025-05-01,0.0,0.0,Bajo
20125,San Carlos Yautepec,Oaxaca,2025-06-01,1.0,0.0,Bajo
20125,San Carlos Yautepec,Oaxaca,2025-07-01,0.0,0.0,Bajo
20126,San Cristóbal Amatlán,Oaxaca,2025-05-01,0.0,0.0,Bajo
20126,San Cristóbal Amatlán,Oaxaca,2025-06-01,0.0,0.0,Bajo
20126,San Cristóbal Amatlán,Oaxaca,2025-07-01,0.0,0.0,Bajo
20127,San Cristóbal Amoltepec,Oaxaca,2025-05-01,0.0,0.0,Bajo
20127,San Cristóbal Amoltepec,Oaxaca,2025-06-01,0.0,0.0,Bajo
20127,San Cristóbal Amoltepec,Oaxaca,2025-07-01,0.0,0.0,Bajo
20128,San Cristóbal Lachirioag,Oaxaca,2025-05-01,0.0,0.0,Bajo
20128,San Cristóbal Lachirioag,Oaxaca,2025-06-01,0.0,0.0,Bajo
20128,San Cristóbal Lachirioag,Oaxaca,2025-07-01,1.0,0.0,Bajo
20129,San Cristóbal Suchixtlahuaca,Oaxaca,2025-05-01,0.0,0.0,Bajo
20129,San Cristóbal Suchixtlahuaca,Oaxaca,2025-06-01,0.0,0.0,Bajo
20129,San Cristóbal Suchixtlahuaca,Oaxaca,2025-07-01,0.0,0.0,Bajo
20130,San Dionisio del Mar,Oaxaca,2025-05-01,0.0,0.0,Bajo
20130,San Dionisio del Mar,Oaxaca,2025-06-01,0.0,0.0,Bajo
20130,San Dionisio del Mar,Oaxaca,2025-07-01,0.0,0.0,Bajo
20131,San Dionisio Ocotepec,Oaxaca,2025-05-01,2.0,0.0,Bajo
20131,San Dionisio Ocotepec,Oaxaca,2025-06-01,0.0,0.0,Bajo
20131,San Dionisio Ocotepec,Oaxaca,2025-07-01,0.0,0.0,Bajo
20132,San Dionisio Ocotlán,Oaxaca,2025-05-01,0.0,0.0,Bajo
20132,San Dionisio Ocotlán,Oaxaca,2025-06-01,0.0,0.0,Bajo
20132,San Dionisio Ocotlán,Oaxaca,2025-07-01,0.0,0.0,Bajo
20133,San Esteban Atatlahuca,Oaxaca,2025-05-01,0.0,0.0,Bajo
20133,San Esteban Atatlahuca,Oaxaca,2025-06-01,0.0,0.0,Bajo
20133,San Esteban Atatlahuca,Oaxaca,2025-07-01,0.0,0.0,Bajo
20134,San Felipe Jalapa de Díaz,Oaxaca,2025-05-01,0.0,0.0,Bajo
20134,San Felipe Jalapa de Díaz,Oaxaca,2025-06-01,0.0,0.0,Bajo
20134,San Felipe Jalapa de Díaz,Oaxaca,2025-07-01,0.0,0.0,Bajo
20135,San Felipe Tejalápam,Oaxaca,2025-05-01,0.0,0.0,Bajo
20135,San Felipe Tejalápam,Oaxaca,2025-06-01,0.0,0.0,Bajo
20135,San Felipe Tejalápam,Oaxaca,2025-07-01,0.0,0.0,Bajo
20136,San Felipe Usila,Oaxaca,2025-05-01,0.0,0.0,Bajo
20136,San Felipe Usila,Oaxaca,2025-06-01,0.0,0.0,Bajo
20136,San Felipe Usila,Oaxaca,2025-07-01,0.0,0.0,Bajo
20137,San Francisco Cahuacuá,Oaxaca,2025-05-01,0.0,0.0,Bajo
20137,San Francisco Cahuacuá,Oaxaca,2025-06-01,0.0,0.0,Bajo
20137,San Francisco Cahuacuá,Oaxaca,2025-07-01,0.0,0.0,Bajo
20138,San Francisco Cajonos,Oaxaca,2025-05-01,0.0,0.0,Bajo
20138,San Francisco Cajonos,Oaxaca,2025-06-01,0.0,0.0,Bajo
20138,San Francisco Cajonos,Oaxaca,2025-07-01,0.0,0.0,Bajo
20139,San Francisco Chapulapa,Oaxaca,2025-05-01,0.0,0.0,Bajo
20139,San Francisco Chapulapa,Oaxaca,2025-06-01,0.0,0.0,Bajo
20139,San Francisco Chapulapa,Oaxaca,2025-07-01,0.0,0.0,Bajo
20140,San Francisco Chindúa,Oaxaca,2025-05-01,0.0,0.0,Bajo
20140,San Francisco Chindúa,Oaxaca,2025-06-01,0.0,0.0,Bajo
20140,San Francisco Chindúa,Oaxaca,2025-07-01,0.0,0.0,Bajo
20141,San Francisco del Mar,Oaxaca,2025-05-01,0.0,0.0,Bajo
20141,San Francisco del Mar,Oaxaca,2025-06-01,0.0,0.0,Bajo
20141,San Francisco del Mar,Oaxaca,2025-07-01,0.0,0.0,Bajo
20142,San Francisco Huehuetlán,Oaxaca,2025-05-01,0.0,0.0,Bajo
20142,San Francisco Huehuetlán,Oaxaca,2025-06-01,0.0,0.0,Bajo
20142,San Francisco Huehuetlán,Oaxaca,2025-07-01,0.0,0.0,Bajo
20143,San Francisco Ixhuatán,Oaxaca,2025-05-01,0.0,0.0,Bajo
20143,San Francisco Ixhuatán,Oaxaca,2025-06-01,1.0,0.0,Bajo
20143,San Francisco Ixhuatán,Oaxaca,2025-07-01,0.0,0.0,Bajo
20144,San Francisco Jaltepetongo,Oaxaca,2025-05-01,0.0,0.0,Bajo
20144,San Francisco Jaltepetongo,Oaxaca,2025-06-01,0.0,0.0,Bajo
20144,San Francisco Jaltepetongo,Oaxaca,2025-07-01,0.0,0.0,Bajo
20145,San Francisco Lachigoló,Oaxaca,2025-05-01,0.0,0.0,Bajo
20145,San Francisco Lachigoló,Oaxaca,2025-06-01,2.0,0.0,Bajo
20145,San Francisco Lachigoló,Oaxaca,2025-07-01,3.0,0.0,Bajo
20146,San Francisco Logueche,Oaxaca,2025-05-01,0.0,0.0,Bajo
20146,San Francisco Logueche,Oaxaca,2025-06-01,0.0,0.0,Bajo
20146,San Francisco Logueche,Oaxaca,2025-07-01,0.0,0.0,Bajo
20147,San Francisco Nuxaño,Oaxaca,2025-05-01,0.0,0.0,Bajo
20147,San Francisco Nuxaño,Oaxaca,2025-06-01,0.0,0.0,Bajo
20147,San Francisco Nuxaño,Oaxaca,2025-07-01,0.0,0.0,Bajo
20148,San Francisco Ozolotepec,Oaxaca,2025-05-01,0.0,0.0,Bajo
20148,San Francisco Ozolotepec,Oaxaca,2025-06-01,0.0,0.0,Bajo
20148,San Francisco Ozolotepec,Oaxaca,2025-07-01,0.0,0.0,Bajo
20149,San Francisco Sola,Oaxaca,2025-05-01,0.0,0.0,Bajo
20149,San Francisco Sola,Oaxaca,2025-06-01,0.0,0.0,Bajo
20149,San Francisco Sola,Oaxaca,2025-07-01,0.0,0.0,Bajo
20150,San Francisco Telixtlahuaca,Oaxaca,2025-05-01,1.0,0.0,Bajo
20150,San Francisco Telixtlahuaca,Oaxaca,2025-06-01,1.0,0.0,Bajo
20150,San Francisco Telixtlahuaca,Oaxaca,2025-07-01,1.0,0.0,Bajo
20151,San Francisco Teopan,Oaxaca,2025-05-01,0.0,0.0,Bajo
20151,San Francisco Teopan,Oaxaca,2025-06-01,0.0,0.0,Bajo
20151,San Francisco Teopan,Oaxaca,2025-07-01,0.0,0.0,Bajo
20152,San Francisco Tlapancingo,Oaxaca,2025-05-01,0.0,0.0,Bajo
20152,San Francisco Tlapancingo,Oaxaca,2025-06-01,0.0,0.0,Bajo
20152,San Francisco Tlapancingo,Oaxaca,2025-07-01,0.0,0.0,Bajo
20153,San Gabriel Mixtepec,Oaxaca,2025-05-01,0.0,0.0,Bajo
20153,San Gabriel Mixtepec,Oaxaca,2025-06-01,0.0,0.0,Bajo
20153,San Gabriel Mixtepec,Oaxaca,2025-07-01,0.0,0.0,Bajo
20154,San Ildefonso Amatlán,Oaxaca,2025-05-01,0.0,0.0,Bajo
20154,San Ildefonso Amatlán,Oaxaca,2025-06-01,0.0,0.0,Bajo
20154,San Ildefonso Amatlán,Oaxaca,2025-07-01,0.0,0.0,Bajo
20155,San Ildefonso Sola,Oaxaca,2025-05-01,0.0,0.0,Bajo
20155,San Ildefonso Sola,Oaxaca,2025-06-01,0.0,0.0,Bajo
20155,San Ildefonso Sola,Oaxaca,2025-07-01,0.0,0.0,Bajo
20156,San Ildefonso Villa Alta,Oaxaca,2025-05-01,0.0,0.0,Bajo
20156,San Ildefonso Villa Alta,Oaxaca,2025-06-01,0.0,0.0,Bajo
20156,San Ildefonso Villa Alta,Oaxaca,2025-07-01,1.0,0.0,Bajo
20157,San Jacinto Amilpas,Oaxaca,2025-05-01,3.0,0.0,Bajo
20157,San Jacinto Amilpas,Oaxaca,2025-06-01,2.0,0.0,Bajo
20157,San Jacinto Amilpas,Oaxaca,2025-07-01,1.0,0.0,Bajo
20158,San Jacinto Tlacotepec,Oaxaca,2025-05-01,0.0,0.0,Bajo
20158,San Jacinto Tlacotepec,Oaxaca,2025-06-01,1.0,0.0,Bajo
20158,San Jacinto Tlacotepec,Oaxaca,2025-07-01,0.0,0.0,Bajo
20159,San Jerónimo Coatlán,Oaxaca,2025-05-01,0.0,0.0,Bajo
20159,San Jerónimo Coatlán,Oaxaca,2025-06-01,0.0,0.0,Bajo
20159,San Jerónimo Coatlán,Oaxaca,2025-07-01,0.0,0.0,Bajo
20160,San Jerónimo Silacayoapilla,Oaxaca,2025-05-01,0.0,0.0,Bajo
20160,San Jerónimo Silacayoapilla,Oaxaca,2025-06-01,0.0,0.0,Bajo
20160,San Jerónimo Silacayoapilla,Oaxaca,2025-07-01,0.0,0.0,Bajo
20161,San Jerónimo Sosola,Oaxaca,2025-05-01,0.0,0.0,Bajo
20161,San Jerónimo Sosola,Oaxaca,2025-06-01,1.0,0.0,Bajo
20161,San Jerónimo Sosola,Oaxaca,2025-07-01,0.0,0.0,Bajo
20162,San Jerónimo Taviche,Oaxaca,2025-05-01,0.0,0.0,Bajo
20162,San Jerónimo Taviche,Oaxaca,2025-06-01,0.0,0.0,Bajo
20162,San Jerónimo Taviche,Oaxaca,2025-07-01,0.0,0.0,Bajo
20163,San Jerónimo Tecóatl,Oaxaca,2025-05-01,0.0,0.0,Bajo
20163,San Jerónimo Tecóatl,Oaxaca,2025-06-01,0.0,0.0,Bajo
20163,San Jerónimo Tecóatl,Oaxaca,2025-07-01,0.0,0.0,Bajo
20164,San Jorge Nuchita,Oaxaca,2025-05-01,0.0,0.0,Bajo
20164,San Jorge Nuchita,Oaxaca,2025-06-01,0.0,0.0,Bajo
20164,San Jorge Nuchita,Oaxaca,2025-07-01,0.0,0.0,Bajo
20165,San José Ayuquila,Oaxaca,2025-05-01,0.0,0.0,Bajo
20165,San José Ayuquila,Oaxaca,2025-06-01,0.0,0.0,Bajo
20165,San José Ayuquila,Oaxaca,2025-07-01,0.0,0.0,Bajo
20166,San José Chiltepec,Oaxaca,2025-05-01,0.0,0.0,Bajo
20166,San José Chiltepec,Oaxaca,2025-06-01,0.0,0.0,Bajo
20166,San José Chiltepec,Oaxaca,2025-07-01,0.0,0.0,Bajo
20167,San José del Peñasco,Oaxaca,2025-05-01,0.0,0.0,Bajo
20167,San José del Peñasco,Oaxaca,2025-06-01,0.0,0.0,Bajo
20167,San José del Peñasco,Oaxaca,2025-07-01,0.0,0.0,Bajo
20168,San José Estancia Grande,Oaxaca,2025-05-01,0.0,0.0,Bajo
20168,San José Estancia Grande,Oaxaca,2025-06-01,0.0,0.0,Bajo
20168,San José Estancia Grande,Oaxaca,2025-07-01,0.0,0.0,Bajo
20169,San José Independencia,Oaxaca,2025-05-01,0.0,0.0,Bajo
20169,San José Independencia,Oaxaca,2025-06-01,0.0,0.0,Bajo
20169,San José Independencia,Oaxaca,2025-07-01,0.0,0.0,Bajo
20170,San José Lachiguiri,Oaxaca,2025-05-01,0.0,0.0,Bajo
20170,San José Lachiguiri,Oaxaca,2025-06-01,0.0,0.0,Bajo
20170,San José Lachiguiri,Oaxaca,2025-07-01,0.0,0.0,Bajo
20171,San José Tenango,Oaxaca,2025-05-01,0.0,0.0,Bajo
20171,San José Tenango,Oaxaca,2025-06-01,0.0,0.0,Bajo
20171,San José Tenango,Oaxaca,2025-07-01,1.0,0.0,Bajo
20172,San Juan Achiutla,Oaxaca,2025-05-01,0.0,0.0,Bajo
20172,San Juan Achiutla,Oaxaca,2025-06-01,0.0,0.0,Bajo
20172,San Juan Achiutla,Oaxaca,2025-07-01,0.0,0.0,Bajo
20173,San Juan Atepec,Oaxaca,2025-05-01,0.0,0.0,Bajo
20173,San Juan Atepec,Oaxaca,2025-06-01,0.0,0.0,Bajo
20173,San Juan Atepec,Oaxaca,2025-07-01,0.0,0.0,Bajo
20174,Ánimas Trujano,Oaxaca,2025-05-01,1.0,0.0,Bajo
20174,Ánimas Trujano,Oaxaca,2025-06-01,2.0,0.0,Bajo
20174,Ánimas Trujano,Oaxaca,2025-07-01,1.0,0.0,Bajo
20175,San Juan Bautista Atatlahuca,Oaxaca,2025-05-01,0.0,0.0,Bajo
20175,San Juan Bautista Atatlahuca,Oaxaca,2025-06-01,0.0,0.0,Bajo
20175,San Juan Bautista Atatlahuca,Oaxaca,2025-07-01,0.0,0.0,Bajo
20176,San Juan Bautista Coixtlahuaca,Oaxaca,2025-05-01,0.0,0.0,Bajo
20176,San Juan Bautista Coixtlahuaca,Oaxaca,2025-06-01,0.0,0.0,Bajo
20176,San Juan Bautista Coixtlahuaca,Oaxaca,2025-07-01,0.0,0.0,Bajo
20177,San Juan Bautista Cuicatlán,Oaxaca,2025-05-01,0.0,0.0,Bajo
20177,San Juan Bautista Cuicatlán,Oaxaca,2025-06-01,3.0,0.0,Bajo
20177,San Juan Bautista Cuicatlán,Oaxaca,2025-07-01,1.0,0.0,Bajo
20178,San Juan Bautista Guelache,Oaxaca,2025-05-01,0.0,0.0,Bajo
20178,San Juan Bautista Guelache,Oaxaca,2025-06-01,1.0,0.0,Bajo
20178,San Juan Bautista Guelache,Oaxaca,2025-07-01,0.0,0.0,Bajo
20179,San Juan Bautista Jayacatlán,Oaxaca,2025-05-01,0.0,0.0,Bajo
20179,San Juan Bautista Jayacatlán,Oaxaca,2025-06-01,0.0,0.0,Bajo
20179,San Juan Bautista Jayacatlán,Oaxaca,2025-07-01,0.0,0.0,Bajo
20180,San Juan Bautista Lo de Soto,Oaxaca,2025-05-01,0.0,0.0,Bajo
20180,San Juan Bautista Lo de Soto,Oaxaca,2025-06-01,0.0,0.0,Bajo
20180,San Juan Bautista Lo de Soto,Oaxaca,2025-07-01,0.0,0.0,Bajo
20181,San Juan Bautista Suchitepec,Oaxaca,2025-05-01,0.0,0.0,Bajo
20181,San Juan Bautista Suchitepec,Oaxaca,2025-06-01,0.0,0.0,Bajo
20181,San Juan Bautista Suchitepec,Oaxaca,2025-07-01,0.0,0.0,Bajo
20182,San Juan Bautista Tlacoatzintepec,Oaxaca,2025-05-01,0.0,0.0,Bajo
20182,San Juan Bautista Tlacoatzintepec,Oaxaca,2025-06-01,0.0,0.0,Bajo
20182,San Juan Bautista Tlacoatzintepec,Oaxaca,2025-07-01,0.0,0.0,Bajo
20183,San Juan Bautista Tlachichilco,Oaxaca,2025-05-01,0.0,0.0,Bajo
20183,San Juan Bautista Tlachichilco,Oaxaca,2025-06-01,0.0,0.0,Bajo
20183,San Juan Bautista Tlachichilco,Oaxaca,2025-07-01,0.0,0.0,Bajo
20184,San Juan Bautista Tuxtepec,Oaxaca,2025-05-01,30.0,0.0,Bajo
20184,San Juan Bautista Tuxtepec,Oaxaca,2025-06-01,26.0,0.0,Bajo
20184,San Juan Bautista Tuxtepec,Oaxaca,2025-07-01,16.0,0.0,Bajo
20185,San Juan Cacahuatepec,Oaxaca,2025-05-01,0.0,0.0,Bajo
20185,San Juan Cacahuatepec,Oaxaca,2025-06-01,0.0,0.0,Bajo
20185,San Juan Cacahuatepec,Oaxaca,2025-07-01,0.0,0.0,Bajo
20186,San Juan Cieneguilla,Oaxaca,2025-05-01,0.0,0.0,Bajo
20186,San Juan Cieneguilla,Oaxaca,2025-06-01,0.0,0.0,Bajo
20186,San Juan Cieneguilla,Oaxaca,2025-07-01,0.0,0.0,Bajo
20187,San Juan Coatzóspam,Oaxaca,2025-05-01,0.0,0.0,Bajo
20187,San Juan Coatzóspam,Oaxaca,2025-06-01,1.0,0.0,Bajo
20187,San Juan Coatzóspam,Oaxaca,2025-07-01,0.0,0.0,Bajo
20188,San Juan Colorado,Oaxaca,2025-05-01,0.0,0.0,Bajo
20188,San Juan Colorado,Oaxaca,2025-06-01,0.0,0.0,Bajo
20188,San Juan Colorado,Oaxaca,2025-07-01,0.0,0.0,Bajo
20189,San Juan Comaltepec,Oaxaca,2025-05-01,0.0,0.0,Bajo
20189,San Juan Comaltepec,Oaxaca,2025-06-01,0.0,0.0,Bajo
20189,San Juan Comaltepec,Oaxaca,2025-07-01,0.0,0.0,Bajo
20190,San Juan Cotzocón,Oaxaca,2025-05-01,0.0,0.0,Bajo
20190,San Juan Cotzocón,Oaxaca,2025-06-01,3.0,0.0,Bajo
20190,San Juan Cotzocón,Oaxaca,2025-07-01,0.0,0.0,Bajo
20191,San Juan Chicomezúchil,Oaxaca,2025-05-01,0.0,0.0,Bajo
20191,San Juan Chicomezúchil,Oaxaca,2025-06-01,0.0,0.0,Bajo
20191,San Juan Chicomezúchil,Oaxaca,2025-07-01,0.0,0.0,Bajo
20192,San Juan Chilateca,Oaxaca,2025-05-01,0.0,0.0,Bajo
20192,San Juan Chilateca,Oaxaca,2025-06-01,0.0,0.0,Bajo
20192,San Juan Chilateca,Oaxaca,2025-07-01,0.0,0.0,Bajo
20193,San Juan del Estado,Oaxaca,2025-05-01,0.0,0.0,Bajo
20193,San Juan del Estado,Oaxaca,2025-06-01,0.0,0.0,Bajo
20193,San Juan del Estado,Oaxaca,2025-07-01,0.0,0.0,Bajo
20194,San Juan del Río,Oaxaca,2025-05-01,0.0,0.0,Bajo
20194,San Juan del Río,Oaxaca,2025-06-01,0.0,0.0,Bajo
20194,San Juan del Río,Oaxaca,2025-07-01,0.0,0.0,Bajo
20195,San Juan Diuxi,Oaxaca,2025-05-01,0.0,0.0,Bajo
20195,San Juan Diuxi,Oaxaca,2025-06-01,0.0,0.0,Bajo
20195,San Juan Diuxi,Oaxaca,2025-07-01,0.0,0.0,Bajo
20196,San Juan Evangelista Analco,Oaxaca,2025-05-01,0.0,0.0,Bajo
20196,San Juan Evangelista Analco,Oaxaca,2025-06-01,0.0,0.0,Bajo
20196,San Juan Evangelista Analco,Oaxaca,2025-07-01,0.0,0.0,Bajo
20197,San Juan Guelavía,Oaxaca,2025-05-01,0.0,0.0,Bajo
20197,San Juan Guelavía,Oaxaca,2025-06-01,0.0,0.0,Bajo
20197,San Juan Guelavía,Oaxaca,2025-07-01,0.0,0.0,Bajo
20198,San Juan Guichicovi,Oaxaca,2025-05-01,0.0,0.0,Bajo
20198,San Juan Guichicovi,Oaxaca,2025-06-01,0.0,0.0,Bajo
20198,San Juan Guichicovi,Oaxaca,2025-07-01,0.0,0.0,Bajo
20199,San Juan Ihualtepec,Oaxaca,2025-05-01,0.0,0.0,Bajo
20199,San Juan Ihualtepec,Oaxaca,2025-06-01,0.0,0.0,Bajo
20199,San Juan Ihualtepec,Oaxaca,2025-07-01,0.0,0.0,Bajo
20200,San Juan Juquila Mixes,Oaxaca,2025-05-01,1.0,0.0,Bajo
20200,San Juan Juquila Mixes,Oaxaca,2025-06-01,0.0,0.0,Bajo
20200,San Juan Juquila Mixes,Oaxaca,2025-07-01,0.0,0.0,Bajo
20201,San Juan Juquila Vijanos,Oaxaca,2025-05-01,0.0,0.0,Bajo
20201,San Juan Juquila Vijanos,Oaxaca,2025-06-01,0.0,0.0,Bajo
20201,San Juan Juquila Vijanos,Oaxaca,2025-07-01,0.0,0.0,Bajo
20202,San Juan Lachao,Oaxaca,2025-05-01,0.0,0.0,Bajo
20202,San Juan Lachao,Oaxaca,2025-06-01,0.0,0.0,Bajo
20202,San Juan Lachao,Oaxaca,2025-07-01,0.0,0.0,Bajo
20203,San Juan Lachigalla,Oaxaca,2025-05-01,0.0,0.0,Bajo
20203,San Juan Lachigalla,Oaxaca,2025-06-01,0.0,0.0,Bajo
20203,San Juan Lachigalla,Oaxaca,2025-07-01,0.0,0.0,Bajo
20204,San Juan Lajarcia,Oaxaca,2025-05-01,0.0,0.0,Bajo
20204,San Juan Lajarcia,Oaxaca,2025-06-01,0.0,0.0,Bajo
20204,San Juan Lajarcia,Oaxaca,2025-07-01,0.0,0.0,Bajo
20205,San Juan Lalana,Oaxaca,2025-05-01,0.0,0.0,Bajo
20205,San Juan Lalana,Oaxaca,2025-06-01,0.0,0.0,Bajo
20205,San Juan Lalana,Oaxaca,2025-07-01,0.0,0.0,Bajo
20206,San Juan de los Cués,Oaxaca,2025-05-01,0.0,0.0,Bajo
20206,San Juan de los Cués,Oaxaca,2025-06-01,0.0,0.0,Bajo
20206,San Juan de los Cués,Oaxaca,2025-07-01,0.0,0.0,Bajo
20207,San Juan Mazatlán,Oaxaca,2025-05-01,0.0,0.0,Bajo
20207,San Juan Mazatlán,Oaxaca,2025-06-01,0.0,0.0,Bajo
20207,San Juan Mazatlán,Oaxaca,2025-07-01,0.0,0.0,Bajo
20208,San Juan Mixtepec Distrito 08,Oaxaca,2025-05-01,0.0,0.0,Bajo
20208,San Juan Mixtepec Distrito 08,Oaxaca,2025-06-01,0.0,0.0,Bajo
20208,San Juan Mixtepec Distrito 08,Oaxaca,2025-07-01,0.0,0.0,Bajo
20209,San Juan Mixtepec Distrito 26,Oaxaca,2025-05-01,0.0,0.0,Bajo
20209,San Juan Mixtepec Distrito 26,Oaxaca,2025-06-01,0.0,0.0,Bajo
20209,San Juan Mixtepec Distrito 26,Oaxaca,2025-07-01,0.0,0.0,Bajo
20210,San Juan Ñumí,Oaxaca,2025-05-01,0.0,0.0,Bajo
20210,San Juan Ñumí,Oaxaca,2025-06-01,0.0,0.0,Bajo
20210,San Juan Ñumí,Oaxaca,2025-07-01,0.0,0.0,Bajo
20211,San Juan Ozolotepec,Oaxaca,2025-05-01,0.0,0.0,Bajo
20211,San Juan Ozolotepec,Oaxaca,2025-06-01,0.0,0.0,Bajo
20211,San Juan Ozolotepec,Oaxaca,2025-07-01,0.0,0.0,Bajo
20212,San Juan Petlapa,Oaxaca,2025-05-01,0.0,0.0,Bajo
20212,San Juan Petlapa,Oaxaca,2025-06-01,0.0,0.0,Bajo
20212,San Juan Petlapa,Oaxaca,2025-07-01,0.0,0.0,Bajo
20213,San Juan Quiahije,Oaxaca,2025-05-01,0.0,0.0,Bajo
20213,San Juan Quiahije,Oaxaca,2025-06-01,0.0,0.0,Bajo
20213,San Juan Quiahije,Oaxaca,2025-07-01,0.0,0.0,Bajo
20214,San Juan Quiotepec,Oaxaca,2025-05-01,0.0,0.0,Bajo
20214,San Juan Quiotepec,Oaxaca,2025-06-01,0.0,0.0,Bajo
20214,San Juan Quiotepec,Oaxaca,2025-07-01,0.0,0.0,Bajo
20215,San Juan Sayultepec,Oaxaca,2025-05-01,0.0,0.0,Bajo
20215,San Juan Sayultepec,Oaxaca,2025-06-01,0.0,0.0,Bajo
20215,San Juan Sayultepec,Oaxaca,2025-07-01,0.0,0.0,Bajo
20216,San Juan Tabaá,Oaxaca,2025-05-01,0.0,0.0,Bajo
20216,San Juan Tabaá,Oaxaca,2025-06-01,0.0,0.0,Bajo
20216,San Juan Tabaá,Oaxaca,2025-07-01,0.0,0.0,Bajo
20217,San Juan Tamazola,Oaxaca,2025-05-01,0.0,0.0,Bajo
20217,San Juan Tamazola,Oaxaca,2025-06-01,0.0,0.0,Bajo
20217,San Juan Tamazola,Oaxaca,2025-07-01,0.0,0.0,Bajo
20218,San Juan Teita,Oaxaca,2025-05-01,0.0,0.0,Bajo
20218,San Juan Teita,Oaxaca,2025-06-01,0.0,0.0,Bajo
20218,San Juan Teita,Oaxaca,2025-07-01,0.0,0.0,Bajo
20219,San Juan Teitipac,Oaxaca,2025-05-01,0.0,0.0,Bajo
20219,San Juan Teitipac,Oaxaca,2025-06-01,1.0,0.0,Bajo
20219,San Juan Teitipac,Oaxaca,2025-07-01,0.0,0.0,Bajo
20220,San Juan Tepeuxila,Oaxaca,2025-05-01,0.0,0.0,Bajo
20220,San Juan Tepeuxila,Oaxaca,2025-06-01,0.0,0.0,Bajo
20220,San Juan Tepeuxila,Oaxaca,2025-07-01,0.0,0.0,Bajo
20221,San Juan Teposcolula,Oaxaca,2025-05-01,0.0,0.0,Bajo
20221,San Juan Teposcolula,Oaxaca,2025-06-01,0.0,0.0,Bajo
20221,San Juan Teposcolula,Oaxaca,2025-07-01,0.0,0.0,Bajo
20222,San Juan Yaeé,Oaxaca,2025-05-01,0.0,0.0,Bajo
20222,San Juan Yaeé,Oaxaca,2025-06-01,0.0,0.0,Bajo
20222,San Juan Yaeé,Oaxaca,2025-07-01,0.0,0.0,Bajo
20223,San Juan Yatzona,Oaxaca,2025-05-01,0.0,0.0,Bajo
20223,San Juan Yatzona,Oaxaca,2025-06-01,0.0,0.0,Bajo
20223,San Juan Yatzona,Oaxaca,2025-07-01,0.0,0.0,Bajo
20224,San Juan Yucuita,Oaxaca,2025-05-01,0.0,0.0,Bajo
20224,San Juan Yucuita,Oaxaca,2025-06-01,0.0,0.0,Bajo
20224,San Juan Yucuita,Oaxaca,2025-07-01,0.0,0.0,Bajo
20225,San Lorenzo,Oaxaca,2025-05-01,0.0,0.0,Bajo
20225,San Lorenzo,Oaxaca,2025-06-01,0.0,0.0,Bajo
20225,San Lorenzo,Oaxaca,2025-07-01,0.0,0.0,Bajo
20226,San Lorenzo Albarradas,Oaxaca,2025-05-01,0.0,0.0,Bajo
20226,San Lorenzo Albarradas,Oaxaca,2025-06-01,0.0,0.0,Bajo
20226,San Lorenzo Albarradas,Oaxaca,2025-07-01,0.0,0.0,Bajo
20227,San Lorenzo Cacaotepec,Oaxaca,2025-05-01,2.0,0.0,Bajo
20227,San Lorenzo Cacaotepec,Oaxaca,2025-06-01,0.0,0.0,Bajo
20227,San Lorenzo Cacaotepec,Oaxaca,2025-07-01,2.0,0.0,Bajo
20228,San Lorenzo Cuaunecuiltitla,Oaxaca,2025-05-01,0.0,0.0,Bajo
20228,San Lorenzo Cuaunecuiltitla,Oaxaca,2025-06-01,0.0,0.0,Bajo
20228,San Lorenzo Cuaunecuiltitla,Oaxaca,2025-07-01,0.0,0.0,Bajo
20229,San Lorenzo Texmelúcan,Oaxaca,2025-05-01,0.0,0.0,Bajo
20229,San Lorenzo Texmelúcan,Oaxaca,2025-06-01,0.0,0.0,Bajo
20229,San Lorenzo Texmelúcan,Oaxaca,2025-07-01,0.0,0.0,Bajo
20230,San Lorenzo Victoria,Oaxaca,2025-05-01,0.0,0.0,Bajo
20230,San Lorenzo Victoria,Oaxaca,2025-06-01,0.0,0.0,Bajo
20230,San Lorenzo Victoria,Oaxaca,2025-07-01,0.0,0.0,Bajo
20231,San Lucas Camotlán,Oaxaca,2025-05-01,0.0,0.0,Bajo
20231,San Lucas Camotlán,Oaxaca,2025-06-01,0.0,0.0,Bajo
20231,San Lucas Camotlán,Oaxaca,2025-07-01,0.0,0.0,Bajo
20232,San Lucas Ojitlán,Oaxaca,2025-05-01,0.0,0.0,Bajo
20232,San Lucas Ojitlán,Oaxaca,2025-06-01,0.0,0.0,Bajo
20232,San Lucas Ojitlán,Oaxaca,2025-07-01,1.0,0.0,Bajo
20233,San Lucas Quiaviní,Oaxaca,2025-05-01,0.0,0.0,Bajo
20233,San Lucas Quiaviní,Oaxaca,2025-06-01,0.0,0.0,Bajo
20233,San Lucas Quiaviní,Oaxaca,2025-07-01,0.0,0.0,Bajo
20234,San Lucas Zoquiápam,Oaxaca,2025-05-01,0.0,0.0,Bajo
20234,San Lucas Zoquiápam,Oaxaca,2025-06-01,1.0,0.0,Bajo
20234,San Lucas Zoquiápam,Oaxaca,2025-07-01,0.0,0.0,Bajo
20235,San Luis Amatlán,Oaxaca,2025-05-01,0.0,0.0,Bajo
20235,San Luis Amatlán,Oaxaca,2025-06-01,0.0,0.0,Bajo
20235,San Luis Amatlán,Oaxaca,2025-07-01,0.0,0.0,Bajo
20236,San Marcial Ozolotepec,Oaxaca,2025-05-01,0.0,0.0,Bajo
20236,San Marcial Ozolotepec,Oaxaca,2025-06-01,0.0,0.0,Bajo
20236,San Marcial Ozolotepec,Oaxaca,2025-07-01,0.0,0.0,Bajo
20237,San Marcos Arteaga,Oaxaca,2025-05-01,0.0,0.0,Bajo
20237,San Marcos Arteaga,Oaxaca,2025-06-01,0.0,0.0,Bajo
20237,San Marcos Arteaga,Oaxaca,2025-07-01,0.0,0.0,Bajo
20238,San Martín de los Cansecos,Oaxaca,2025-05-01,0.0,0.0,Bajo
20238,San Martín de los Cansecos,Oaxaca,2025-06-01,0.0,0.0,Bajo
20238,San Martín de los Cansecos,Oaxaca,2025-07-01,0.0,0.0,Bajo
20239,San Martín Huamelúlpam,Oaxaca,2025-05-01,0.0,0.0,Bajo
20239,San Martín Huamelúlpam,Oaxaca,2025-06-01,0.0,0.0,Bajo
20239,San Martín Huamelúlpam,Oaxaca,2025-07-01,0.0,0.0,Bajo
20240,San Martín Itunyoso,Oaxaca,2025-05-01,0.0,0.0,Bajo
20240,San Martín Itunyoso,Oaxaca,2025-06-01,0.0,0.0,Bajo
20240,San Martín Itunyoso,Oaxaca,2025-07-01,0.0,0.0,Bajo
20241,San Martín Lachilá,Oaxaca,2025-05-01,0.0,0.0,Bajo
20241,San Martín Lachilá,Oaxaca,2025-06-01,0.0,0.0,Bajo
20241,San Martín Lachilá,Oaxaca,2025-07-01,0.0,0.0,Bajo
20242,San Martín Peras,Oaxaca,2025-05-01,0.0,0.0,Bajo
20242,San Martín Peras,Oaxaca,2025-06-01,0.0,0.0,Bajo
20242,San Martín Peras,Oaxaca,2025-07-01,0.0,0.0,Bajo
20243,San Martín Tilcajete,Oaxaca,2025-05-01,0.0,0.0,Bajo
20243,San Martín Tilcajete,Oaxaca,2025-06-01,0.0,0.0,Bajo
20243,San Martín Tilcajete,Oaxaca,2025-07-01,0.0,0.0,Bajo
20244,San Martín Toxpalan,Oaxaca,2025-05-01,0.0,0.0,Bajo
20244,San Martín Toxpalan,Oaxaca,2025-06-01,0.0,0.0,Bajo
20244,San Martín Toxpalan,Oaxaca,2025-07-01,0.0,0.0,Bajo
20245,San Martín Zacatepec,Oaxaca,2025-05-01,0.0,0.0,Bajo
20245,San Martín Zacatepec,Oaxaca,2025-06-01,0.0,0.0,Bajo
20245,San Martín Zacatepec,Oaxaca,2025-07-01,0.0,0.0,Bajo
20246,San Mateo Cajonos,Oaxaca,2025-05-01,0.0,0.0,Bajo
20246,San Mateo Cajonos,Oaxaca,2025-06-01,0.0,0.0,Bajo
20246,San Mateo Cajonos,Oaxaca,2025-07-01,0.0,0.0,Bajo
20247,Capulálpam de Méndez,Oaxaca,2025-05-01,0.0,0.0,Bajo
20247,Capulálpam de Méndez,Oaxaca,2025-06-01,0.0,0.0,Bajo
20247,Capulálpam de Méndez,Oaxaca,2025-07-01,0.0,0.0,Bajo
20248,San Mateo del Mar,Oaxaca,2025-05-01,0.0,0.0,Bajo
20248,San Mateo del Mar,Oaxaca,2025-06-01,0.0,0.0,Bajo
20248,San Mateo del Mar,Oaxaca,2025-07-01,0.0,0.0,Bajo
20249,San Mateo Yoloxochitlán,Oaxaca,2025-05-01,0.0,0.0,Bajo
20249,San Mateo Yoloxochitlán,Oaxaca,2025-06-01,0.0,0.0,Bajo
20249,San Mateo Yoloxochitlán,Oaxaca,2025-07-01,0.0,0.0,Bajo
20250,San Mateo Etlatongo,Oaxaca,2025-05-01,0.0,0.0,Bajo
20250,San Mateo Etlatongo,Oaxaca,2025-06-01,0.0,0.0,Bajo
20250,San Mateo Etlatongo,Oaxaca,2025-07-01,0.0,0.0,Bajo
20251,San Mateo Nejápam,Oaxaca,2025-05-01,0.0,0.0,Bajo
20251,San Mateo Nejápam,Oaxaca,2025-06-01,0.0,0.0,Bajo
20251,San Mateo Nejápam,Oaxaca,2025-07-01,0.0,0.0,Bajo
20252,San Mateo Peñasco,Oaxaca,2025-05-01,0.0,0.0,Bajo
20252,San Mateo Peñasco,Oaxaca,2025-06-01,0.0,0.0,Bajo
20252,San Mateo Peñasco,Oaxaca,2025-07-01,0.0,0.0,Bajo
20253,San Mateo Piñas,Oaxaca,2025-05-01,0.0,0.0,Bajo
20253,San Mateo Piñas,Oaxaca,2025-06-01,1.0,0.0,Bajo
20253,San Mateo Piñas,Oaxaca,2025-07-01,0.0,0.0,Bajo
20254,San Mateo Río Hondo,Oaxaca,2025-05-01,0.0,0.0,Bajo
20254,San Mateo Río Hondo,Oaxaca,2025-06-01,0.0,0.0,Bajo
20254,San Mateo Río Hondo,Oaxaca,2025-07-01,0.0,0.0,Bajo
20255,San Mateo Sindihui,Oaxaca,2025-05-01,0.0,0.0,Bajo
20255,San Mateo Sindihui,Oaxaca,2025-06-01,0.0,0.0,Bajo
20255,San Mateo Sindihui,Oaxaca,2025-07-01,0.0,0.0,Bajo
20256,San Mateo Tlapiltepec,Oaxaca,2025-05-01,0.0,0.0,Bajo
20256,San Mateo Tlapiltepec,Oaxaca,2025-06-01,0.0,0.0,Bajo
20256,San Mateo Tlapiltepec,Oaxaca,2025-07-01,0.0,0.0,Bajo
20257,San Melchor Betaza,Oaxaca,2025-05-01,0.0,0.0,Bajo
20257,San Melchor Betaza,Oaxaca,2025-06-01,0.0,0.0,Bajo
20257,San Melchor Betaza,Oaxaca,2025-07-01,0.0,0.0,Bajo
20258,San Miguel Achiutla,Oaxaca,2025-05-01,0.0,0.0,Bajo
20258,San Miguel Achiutla,Oaxaca,2025-06-01,0.0,0.0,Bajo
20258,San Miguel Achiutla,Oaxaca,2025-07-01,0.0,0.0,Bajo
20259,San Miguel Ahuehuetitlán,Oaxaca,2025-05-01,0.0,0.0,Bajo
20259,San Miguel Ahuehuetitlán,Oaxaca,2025-06-01,0.0,0.0,Bajo
20259,San Miguel Ahuehuetitlán,Oaxaca,2025-07-01,0.0,0.0,Bajo
20260,San Miguel Aloápam,Oaxaca,2025-05-01,0.0,0.0,Bajo
20260,San Miguel Aloápam,Oaxaca,2025-06-01,0.0,0.0,Bajo
20260,San Miguel Aloápam,Oaxaca,2025-07-01,1.0,0.0,Bajo
20261,San Miguel Amatitlán,Oaxaca,2025-05-01,0.0,0.0,Bajo
20261,San Miguel Amatitlán,Oaxaca,2025-06-01,0.0,0.0,Bajo
20261,San Miguel Amatitlán,Oaxaca,2025-07-01,0.0,0.0,Bajo
20262,San Miguel Amatlán,Oaxaca,2025-05-01,0.0,0.0,Bajo
20262,San Miguel Amatlán,Oaxaca,2025-06-01,0.0,0.0,Bajo
20262,San Miguel Amatlán,Oaxaca,2025-07-01,0.0,0.0,Bajo
20263,San Miguel Coatlán,Oaxaca,2025-05-01,0.0,0.0,Bajo
20263,San Miguel Coatlán,Oaxaca,2025-06-01,0.0,0.0,Bajo
20263,San Miguel Coatlán,Oaxaca,2025-07-01,0.0,0.0,Bajo
20264,San Miguel Chicahua,Oaxaca,2025-05-01,0.0,0.0,Bajo
20264,San Miguel Chicahua,Oaxaca,2025-06-01,0.0,0.0,Bajo
20264,San Miguel Chicahua,Oaxaca,2025-07-01,0.0,0.0,Bajo
20265,San Miguel Chimalapa,Oaxaca,2025-05-01,0.0,0.0,Bajo
20265,San Miguel Chimalapa,Oaxaca,2025-06-01,0.0,0.0,Bajo
20265,San Miguel Chimalapa,Oaxaca,2025-07-01,0.0,0.0,Bajo
20266,San Miguel del Puerto,Oaxaca,2025-05-01,0.0,0.0,Bajo
20266,San Miguel del Puerto,Oaxaca,2025-06-01,0.0,0.0,Bajo
20266,San Miguel del Puerto,Oaxaca,2025-07-01,0.0,0.0,Bajo
20267,San Miguel del Río,Oaxaca,2025-05-01,0.0,0.0,Bajo
20267,San Miguel del Río,Oaxaca,2025-06-01,0.0,0.0,Bajo
20267,San Miguel del Río,Oaxaca,2025-07-01,0.0,0.0,Bajo
20268,San Miguel Ejutla,Oaxaca,2025-05-01,0.0,0.0,Bajo
20268,San Miguel Ejutla,Oaxaca,2025-06-01,0.0,0.0,Bajo
20268,San Miguel Ejutla,Oaxaca,2025-07-01,0.0,0.0,Bajo
20269,San Miguel el Grande,Oaxaca,2025-05-01,0.0,0.0,Bajo
20269,San Miguel el Grande,Oaxaca,2025-06-01,0.0,0.0,Bajo
20269,San Miguel el Grande,Oaxaca,2025-07-01,0.0,0.0,Bajo
20270,San Miguel Huautla,Oaxaca,2025-05-01,0.0,0.0,Bajo
20270,San Miguel Huautla,Oaxaca,2025-06-01,0.0,0.0,Bajo
20270,San Miguel Huautla,Oaxaca,2025-07-01,0.0,0.0,Bajo
20271,San Miguel Mixtepec,Oaxaca,2025-05-01,0.0,0.0,Bajo
20271,San Miguel Mixtepec,Oaxaca,2025-06-01,0.0,0.0,Bajo
20271,San Miguel Mixtepec,Oaxaca,2025-07-01,0.0,0.0,Bajo
20272,San Miguel Panixtlahuaca,Oaxaca,2025-05-01,0.0,0.0,Bajo
20272,San Miguel Panixtlahuaca,Oaxaca,2025-06-01,0.0,0.0,Bajo
20272,San Miguel Panixtlahuaca,Oaxaca,2025-07-01,0.0,0.0,Bajo
20273,San Miguel Peras,Oaxaca,2025-05-01,0.0,0.0,Bajo
20273,San Miguel Peras,Oaxaca,2025-06-01,0.0,0.0,Bajo
20273,San Miguel Peras,Oaxaca,2025-07-01,0.0,0.0,Bajo
20274,San Miguel Piedras,Oaxaca,2025-05-01,0.0,0.0,Bajo
20274,San Miguel Piedras,Oaxaca,2025-06-01,0.0,0.0,Bajo
20274,San Miguel Piedras,Oaxaca,2025-07-01,0.0,0.0,Bajo
20275,San Miguel Quetzaltepec,Oaxaca,2025-05-01,0.0,0.0,Bajo
20275,San Miguel Quetzaltepec,Oaxaca,2025-06-01,0.0,0.0,Bajo
20275,San Miguel Quetzaltepec,Oaxaca,2025-07-01,0.0,0.0,Bajo
20276,San Miguel Santa Flor,Oaxaca,2025-05-01,0.0,0.0,Bajo
20276,San Miguel Santa Flor,Oaxaca,2025-06-01,0.0,0.0,Bajo
20276,San Miguel Santa Flor,Oaxaca,2025-07-01,0.0,0.0,Bajo
20277,Villa Sola de Vega,Oaxaca,2025-05-01,0.0,0.0,Bajo
20277,Villa Sola de Vega,Oaxaca,2025-06-01,0.0,0.0,Bajo
20277,Villa Sola de Vega,Oaxaca,2025-07-01,0.0,0.0,Bajo
20278,San Miguel Soyaltepec,Oaxaca,2025-05-01,0.0,0.0,Bajo
20278,San Miguel Soyaltepec,Oaxaca,2025-06-01,1.0,0.0,Bajo
20278,San Miguel Soyaltepec,Oaxaca,2025-07-01,0.0,0.0,Bajo
20279,San Miguel Suchixtepec,Oaxaca,2025-05-01,0.0,0.0,Bajo
20279,San Miguel Suchixtepec,Oaxaca,2025-06-01,0.0,0.0,Bajo
20279,San Miguel Suchixtepec,Oaxaca,2025-07-01,0.0,0.0,Bajo
20280,Villa Talea de Castro,Oaxaca,2025-05-01,0.0,0.0,Bajo
20280,Villa Talea de Castro,Oaxaca,2025-06-01,0.0,0.0,Bajo
20280,Villa Talea de Castro,Oaxaca,2025-07-01,0.0,0.0,Bajo
20281,San Miguel Tecomatlán,Oaxaca,2025-05-01,0.0,0.0,Bajo
20281,San Miguel Tecomatlán,Oaxaca,2025-06-01,0.0,0.0,Bajo
20281,San Miguel Tecomatlán,Oaxaca,2025-07-01,0.0,0.0,Bajo
20282,San Miguel Tenango,Oaxaca,2025-05-01,0.0,0.0,Bajo
20282,San Miguel Tenango,Oaxaca,2025-06-01,1.0,0.0,Bajo
20282,San Miguel Tenango,Oaxaca,2025-07-01,0.0,0.0,Bajo
20283,San Miguel Tequixtepec,Oaxaca,2025-05-01,0.0,0.0,Bajo
20283,San Miguel Tequixtepec,Oaxaca,2025-06-01,0.0,0.0,Bajo
20283,San Miguel Tequixtepec,Oaxaca,2025-07-01,0.0,0.0,Bajo
20284,San Miguel Tilquiápam,Oaxaca,2025-05-01,0.0,0.0,Bajo
20284,San Miguel Tilquiápam,Oaxaca,2025-06-01,0.0,0.0,Bajo
20284,San Miguel Tilquiápam,Oaxaca,2025-07-01,0.0,0.0,Bajo
20285,San Miguel Tlacamama,Oaxaca,2025-05-01,0.0,0.0,Bajo
20285,San Miguel Tlacamama,Oaxaca,2025-06-01,0.0,0.0,Bajo
20285,San Miguel Tlacamama,Oaxaca,2025-07-01,0.0,0.0,Bajo
20286,San Miguel Tlacotepec,Oaxaca,2025-05-01,0.0,0.0,Bajo
20286,San Miguel Tlacotepec,Oaxaca,2025-06-01,0.0,0.0,Bajo
20286,San Miguel Tlacotepec,Oaxaca,2025-07-01,0.0,0.0,Bajo
20287,San Miguel Tulancingo,Oaxaca,2025-05-01,0.0,0.0,Bajo
20287,San Miguel Tulancingo,Oaxaca,2025-06-01,0.0,0.0,Bajo
20287,San Miguel Tulancingo,Oaxaca,2025-07-01,0.0,0.0,Bajo
20288,San Miguel Yotao,Oaxaca,2025-05-01,0.0,0.0,Bajo
20288,San Miguel Yotao,Oaxaca,2025-06-01,0.0,0.0,Bajo
20288,San Miguel Yotao,Oaxaca,2025-07-01,0.0,0.0,Bajo
20289,San Nicolás,Oaxaca,2025-05-01,0.0,0.0,Bajo
20289,San Nicolás,Oaxaca,2025-06-01,0.0,0.0,Bajo
20289,San Nicolás,Oaxaca,2025-07-01,0.0,0.0,Bajo
20290,San Nicolás Hidalgo,Oaxaca,2025-05-01,0.0,0.0,Bajo
20290,San Nicolás Hidalgo,Oaxaca,2025-06-01,0.0,0.0,Bajo
20290,San Nicolás Hidalgo,Oaxaca,2025-07-01,0.0,0.0,Bajo
20291,San Pablo Coatlán,Oaxaca,2025-05-01,0.0,0.0,Bajo
20291,San Pablo Coatlán,Oaxaca,2025-06-01,0.0,0.0,Bajo
20291,San Pablo Coatlán,Oaxaca,2025-07-01,0.0,0.0,Bajo
20292,San Pablo Cuatro Venados,Oaxaca,2025-05-01,0.0,0.0,Bajo
20292,San Pablo Cuatro Venados,Oaxaca,2025-06-01,0.0,0.0,Bajo
20292,San Pablo Cuatro Venados,Oaxaca,2025-07-01,0.0,0.0,Bajo
20293,San Pablo Etla,Oaxaca,2025-05-01,3.0,0.0,Bajo
20293,San Pablo Etla,Oaxaca,2025-06-01,1.0,0.0,Bajo
20293,San Pablo Etla,Oaxaca,2025-07-01,4.0,0.0,Bajo
20294,San Pablo Huitzo,Oaxaca,2025-05-01,1.0,0.0,Bajo
20294,San Pablo Huitzo,Oaxaca,2025-06-01,0.0,0.0,Bajo
20294,San Pablo Huitzo,Oaxaca,2025-07-01,1.0,0.0,Bajo
20295,San Pablo Huixtepec,Oaxaca,2025-05-01,0.0,0.0,Bajo
20295,San Pablo Huixtepec,Oaxaca,2025-06-01,2.0,0.0,Bajo
20295,San Pablo Huixtepec,Oaxaca,2025-07-01,0.0,0.0,Bajo
20296,San Pablo Macuiltianguis,Oaxaca,2025-05-01,0.0,0.0,Bajo
20296,San Pablo Macuiltianguis,Oaxaca,2025-06-01,0.0,0.0,Bajo
20296,San Pablo Macuiltianguis,Oaxaca,2025-07-01,0.0,0.0,Bajo
20297,San Pablo Tijaltepec,Oaxaca,2025-05-01,0.0,0.0,Bajo
20297,San Pablo Tijaltepec,Oaxaca,2025-06-01,0.0,0.0,Bajo
20297,San Pablo Tijaltepec,Oaxaca,2025-07-01,0.0,0.0,Bajo
20298,San Pablo Villa de Mitla,Oaxaca,2025-05-01,3.0,0.0,Bajo
20298,San Pablo Villa de Mitla,Oaxaca,2025-06-01,1.0,0.0,Bajo
20298,San Pablo Villa de Mitla,Oaxaca,2025-07-01,0.0,0.0,Bajo
20299,San Pablo Yaganiza,Oaxaca,2025-05-01,0.0,0.0,Bajo
20299,San Pablo Yaganiza,Oaxaca,2025-06-01,0.0,0.0,Bajo
20299,San Pablo Yaganiza,Oaxaca,2025-07-01,0.0,0.0,Bajo
20300,San Pedro Amuzgos,Oaxaca,2025-05-01,0.0,0.0,Bajo
20300,San Pedro Amuzgos,Oaxaca,2025-06-01,0.0,0.0,Bajo
20300,San Pedro Amuzgos,Oaxaca,2025-07-01,0.0,0.0,Bajo
20301,San Pedro Apóstol,Oaxaca,2025-05-01,0.0,0.0,Bajo
20301,San Pedro Apóstol,Oaxaca,2025-06-01,0.0,0.0,Bajo
20301,San Pedro Apóstol,Oaxaca,2025-07-01,0.0,0.0,Bajo
20302,San Pedro Atoyac,Oaxaca,2025-05-01,0.0,0.0,Bajo
20302,San Pedro Atoyac,Oaxaca,2025-06-01,0.0,0.0,Bajo
20302,San Pedro Atoyac,Oaxaca,2025-07-01,0.0,0.0,Bajo
20303,San Pedro Cajonos,Oaxaca,2025-05-01,0.0,0.0,Bajo
20303,San Pedro Cajonos,Oaxaca,2025-06-01,0.0,0.0,Bajo
20303,San Pedro Cajonos,Oaxaca,2025-07-01,0.0,0.0,Bajo
20304,San Pedro Coxcaltepec Cántaros,Oaxaca,2025-05-01,0.0,0.0,Bajo
20304,San Pedro Coxcaltepec Cántaros,Oaxaca,2025-06-01,1.0,0.0,Bajo
20304,San Pedro Coxcaltepec Cántaros,Oaxaca,2025-07-01,0.0,0.0,Bajo
20305,San Pedro Comitancillo,Oaxaca,2025-05-01,0.0,0.0,Bajo
20305,San Pedro Comitancillo,Oaxaca,2025-06-01,0.0,0.0,Bajo
20305,San Pedro Comitancillo,Oaxaca,2025-07-01,0.0,0.0,Bajo
20306,San Pedro el Alto,Oaxaca,2025-05-01,0.0,0.0,Bajo
20306,San Pedro el Alto,Oaxaca,2025-06-01,0.0,0.0,Bajo
20306,San Pedro el Alto,Oaxaca,2025-07-01,0.0,0.0,Bajo
20307,San Pedro Huamelula,Oaxaca,2025-05-01,0.0,0.0,Bajo
20307,San Pedro Huamelula,Oaxaca,2025-06-01,0.0,0.0,Bajo
20307,San Pedro Huamelula,Oaxaca,2025-07-01,1.0,0.0,Bajo
20308,San Pedro Huilotepec,Oaxaca,2025-05-01,0.0,0.0,Bajo
20308,San Pedro Huilotepec,Oaxaca,2025-06-01,0.0,0.0,Bajo
20308,San Pedro Huilotepec,Oaxaca,2025-07-01,0.0,0.0,Bajo
20309,San Pedro Ixcatlán,Oaxaca,2025-05-01,0.0,0.0,Bajo
20309,San Pedro Ixcatlán,Oaxaca,2025-06-01,0.0,0.0,Bajo
20309,San Pedro Ixcatlán,Oaxaca,2025-07-01,0.0,0.0,Bajo
20310,San Pedro Ixtlahuaca,Oaxaca,2025-05-01,6.0,0.0,Bajo
20310,San Pedro Ixtlahuaca,Oaxaca,2025-06-01,4.0,0.0,Bajo
20310,San Pedro Ixtlahuaca,Oaxaca,2025-07-01,0.0,0.0,Bajo
20311,San Pedro Jaltepetongo,Oaxaca,2025-05-01,0.0,0.0,Bajo
20311,San Pedro Jaltepetongo,Oaxaca,2025-06-01,0.0,0.0,Bajo
20311,San Pedro Jaltepetongo,Oaxaca,2025-07-01,0.0,0.0,Bajo
20312,San Pedro Jicayán,Oaxaca,2025-05-01,0.0,0.0,Bajo
20312,San Pedro Jicayán,Oaxaca,2025-06-01,0.0,0.0,Bajo
20312,San Pedro Jicayán,Oaxaca,2025-07-01,0.0,0.0,Bajo
20313,San Pedro Jocotipac,Oaxaca,2025-05-01,0.0,0.0,Bajo
20313,San Pedro Jocotipac,Oaxaca,2025-06-01,0.0,0.0,Bajo
20313,San Pedro Jocotipac,Oaxaca,2025-07-01,0.0,0.0,Bajo
20314,San Pedro Juchatengo,Oaxaca,2025-05-01,0.0,0.0,Bajo
20314,San Pedro Juchatengo,Oaxaca,2025-06-01,0.0,0.0,Bajo
20314,San Pedro Juchatengo,Oaxaca,2025-07-01,0.0,0.0,Bajo
20315,San Pedro Mártir,Oaxaca,2025-05-01,0.0,0.0,Bajo
20315,San Pedro Mártir,Oaxaca,2025-06-01,0.0,0.0,Bajo
20315,San Pedro Mártir,Oaxaca,2025-07-01,0.0,0.0,Bajo
20316,San Pedro Mártir Quiechapa,Oaxaca,2025-05-01,0.0,0.0,Bajo
20316,San Pedro Mártir Quiechapa,Oaxaca,2025-06-01,0.0,0.0,Bajo
20316,San Pedro Mártir Quiechapa,Oaxaca,2025-07-01,0.0,0.0,Bajo
20317,San Pedro Mártir Yucuxaco,Oaxaca,2025-05-01,0.0,0.0,Bajo
20317,San Pedro Mártir Yucuxaco,Oaxaca,2025-06-01,0.0,0.0,Bajo
20317,San Pedro Mártir Yucuxaco,Oaxaca,2025-07-01,0.0,0.0,Bajo
20318,San Pedro Mixtepec Distrito 22,Oaxaca,2025-05-01,2.0,0.0,Bajo
20318,San Pedro Mixtepec Distrito 22,Oaxaca,2025-06-01,8.0,0.0,Bajo
20318,San Pedro Mixtepec Distrito 22,Oaxaca,2025-07-01,3.0,0.0,Bajo
20319,San Pedro Mixtepec Distrito 26,Oaxaca,2025-05-01,0.0,0.0,Bajo
20319,San Pedro Mixtepec Distrito 26,Oaxaca,2025-06-01,0.0,0.0,Bajo
20319,San Pedro Mixtepec Distrito 26,Oaxaca,2025-07-01,0.0,0.0,Bajo
20320,San Pedro Molinos,Oaxaca,2025-05-01,0.0,0.0,Bajo
20320,San Pedro Molinos,Oaxaca,2025-06-01,0.0,0.0,Bajo
20320,San Pedro Molinos,Oaxaca,2025-07-01,0.0,0.0,Bajo
20321,San Pedro Nopala,Oaxaca,2025-05-01,0.0,0.0,Bajo
20321,San Pedro Nopala,Oaxaca,2025-06-01,0.0,0.0,Bajo
20321,San Pedro Nopala,Oaxaca,2025-07-01,0.0,0.0,Bajo
20322,San Pedro Ocopetatillo,Oaxaca,2025-05-01,0.0,0.0,Bajo
20322,San Pedro Ocopetatillo,Oaxaca,2025-06-01,0.0,0.0,Bajo
20322,San Pedro Ocopetatillo,Oaxaca,2025-07-01,0.0,0.0,Bajo
20323,San Pedro Ocotepec,Oaxaca,2025-05-01,0.0,0.0,Bajo
20323,San Pedro Ocotepec,Oaxaca,2025-06-01,0.0,0.0,Bajo
20323,San Pedro Ocotepec,Oaxaca,2025-07-01,0.0,0.0,Bajo
20324,San Pedro Pochutla,Oaxaca,2025-05-01,2.0,0.0,Bajo
20324,San Pedro Pochutla,Oaxaca,2025-06-01,2.0,0.0,Bajo
20324,San Pedro Pochutla,Oaxaca,2025-07-01,6.0,0.0,Bajo
20325,San Pedro Quiatoni,Oaxaca,2025-05-01,0.0,0.0,Bajo
20325,San Pedro Quiatoni,Oaxaca,2025-06-01,0.0,0.0,Bajo
20325,San Pedro Quiatoni,Oaxaca,2025-07-01,0.0,0.0,Bajo
20326,San Pedro Sochiápam,Oaxaca,2025-05-01,0.0,0.0,Bajo
20326,San Pedro Sochiápam,Oaxaca,2025-06-01,0.0,0.0,Bajo
20326,San Pedro Sochiápam,Oaxaca,2025-07-01,0.0,0.0,Bajo
20327,San Pedro Tapanatepec,Oaxaca,2025-05-01,0.0,0.0,Bajo
20327,San Pedro Tapanatepec,Oaxaca,2025-06-01,0.0,0.0,Bajo
20327,San Pedro Tapanatepec,Oaxaca,2025-07-01,0.0,0.0,Bajo
20328,San Pedro Taviche,Oaxaca,2025-05-01,0.0,0.0,Bajo
20328,San Pedro Taviche,Oaxaca,2025-06-01,0.0,0.0,Bajo
20328,San Pedro Taviche,Oaxaca,2025-07-01,0.0,0.0,Bajo
20329,San Pedro Teozacoalco,Oaxaca,2025-05-01,0.0,0.0,Bajo
20329,San Pedro Teozacoalco,Oaxaca,2025-06-01,0.0,0.0,Bajo
20329,San Pedro Teozacoalco,Oaxaca,2025-07-01,0.0,0.0,Bajo
20330,San Pedro Teutila,Oaxaca,2025-05-01,0.0,0.0,Bajo
20330,San Pedro Teutila,Oaxaca,2025-06-01,0.0,0.0,Bajo
20330,San Pedro Teutila,Oaxaca,2025-07-01,0.0,0.0,Bajo
20331,San Pedro Tidaá,Oaxaca,2025-05-01,0.0,0.0,Bajo
20331,San Pedro Tidaá,Oaxaca,2025-06-01,0.0,0.0,Bajo
20331,San Pedro Tidaá,Oaxaca,2025-07-01,0.0,0.0,Bajo
20332,San Pedro Topiltepec,Oaxaca,2025-05-01,0.0,0.0,Bajo
20332,San Pedro Topiltepec,Oaxaca,2025-06-01,0.0,0.0,Bajo
20332,San Pedro Topiltepec,Oaxaca,2025-07-01,0.0,0.0,Bajo
20333,San Pedro Totolápam,Oaxaca,2025-05-01,1.0,0.0,Bajo
20333,San Pedro Totolápam,Oaxaca,2025-06-01,0.0,0.0,Bajo
20333,San Pedro Totolápam,Oaxaca,2025-07-01,2.0,0.0,Bajo
20334,Villa de Tututepec,Oaxaca,2025-05-01,2.0,0.0,Bajo
20334,Villa de Tututepec,Oaxaca,2025-06-01,1.0,0.0,Bajo
20334,Villa de Tututepec,Oaxaca,2025-07-01,2.0,0.0,Bajo
20335,San Pedro Yaneri,Oaxaca,2025-05-01,0.0,0.0,Bajo
20335,San Pedro Yaneri,Oaxaca,2025-06-01,0.0,0.0,Bajo
20335,San Pedro Yaneri,Oaxaca,2025-07-01,0.0,0.0,Bajo
20336,San Pedro Yólox,Oaxaca,2025-05-01,0.0,0.0,Bajo
20336,San Pedro Yólox,Oaxaca,2025-06-01,0.0,0.0,Bajo
20336,San Pedro Yólox,Oaxaca,2025-07-01,0.0,0.0,Bajo
20337,San Pedro y San Pablo Ayutla,Oaxaca,2025-05-01,0.0,0.0,Bajo
20337,San Pedro y San Pablo Ayutla,Oaxaca,2025-06-01,0.0,0.0,Bajo
20337,San Pedro y San Pablo Ayutla,Oaxaca,2025-07-01,0.0,0.0,Bajo
20338,Villa de Etla,Oaxaca,2025-05-01,1.0,0.0,Bajo
20338,Villa de Etla,Oaxaca,2025-06-01,1.0,0.0,Bajo
20338,Villa de Etla,Oaxaca,2025-07-01,4.0,0.0,Bajo
20339,San Pedro y San Pablo Teposcolula,Oaxaca,2025-05-01,0.0,1.0,Bajo
20339,San Pedro y San Pablo Teposcolula,Oaxaca,2025-06-01,1.0,0.0,Bajo
20339,San Pedro y San Pablo Teposcolula,Oaxaca,2025-07-01,0.0,0.0,Bajo
20340,San Pedro y San Pablo Tequixtepec,Oaxaca,2025-05-01,0.0,0.0,Bajo
20340,San Pedro y San Pablo Tequixtepec,Oaxaca,2025-06-01,0.0,0.0,Bajo
20340,San Pedro y San Pablo Tequixtepec,Oaxaca,2025-07-01,0.0,0.0,Bajo
20341,San Pedro Yucunama,Oaxaca,2025-05-01,0.0,0.0,Bajo
20341,San Pedro Yucunama,Oaxaca,2025-06-01,0.0,0.0,Bajo
20341,San Pedro Yucunama,Oaxaca,2025-07-01,0.0,0.0,Bajo
20342,San Raymundo Jalpan,Oaxaca,2025-05-01,0.0,0.0,Bajo
20342,San Raymundo Jalpan,Oaxaca,2025-06-01,2.0,0.0,Bajo
20342,San Raymundo Jalpan,Oaxaca,2025-07-01,1.0,0.0,Bajo
20343,San Sebastián Abasolo,Oaxaca,2025-05-01,0.0,0.0,Bajo
20343,San Sebastián Abasolo,Oaxaca,2025-06-01,0.0,0.0,Bajo
20343,San Sebastián Abasolo,Oaxaca,2025-07-01,0.0,0.0,Bajo
20344,San Sebastián Coatlán,Oaxaca,2025-05-01,0.0,0.0,Bajo
20344,San Sebastián Coatlán,Oaxaca,2025-06-01,0.0,0.0,Bajo
20344,San Sebastián Coatlán,Oaxaca,2025-07-01,0.0,0.0,Bajo
20345,San Sebastián Ixcapa,Oaxaca,2025-05-01,0.0,0.0,Bajo
20345,San Sebastián Ixcapa,Oaxaca,2025-06-01,0.0,0.0,Bajo
20345,San Sebastián Ixcapa,Oaxaca,2025-07-01,0.0,0.0,Bajo
20346,San Sebastián Nicananduta,Oaxaca,2025-05-01,0.0,0.0,Bajo
20346,San Sebastián Nicananduta,Oaxaca,2025-06-01,0.0,0.0,Bajo
20346,San Sebastián Nicananduta,Oaxaca,2025-07-01,0.0,0.0,Bajo
20347,San Sebastián Río Hondo,Oaxaca,2025-05-01,0.0,0.0,Bajo
20347,San Sebastián Río Hondo,Oaxaca,2025-06-01,0.0,0.0,Bajo
20347,San Sebastián Río Hondo,Oaxaca,2025-07-01,0.0,0.0,Bajo
20348,San Sebastián Tecomaxtlahuaca,Oaxaca,2025-05-01,0.0,0.0,Bajo
20348,San Sebastián Tecomaxtlahuaca,Oaxaca,2025-06-01,0.0,0.0,Bajo
20348,San Sebastián Tecomaxtlahuaca,Oaxaca,2025-07-01,0.0,0.0,Bajo
20349,San Sebastián Teitipac,Oaxaca,2025-05-01,0.0,0.0,Bajo
20349,San Sebastián Teitipac,Oaxaca,2025-06-01,1.0,0.0,Bajo
20349,San Sebastián Teitipac,Oaxaca,2025-07-01,0.0,0.0,Bajo
20350,San Sebastián Tutla,Oaxaca,2025-05-01,10.0,0.0,Bajo
20350,San Sebastián Tutla,Oaxaca,2025-06-01,11.0,0.0,Bajo
20350,San Sebastián Tutla,Oaxaca,2025-07-01,5.0,0.0,Bajo
20351,San Simón Almolongas,Oaxaca,2025-05-01,0.0,0.0,Bajo
20351,San Simón Almolongas,Oaxaca,2025-06-01,0.0,0.0,Bajo
20351,San Simón Almolongas,Oaxaca,2025-07-01,0.0,0.0,Bajo
20352,San Simón Zahuatlán,Oaxaca,2025-05-01,0.0,0.0,Bajo
20352,San Simón Zahuatlán,Oaxaca,2025-06-01,0.0,0.0,Bajo
20352,San Simón Zahuatlán,Oaxaca,2025-07-01,0.0,0.0,Bajo
20353,Santa Ana,Oaxaca,2025-05-01,0.0,0.0,Bajo
20353,Santa Ana,Oaxaca,2025-06-01,0.0,0.0,Bajo
20353,Santa Ana,Oaxaca,2025-07-01,0.0,0.0,Bajo
20354,Santa Ana Ateixtlahuaca,Oaxaca,2025-05-01,0.0,0.0,Bajo
20354,Santa Ana Ateixtlahuaca,Oaxaca,2025-06-01,0.0,0.0,Bajo
20354,Santa Ana Ateixtlahuaca,Oaxaca,2025-07-01,0.0,0.0,Bajo
20355,Santa Ana Cuauhtémoc,Oaxaca,2025-05-01,0.0,0.0,Bajo
20355,Santa Ana Cuauhtémoc,Oaxaca,2025-06-01,0.0,0.0,Bajo
20355,Santa Ana Cuauhtémoc,Oaxaca,2025-07-01,0.0,0.0,Bajo
20356,Santa Ana del Valle,Oaxaca,2025-05-01,0.0,0.0,Bajo
20356,Santa Ana del Valle,Oaxaca,2025-06-01,0.0,0.0,Bajo
20356,Santa Ana del Valle,Oaxaca,2025-07-01,0.0,0.0,Bajo
20357,Santa Ana Tavela,Oaxaca,2025-05-01,0.0,0.0,Bajo
20357,Santa Ana Tavela,Oaxaca,2025-06-01,0.0,0.0,Bajo
20357,Santa Ana Tavela,Oaxaca,2025-07-01,0.0,0.0,Bajo
20358,Santa Ana Tlapacoyan,Oaxaca,2025-05-01,0.0,0.0,Bajo
20358,Santa Ana Tlapacoyan,Oaxaca,2025-06-01,0.0,0.0,Bajo
20358,Santa Ana Tlapacoyan,Oaxaca,2025-07-01,0.0,0.0,Bajo
20359,Santa Ana Yareni,Oaxaca,2025-05-01,0.0,0.0,Bajo
20359,Santa Ana Yareni,Oaxaca,2025-06-01,0.0,0.0,Bajo
20359,Santa Ana Yareni,Oaxaca,2025-07-01,0.0,0.0,Bajo
20360,Santa Ana Zegache,Oaxaca,2025-05-01,1.0,0.0,Bajo
20360,Santa Ana Zegache,Oaxaca,2025-06-01,0.0,0.0,Bajo
20360,Santa Ana Zegache,Oaxaca,2025-07-01,0.0,0.0,Bajo
20361,Santa Catalina Quierí,Oaxaca,2025-05-01,0.0,0.0,Bajo
20361,Santa Catalina Quierí,Oaxaca,2025-06-01,0.0,0.0,Bajo
20361,Santa Catalina Quierí,Oaxaca,2025-07-01,0.0,0.0,Bajo
20362,Santa Catarina Cuixtla,Oaxaca,2025-05-01,0.0,0.0,Bajo
20362,Santa Catarina Cuixtla,Oaxaca,2025-06-01,0.0,0.0,Bajo
20362,Santa Catarina Cuixtla,Oaxaca,2025-07-01,0.0,0.0,Bajo
20363,Santa Catarina Ixtepeji,Oaxaca,2025-05-01,0.0,0.0,Bajo
20363,Santa Catarina Ixtepeji,Oaxaca,2025-06-01,1.0,0.0,Bajo
20363,Santa Catarina Ixtepeji,Oaxaca,2025-07-01,0.0,0.0,Bajo
20364,Santa Catarina Juquila,Oaxaca,2025-05-01,0.0,0.0,Bajo
20364,Santa Catarina Juquila,Oaxaca,2025-06-01,1.0,0.0,Bajo
20364,Santa Catarina Juquila,Oaxaca,2025-07-01,0.0,0.0,Bajo
20365,Santa Catarina Lachatao,Oaxaca,2025-05-01,0.0,0.0,Bajo
20365,Santa Catarina Lachatao,Oaxaca,2025-06-01,0.0,0.0,Bajo
20365,Santa Catarina Lachatao,Oaxaca,2025-07-01,0.0,0.0,Bajo
20366,Santa Catarina Loxicha,Oaxaca,2025-05-01,0.0,0.0,Bajo
20366,Santa Catarina Loxicha,Oaxaca,2025-06-01,0.0,0.0,Bajo
20366,Santa Catarina Loxicha,Oaxaca,2025-07-01,0.0,0.0,Bajo
20367,Santa Catarina Mechoacán,Oaxaca,2025-05-01,0.0,0.0,Bajo
20367,Santa Catarina Mechoacán,Oaxaca,2025-06-01,0.0,0.0,Bajo
20367,Santa Catarina Mechoacán,Oaxaca,2025-07-01,0.0,0.0,Bajo
20368,Santa Catarina Minas,Oaxaca,2025-05-01,0.0,0.0,Bajo
20368,Santa Catarina Minas,Oaxaca,2025-06-01,1.0,0.0,Bajo
20368,Santa Catarina Minas,Oaxaca,2025-07-01,0.0,0.0,Bajo
20369,Santa Catarina Quiané,Oaxaca,2025-05-01,0.0,0.0,Bajo
20369,Santa Catarina Quiané,Oaxaca,2025-06-01,0.0,0.0,Bajo
20369,Santa Catarina Quiané,Oaxaca,2025-07-01,0.0,0.0,Bajo
20370,Santa Catarina Tayata,Oaxaca,2025-05-01,0.0,0.0,Bajo
20370,Santa Catarina Tayata,Oaxaca,2025-06-01,0.0,0.0,Bajo
20370,Santa Catarina Tayata,Oaxaca,2025-07-01,0.0,0.0,Bajo
20371,Santa Catarina Ticuá,Oaxaca,2025-05-01,0.0,0.0,Bajo
20371,Santa Catarina Ticuá,Oaxaca,2025-06-01,0.0,0.0,Bajo
20371,Santa Catarina Ticuá,Oaxaca,2025-07-01,0.0,0.0,Bajo
20372,Santa Catarina Yosonotú,Oaxaca,2025-05-01,0.0,0.0,Bajo
20372,Santa Catarina Yosonotú,Oaxaca,2025-06-01,0.0,0.0,Bajo
20372,Santa Catarina Yosonotú,Oaxaca,2025-07-01,0.0,0.0,Bajo
20373,Santa Catarina Zapoquila,Oaxaca,2025-05-01,0.0,0.0,Bajo
20373,Santa Catarina Zapoquila,Oaxaca,2025-06-01,0.0,0.0,Bajo
20373,Santa Catarina Zapoquila,Oaxaca,2025-07-01,0.0,0.0,Bajo
20374,Santa Cruz Acatepec,Oaxaca,2025-05-01,0.0,0.0,Bajo
20374,Santa Cruz Acatepec,Oaxaca,2025-06-01,0.0,0.0,Bajo
20374,Santa Cruz Acatepec,Oaxaca,2025-07-01,0.0,0.0,Bajo
20375,Santa Cruz Amilpas,Oaxaca,2025-05-01,1.0,0.0,Bajo
20375,Santa Cruz Amilpas,Oaxaca,2025-06-01,6.0,0.0,Bajo
20375,Santa Cruz Amilpas,Oaxaca,2025-07-01,0.0,0.0,Bajo
20376,Santa Cruz de Bravo,Oaxaca,2025-05-01,0.0,0.0,Bajo
20376,Santa Cruz de Bravo,Oaxaca,2025-06-01,0.0,0.0,Bajo
20376,Santa Cruz de Bravo,Oaxaca,2025-07-01,0.0,0.0,Bajo
20377,Santa Cruz Itundujia,Oaxaca,2025-05-01,0.0,0.0,Bajo
20377,Santa Cruz Itundujia,Oaxaca,2025-06-01,0.0,0.0,Bajo
20377,Santa Cruz Itundujia,Oaxaca,2025-07-01,0.0,0.0,Bajo
20378,Santa Cruz Mixtepec,Oaxaca,2025-05-01,0.0,0.0,Bajo
20378,Santa Cruz Mixtepec,Oaxaca,2025-06-01,0.0,0.0,Bajo
20378,Santa Cruz Mixtepec,Oaxaca,2025-07-01,0.0,0.0,Bajo
20379,Santa Cruz Nundaco,Oaxaca,2025-05-01,0.0,0.0,Bajo
20379,Santa Cruz Nundaco,Oaxaca,2025-06-01,0.0,0.0,Bajo
20379,Santa Cruz Nundaco,Oaxaca,2025-07-01,0.0,0.0,Bajo
20380,Santa Cruz Papalutla,Oaxaca,2025-05-01,0.0,0.0,Bajo
20380,Santa Cruz Papalutla,Oaxaca,2025-06-01,0.0,0.0,Bajo
20380,Santa Cruz Papalutla,Oaxaca,2025-07-01,0.0,0.0,Bajo
20381,Santa Cruz Tacache de Mina,Oaxaca,2025-05-01,0.0,0.0,Bajo
20381,Santa Cruz Tacache de Mina,Oaxaca,2025-06-01,0.0,0.0,Bajo
20381,Santa Cruz Tacache de Mina,Oaxaca,2025-07-01,0.0,0.0,Bajo
20382,Santa Cruz Tacahua,Oaxaca,2025-05-01,0.0,0.0,Bajo
20382,Santa Cruz Tacahua,Oaxaca,2025-06-01,0.0,0.0,Bajo
20382,Santa Cruz Tacahua,Oaxaca,2025-07-01,0.0,0.0,Bajo
20383,Santa Cruz Tayata,Oaxaca,2025-05-01,0.0,0.0,Bajo
20383,Santa Cruz Tayata,Oaxaca,2025-06-01,0.0,0.0,Bajo
20383,Santa Cruz Tayata,Oaxaca,2025-07-01,0.0,0.0,Bajo
20384,Santa Cruz Xitla,Oaxaca,2025-05-01,0.0,0.0,Bajo
20384,Santa Cruz Xitla,Oaxaca,2025-06-01,0.0,0.0,Bajo
20384,Santa Cruz Xitla,Oaxaca,2025-07-01,0.0,0.0,Bajo
20385,Santa Cruz Xoxocotlán,Oaxaca,2025-05-01,13.0,0.0,Bajo
20385,Santa Cruz Xoxocotlán,Oaxaca,2025-06-01,24.0,0.0,Bajo
20385,Santa Cruz Xoxocotlán,Oaxaca,2025-07-01,22.0,0.0,Bajo
20386,Santa Cruz Zenzontepec,Oaxaca,2025-05-01,0.0,0.0,Bajo
20386,Santa Cruz Zenzontepec,Oaxaca,2025-06-01,0.0,0.0,Bajo
20386,Santa Cruz Zenzontepec,Oaxaca,2025-07-01,0.0,0.0,Bajo
20387,Santa Gertrudis,Oaxaca,2025-05-01,0.0,0.0,Bajo
20387,Santa Gertrudis,Oaxaca,2025-06-01,0.0,0.0,Bajo
20387,Santa Gertrudis,Oaxaca,2025-07-01,0.0,0.0,Bajo
20388,Santa Inés del Monte,Oaxaca,2025-05-01,0.0,0.0,Bajo
20388,Santa Inés del Monte,Oaxaca,2025-06-01,0.0,0.0,Bajo
20388,Santa Inés del Monte,Oaxaca,2025-07-01,0.0,0.0,Bajo
20389,Santa Inés Yatzeche,Oaxaca,2025-05-01,0.0,0.0,Bajo
20389,Santa Inés Yatzeche,Oaxaca,2025-06-01,0.0,0.0,Bajo
20389,Santa Inés Yatzeche,Oaxaca,2025-07-01,0.0,0.0,Bajo
20390,Santa Lucía del Camino,Oaxaca,2025-05-01,10.0,0.0,Bajo
20390,Santa Lucía del Camino,Oaxaca,2025-06-01,18.0,0.0,Bajo
20390,Santa Lucía del Camino,Oaxaca,2025-07-01,10.0,0.0,Bajo
20391,Santa Lucía Miahuatlán,Oaxaca,2025-05-01,0.0,0.0,Bajo
20391,Santa Lucía Miahuatlán,Oaxaca,2025-06-01,0.0,0.0,Bajo
20391,Santa Lucía Miahuatlán,Oaxaca,2025-07-01,0.0,0.0,Bajo
20392,Santa Lucía Monteverde,Oaxaca,2025-05-01,0.0,0.0,Bajo
20392,Santa Lucía Monteverde,Oaxaca,2025-06-01,0.0,0.0,Bajo
20392,Santa Lucía Monteverde,Oaxaca,2025-07-01,0.0,0.0,Bajo
20393,Santa Lucía Ocotlán,Oaxaca,2025-05-01,0.0,0.0,Bajo
20393,Santa Lucía Ocotlán,Oaxaca,2025-06-01,0.0,0.0,Bajo
20393,Santa Lucía Ocotlán,Oaxaca,2025-07-01,0.0,0.0,Bajo
20394,Santa María Alotepec,Oaxaca,2025-05-01,0.0,0.0,Bajo
20394,Santa María Alotepec,Oaxaca,2025-06-01,0.0,0.0,Bajo
20394,Santa María Alotepec,Oaxaca,2025-07-01,0.0,0.0,Bajo
20395,Santa María Apazco,Oaxaca,2025-05-01,0.0,0.0,Bajo
20395,Santa María Apazco,Oaxaca,2025-06-01,0.0,0.0,Bajo
20395,Santa María Apazco,Oaxaca,2025-07-01,0.0,0.0,Bajo
20396,Santa María la Asunción,Oaxaca,2025-05-01,0.0,0.0,Bajo
20396,Santa María la Asunción,Oaxaca,2025-06-01,0.0,0.0,Bajo
20396,Santa María la Asunción,Oaxaca,2025-07-01,0.0,0.0,Bajo
20397,Heroica Ciudad de Tlaxiaco,Oaxaca,2025-05-01,2.0,0.0,Bajo
20397,Heroica Ciudad de Tlaxiaco,Oaxaca,2025-06-01,2.0,0.0,Bajo
20397,Heroica Ciudad de Tlaxiaco,Oaxaca,2025-07-01,3.0,0.0,Bajo
20398,Ayoquezco de Aldama,Oaxaca,2025-05-01,0.0,0.0,Bajo
20398,Ayoquezco de Aldama,Oaxaca,2025-06-01,0.0,0.0,Bajo
20398,Ayoquezco de Aldama,Oaxaca,2025-07-01,0.0,0.0,Bajo
20399,Santa María Atzompa,Oaxaca,2025-05-01,3.0,0.0,Bajo
20399,Santa María Atzompa,Oaxaca,2025-06-01,5.0,0.0,Bajo
20399,Santa María Atzompa,Oaxaca,2025-07-01,5.0,0.0,Bajo
20400,Santa María Camotlán,Oaxaca,2025-05-01,0.0,0.0,Bajo
20400,Santa María Camotlán,Oaxaca,2025-06-01,0.0,0.0,Bajo
20400,Santa María Camotlán,Oaxaca,2025-07-01,0.0,0.0,Bajo
20401,Santa María Colotepec,Oaxaca,2025-05-01,2.0,0.0,Bajo
20401,Santa María Colotepec,Oaxaca,2025-06-01,0.0,0.0,Bajo
20401,Santa María Colotepec,Oaxaca,2025-07-01,3.0,0.0,Bajo
20402,Santa María Cortijo,Oaxaca,2025-05-01,0.0,0.0,Bajo
20402,Santa María Cortijo,Oaxaca,2025-06-01,0.0,0.0,Bajo
20402,Santa María Cortijo,Oaxaca,2025-07-01,0.0,0.0,Bajo
20403,Santa María Coyotepec,Oaxaca,2025-05-01,2.0,0.0,Bajo
20403,Santa María Coyotepec,Oaxaca,2025-06-01,0.0,0.0,Bajo
20403,Santa María Coyotepec,Oaxaca,2025-07-01,2.0,0.0,Bajo
20404,Santa María Chachoápam,Oaxaca,2025-05-01,0.0,0.0,Bajo
20404,Santa María Chachoápam,Oaxaca,2025-06-01,0.0,0.0,Bajo
20404,Santa María Chachoápam,Oaxaca,2025-07-01,0.0,0.0,Bajo
20405,Villa de Chilapa de Díaz,Oaxaca,2025-05-01,0.0,0.0,Bajo
20405,Villa de Chilapa de Díaz,Oaxaca,2025-06-01,0.0,0.0,Bajo
20405,Villa de Chilapa de Díaz,Oaxaca,2025-07-01,0.0,0.0,Bajo
20406,Santa María Chilchotla,Oaxaca,2025-05-01,0.0,0.0,Bajo
20406,Santa María Chilchotla,Oaxaca,2025-06-01,1.0,0.0,Bajo
20406,Santa María Chilchotla,Oaxaca,2025-07-01,0.0,0.0,Bajo
20407,Santa María Chimalapa,Oaxaca,2025-05-01,0.0,0.0,Bajo
20407,Santa María Chimalapa,Oaxaca,2025-06-01,0.0,0.0,Bajo
20407,Santa María Chimalapa,Oaxaca,2025-07-01,0.0,0.0,Bajo
20408,Santa María del Rosario,Oaxaca,2025-05-01,0.0,0.0,Bajo
20408,Santa María del Rosario,Oaxaca,2025-06-01,0.0,0.0,Bajo
20408,Santa María del Rosario,Oaxaca,2025-07-01,0.0,0.0,Bajo
20409,Santa María del Tule,Oaxaca,2025-05-01,0.0,0.0,Bajo
20409,Santa María del Tule,Oaxaca,2025-06-01,1.0,0.0,Bajo
20409,Santa María del Tule,Oaxaca,2025-07-01,2.0,0.0,Bajo
20410,Santa María Ecatepec,Oaxaca,2025-05-01,0.0,0.0,Bajo
20410,Santa María Ecatepec,Oaxaca,2025-06-01,0.0,0.0,Bajo
20410,Santa María Ecatepec,Oaxaca,2025-07-01,0.0,0.0,Bajo
20411,Santa María Guelacé,Oaxaca,2025-05-01,0.0,0.0,Bajo
20411,Santa María Guelacé,Oaxaca,2025-06-01,0.0,0.0,Bajo
20411,Santa María Guelacé,Oaxaca,2025-07-01,0.0,0.0,Bajo
20412,Santa María Guienagati,Oaxaca,2025-05-01,0.0,0.0,Bajo
20412,Santa María Guienagati,Oaxaca,2025-06-01,0.0,0.0,Bajo
20412,Santa María Guienagati,Oaxaca,2025-07-01,0.0,0.0,Bajo
20413,Santa María Huatulco,Oaxaca,2025-05-01,3.0,0.0,Bajo
20413,Santa María Huatulco,Oaxaca,2025-06-01,0.0,0.0,Bajo
20413,Santa María Huatulco,Oaxaca,2025-07-01,2.0,0.0,Bajo
20414,Santa María Huazolotitlán,Oaxaca,2025-05-01,0.0,0.0,Bajo
20414,Santa María Huazolotitlán,Oaxaca,2025-06-01,1.0,0.0,Bajo
20414,Santa María Huazolotitlán,Oaxaca,2025-07-01,0.0,0.0,Bajo
20415,Santa María Ipalapa,Oaxaca,2025-05-01,0.0,0.0,Bajo
20415,Santa María Ipalapa,Oaxaca,2025-06-01,0.0,0.0,Bajo
20415,Santa María Ipalapa,Oaxaca,2025-07-01,0.0,0.0,Bajo
20416,Santa María Ixcatlán,Oaxaca,2025-05-01,0.0,0.0,Bajo
20416,Santa María Ixcatlán,Oaxaca,2025-06-01,0.0,0.0,Bajo
20416,Santa María Ixcatlán,Oaxaca,2025-07-01,0.0,0.0,Bajo
20417,Santa María Jacatepec,Oaxaca,2025-05-01,0.0,0.0,Bajo
20417,Santa María Jacatepec,Oaxaca,2025-06-01,0.0,0.0,Bajo
20417,Santa María Jacatepec,Oaxaca,2025-07-01,0.0,0.0,Bajo
20418,Santa María Jalapa del Marqués,Oaxaca,2025-05-01,0.0,0.0,Bajo
20418,Santa María Jalapa del Marqués,Oaxaca,2025-06-01,1.0,0.0,Bajo
20418,Santa María Jalapa del Marqués,Oaxaca,2025-07-01,0.0,0.0,Bajo
20419,Santa María Jaltianguis,Oaxaca,2025-05-01,0.0,0.0,Bajo
20419,Santa María Jaltianguis,Oaxaca,2025-06-01,0.0,0.0,Bajo
20419,Santa María Jaltianguis,Oaxaca,2025-07-01,0.0,0.0,Bajo
20420,Santa María Lachixío,Oaxaca,2025-05-01,1.0,0.0,Bajo
20420,Santa María Lachixío,Oaxaca,2025-06-01,0.0,0.0,Bajo
20420,Santa María Lachixío,Oaxaca,2025-07-01,0.0,0.0,Bajo
20421,Santa María Mixtequilla,Oaxaca,2025-05-01,1.0,0.0,Bajo
20421,Santa María Mixtequilla,Oaxaca,2025-06-01,0.0,0.0,Bajo
20421,Santa María Mixtequilla,Oaxaca,2025-07-01,0.0,0.0,Bajo
20422,Santa María Nativitas,Oaxaca,2025-05-01,0.0,0.0,Bajo
20422,Santa María Nativitas,Oaxaca,2025-06-01,0.0,0.0,Bajo
20422,Santa María Nativitas,Oaxaca,2025-07-01,0.0,0.0,Bajo
20423,Santa María Nduayaco,Oaxaca,2025-05-01,0.0,0.0,Bajo
20423,Santa María Nduayaco,Oaxaca,2025-06-01,0.0,0.0,Bajo
20423,Santa María Nduayaco,Oaxaca,2025-07-01,0.0,0.0,Bajo
20424,Santa María Ozolotepec,Oaxaca,2025-05-01,0.0,0.0,Bajo
20424,Santa María Ozolotepec,Oaxaca,2025-06-01,0.0,0.0,Bajo
20424,Santa María Ozolotepec,Oaxaca,2025-07-01,0.0,0.0,Bajo
20425,Santa María Pápalo,Oaxaca,2025-05-01,0.0,0.0,Bajo
20425,Santa María Pápalo,Oaxaca,2025-06-01,0.0,0.0,Bajo
20425,Santa María Pápalo,Oaxaca,2025-07-01,0.0,0.0,Bajo
20426,Santa María Peñoles,Oaxaca,2025-05-01,0.0,0.0,Bajo
20426,Santa María Peñoles,Oaxaca,2025-06-01,0.0,0.0,Bajo
20426,Santa María Peñoles,Oaxaca,2025-07-01,0.0,0.0,Bajo
20427,Santa María Petapa,Oaxaca,2025-05-01,0.0,0.0,Bajo
20427,Santa María Petapa,Oaxaca,2025-06-01,1.0,0.0,Bajo
20427,Santa María Petapa,Oaxaca,2025-07-01,0.0,0.0,Bajo
20428,Santa María Quiegolani,Oaxaca,2025-05-01,0.0,0.0,Bajo
20428,Santa María Quiegolani,Oaxaca,2025-06-01,0.0,0.0,Bajo
20428,Santa María Quiegolani,Oaxaca,2025-07-01,0.0,0.0,Bajo
20429,Santa María Sola,Oaxaca,2025-05-01,0.0,0.0,Bajo
20429,Santa María Sola,Oaxaca,2025-06-01,0.0,0.0,Bajo
20429,Santa María Sola,Oaxaca,2025-07-01,0.0,0.0,Bajo
20430,Santa María Tataltepec,Oaxaca,2025-05-01,0.0,0.0,Bajo
20430,Santa María Tataltepec,Oaxaca,2025-06-01,0.0,0.0,Bajo
20430,Santa María Tataltepec,Oaxaca,2025-07-01,0.0,0.0,Bajo
20431,Santa María Tecomavaca,Oaxaca,2025-05-01,0.0,0.0,Bajo
20431,Santa María Tecomavaca,Oaxaca,2025-06-01,0.0,0.0,Bajo
20431,Santa María Tecomavaca,Oaxaca,2025-07-01,0.0,0.0,Bajo
20432,Santa María Temaxcalapa,Oaxaca,2025-05-01,0.0,0.0,Bajo
20432,Santa María Temaxcalapa,Oaxaca,2025-06-01,0.0,0.0,Bajo
20432,Santa María Temaxcalapa,Oaxaca,2025-07-01,0.0,0.0,Bajo
20433,Santa María Temaxcaltepec,Oaxaca,2025-05-01,0.0,0.0,Bajo
20433,Santa María Temaxcaltepec,Oaxaca,2025-06-01,0.0,0.0,Bajo
20433,Santa María Temaxcaltepec,Oaxaca,2025-07-01,0.0,0.0,Bajo
20434,Santa María Teopoxco,Oaxaca,2025-05-01,0.0,0.0,Bajo
20434,Santa María Teopoxco,Oaxaca,2025-06-01,0.0,0.0,Bajo
20434,Santa María Teopoxco,Oaxaca,2025-07-01,0.0,0.0,Bajo
20435,Santa María Tepantlali,Oaxaca,2025-05-01,0.0,0.0,Bajo
20435,Santa María Tepantlali,Oaxaca,2025-06-01,0.0,0.0,Bajo
20435,Santa María Tepantlali,Oaxaca,2025-07-01,0.0,0.0,Bajo
20436,Santa María Texcatitlán,Oaxaca,2025-05-01,0.0,0.0,Bajo
20436,Santa María Texcatitlán,Oaxaca,2025-06-01,0.0,0.0,Bajo
20436,Santa María Texcatitlán,Oaxaca,2025-07-01,0.0,0.0,Bajo
20437,Santa María Tlahuitoltepec,Oaxaca,2025-05-01,0.0,0.0,Bajo
20437,Santa María Tlahuitoltepec,Oaxaca,2025-06-01,0.0,0.0,Bajo
20437,Santa María Tlahuitoltepec,Oaxaca,2025-07-01,0.0,0.0,Bajo
20438,Santa María Tlalixtac,Oaxaca,2025-05-01,0.0,0.0,Bajo
20438,Santa María Tlalixtac,Oaxaca,2025-06-01,0.0,0.0,Bajo
20438,Santa María Tlalixtac,Oaxaca,2025-07-01,0.0,0.0,Bajo
20439,Santa María Tonameca,Oaxaca,2025-05-01,5.0,0.0,Bajo
20439,Santa María Tonameca,Oaxaca,2025-06-01,2.0,0.0,Bajo
20439,Santa María Tonameca,Oaxaca,2025-07-01,0.0,0.0,Bajo
20440,Santa María Totolapilla,Oaxaca,2025-05-01,0.0,0.0,Bajo
20440,Santa María Totolapilla,Oaxaca,2025-06-01,0.0,0.0,Bajo
20440,Santa María Totolapilla,Oaxaca,2025-07-01,0.0,0.0,Bajo
20441,Santa María Xadani,Oaxaca,2025-05-01,0.0,0.0,Bajo
20441,Santa María Xadani,Oaxaca,2025-06-01,0.0,0.0,Bajo
20441,Santa María Xadani,Oaxaca,2025-07-01,0.0,0.0,Bajo
20442,Santa María Yalina,Oaxaca,2025-05-01,0.0,0.0,Bajo
20442,Santa María Yalina,Oaxaca,2025-06-01,0.0,0.0,Bajo
20442,Santa María Yalina,Oaxaca,2025-07-01,0.0,0.0,Bajo
20443,Santa María Yavesía,Oaxaca,2025-05-01,0.0,0.0,Bajo
20443,Santa María Yavesía,Oaxaca,2025-06-01,0.0,0.0,Bajo
20443,Santa María Yavesía,Oaxaca,2025-07-01,0.0,0.0,Bajo
20444,Santa María Yolotepec,Oaxaca,2025-05-01,0.0,0.0,Bajo
20444,Santa María Yolotepec,Oaxaca,2025-06-01,0.0,0.0,Bajo
20444,Santa María Yolotepec,Oaxaca,2025-07-01,0.0,0.0,Bajo
20445,Santa María Yosoyúa,Oaxaca,2025-05-01,0.0,0.0,Bajo
20445,Santa María Yosoyúa,Oaxaca,2025-06-01,0.0,0.0,Bajo
20445,Santa María Yosoyúa,Oaxaca,2025-07-01,0.0,0.0,Bajo
20446,Santa María Yucuhiti,Oaxaca,2025-05-01,0.0,0.0,Bajo
20446,Santa María Yucuhiti,Oaxaca,2025-06-01,0.0,0.0,Bajo
20446,Santa María Yucuhiti,Oaxaca,2025-07-01,0.0,0.0,Bajo
20447,Santa María Zacatepec,Oaxaca,2025-05-01,1.0,0.0,Bajo
20447,Santa María Zacatepec,Oaxaca,2025-06-01,0.0,0.0,Bajo
20447,Santa María Zacatepec,Oaxaca,2025-07-01,0.0,0.0,Bajo
20448,Santa María Zaniza,Oaxaca,2025-05-01,0.0,0.0,Bajo
20448,Santa María Zaniza,Oaxaca,2025-06-01,0.0,0.0,Bajo
20448,Santa María Zaniza,Oaxaca,2025-07-01,0.0,0.0,Bajo
20449,Santa María Zoquitlán,Oaxaca,2025-05-01,0.0,0.0,Bajo
20449,Santa María Zoquitlán,Oaxaca,2025-06-01,0.0,0.0,Bajo
20449,Santa María Zoquitlán,Oaxaca,2025-07-01,0.0,0.0,Bajo
20450,Santiago Amoltepec,Oaxaca,2025-05-01,0.0,0.0,Bajo
20450,Santiago Amoltepec,Oaxaca,2025-06-01,0.0,0.0,Bajo
20450,Santiago Amoltepec,Oaxaca,2025-07-01,0.0,0.0,Bajo
20451,Santiago Apoala,Oaxaca,2025-05-01,0.0,0.0,Bajo
20451,Santiago Apoala,Oaxaca,2025-06-01,0.0,0.0,Bajo
20451,Santiago Apoala,Oaxaca,2025-07-01,0.0,0.0,Bajo
20452,Santiago Apóstol,Oaxaca,2025-05-01,1.0,0.0,Bajo
20452,Santiago Apóstol,Oaxaca,2025-06-01,0.0,0.0,Bajo
20452,Santiago Apóstol,Oaxaca,2025-07-01,0.0,0.0,Bajo
20453,Santiago Astata,Oaxaca,2025-05-01,1.0,0.0,Bajo
20453,Santiago Astata,Oaxaca,2025-06-01,0.0,0.0,Bajo
20453,Santiago Astata,Oaxaca,2025-07-01,0.0,0.0,Bajo
20454,Santiago Atitlán,Oaxaca,2025-05-01,0.0,0.0,Bajo
20454,Santiago Atitlán,Oaxaca,2025-06-01,0.0,0.0,Bajo
20454,Santiago Atitlán,Oaxaca,2025-07-01,0.0,0.0,Bajo
20455,Santiago Ayuquililla,Oaxaca,2025-05-01,0.0,0.0,Bajo
20455,Santiago Ayuquililla,Oaxaca,2025-06-01,0.0,0.0,Bajo
20455,Santiago Ayuquililla,Oaxaca,2025-07-01,0.0,0.0,Bajo
20456,Santiago Cacaloxtepec,Oaxaca,2025-05-01,0.0,0.0,Bajo
20456,Santiago Cacaloxtepec,Oaxaca,2025-06-01,0.0,0.0,Bajo
20456,Santiago Cacaloxtepec,Oaxaca,2025-07-01,0.0,0.0,Bajo
20457,Santiago Camotlán,Oaxaca,2025-05-01,0.0,0.0,Bajo
20457,Santiago Camotlán,Oaxaca,2025-06-01,0.0,0.0,Bajo
20457,Santiago Camotlán,Oaxaca,2025-07-01,0.0,0.0,Bajo
20458,Santiago Comaltepec,Oaxaca,2025-05-01,0.0,0.0,Bajo
20458,Santiago Comaltepec,Oaxaca,2025-06-01,0.0,0.0,Bajo
20458,Santiago Comaltepec,Oaxaca,2025-07-01,1.0,0.0,Bajo
20459,Santiago Chazumba,Oaxaca,2025-05-01,0.0,0.0,Bajo
20459,Santiago Chazumba,Oaxaca,2025-06-01,0.0,0.0,Bajo
20459,Santiago Chazumba,Oaxaca,2025-07-01,0.0,0.0,Bajo
20460,Santiago Choápam,Oaxaca,2025-05-01,0.0,0.0,Bajo
20460,Santiago Choápam,Oaxaca,2025-06-01,0.0,0.0,Bajo
20460,Santiago Choápam,Oaxaca,2025-07-01,0.0,0.0,Bajo
20461,Santiago del Río,Oaxaca,2025-05-01,0.0,0.0,Bajo
20461,Santiago del Río,Oaxaca,2025-06-01,0.0,0.0,Bajo
20461,Santiago del Río,Oaxaca,2025-07-01,0.0,0.0,Bajo
20462,Santiago Huajolotitlán,Oaxaca,2025-05-01,1.0,0.0,Bajo
20462,Santiago Huajolotitlán,Oaxaca,2025-06-01,2.0,0.0,Bajo
20462,Santiago Huajolotitlán,Oaxaca,2025-07-01,0.0,0.0,Bajo
20463,Santiago Huauclilla,Oaxaca,2025-05-01,0.0,0.0,Bajo
20463,Santiago Huauclilla,Oaxaca,2025-06-01,0.0,0.0,Bajo
20463,Santiago Huauclilla,Oaxaca,2025-07-01,0.0,0.0,Bajo
20464,Santiago Ihuitlán Plumas,Oaxaca,2025-05-01,0.0,0.0,Bajo
20464,Santiago Ihuitlán Plumas,Oaxaca,2025-06-01,0.0,0.0,Bajo
20464,Santiago Ihuitlán Plumas,Oaxaca,2025-07-01,0.0,0.0,Bajo
20465,Santiago Ixcuintepec,Oaxaca,2025-05-01,0.0,0.0,Bajo
20465,Santiago Ixcuintepec,Oaxaca,2025-06-01,0.0,0.0,Bajo
20465,Santiago Ixcuintepec,Oaxaca,2025-07-01,0.0,0.0,Bajo
20466,Santiago Ixtayutla,Oaxaca,2025-05-01,0.0,0.0,Bajo
20466,Santiago Ixtayutla,Oaxaca,2025-06-01,1.0,0.0,Bajo
20466,Santiago Ixtayutla,Oaxaca,2025-07-01,0.0,0.0,Bajo
20467,Santiago Jamiltepec,Oaxaca,2025-05-01,0.0,0.0,Bajo
20467,Santiago Jamiltepec,Oaxaca,2025-06-01,0.0,0.0,Bajo
20467,Santiago Jamiltepec,Oaxaca,2025-07-01,1.0,0.0,Bajo
20468,Santiago Jocotepec,Oaxaca,2025-05-01,0.0,0.0,Bajo
20468,Santiago Jocotepec,Oaxaca,2025-06-01,1.0,0.0,Bajo
20468,Santiago Jocotepec,Oaxaca,2025-07-01,0.0,0.0,Bajo
20469,Santiago Juxtlahuaca,Oaxaca,2025-05-01,2.0,0.0,Bajo
20469,Santiago Juxtlahuaca,Oaxaca,2025-06-01,1.0,0.0,Bajo
20469,Santiago Juxtlahuaca,Oaxaca,2025-07-01,0.0,0.0,Bajo
20470,Santiago Lachiguiri,Oaxaca,2025-05-01,0.0,0.0,Bajo
20470,Santiago Lachiguiri,Oaxaca,2025-06-01,0.0,0.0,Bajo
20470,Santiago Lachiguiri,Oaxaca,2025-07-01,0.0,0.0,Bajo
20471,Santiago Lalopa,Oaxaca,2025-05-01,0.0,0.0,Bajo
20471,Santiago Lalopa,Oaxaca,2025-06-01,0.0,0.0,Bajo
20471,Santiago Lalopa,Oaxaca,2025-07-01,0.0,0.0,Bajo
20472,Santiago Laollaga,Oaxaca,2025-05-01,0.0,0.0,Bajo
20472,Santiago Laollaga,Oaxaca,2025-06-01,0.0,0.0,Bajo
20472,Santiago Laollaga,Oaxaca,2025-07-01,0.0,0.0,Bajo
20473,Santiago Laxopa,Oaxaca,2025-05-01,0.0,0.0,Bajo
20473,Santiago Laxopa,Oaxaca,2025-06-01,0.0,0.0,Bajo
20473,Santiago Laxopa,Oaxaca,2025-07-01,0.0,0.0,Bajo
20474,Santiago Llano Grande,Oaxaca,2025-05-01,0.0,0.0,Bajo
20474,Santiago Llano Grande,Oaxaca,2025-06-01,0.0,0.0,Bajo
20474,Santiago Llano Grande,Oaxaca,2025-07-01,0.0,0.0,Bajo
20475,Santiago Matatlán,Oaxaca,2025-05-01,0.0,0.0,Bajo
20475,Santiago Matatlán,Oaxaca,2025-06-01,1.0,0.0,Bajo
20475,Santiago Matatlán,Oaxaca,2025-07-01,0.0,0.0,Bajo
20476,Santiago Miltepec,Oaxaca,2025-05-01,0.0,0.0,Bajo
20476,Santiago Miltepec,Oaxaca,2025-06-01,0.0,0.0,Bajo
20476,Santiago Miltepec,Oaxaca,2025-07-01,0.0,0.0,Bajo
20477,Santiago Minas,Oaxaca,2025-05-01,0.0,0.0,Bajo
20477,Santiago Minas,Oaxaca,2025-06-01,0.0,0.0,Bajo
20477,Santiago Minas,Oaxaca,2025-07-01,0.0,0.0,Bajo
20478,Santiago Nacaltepec,Oaxaca,2025-05-01,0.0,0.0,Bajo
20478,Santiago Nacaltepec,Oaxaca,2025-06-01,0.0,0.0,Bajo
20478,Santiago Nacaltepec,Oaxaca,2025-07-01,0.0,0.0,Bajo
20479,Santiago Nejapilla,Oaxaca,2025-05-01,0.0,0.0,Bajo
20479,Santiago Nejapilla,Oaxaca,2025-06-01,0.0,0.0,Bajo
20479,Santiago Nejapilla,Oaxaca,2025-07-01,0.0,0.0,Bajo
20480,Santiago Nundiche,Oaxaca,2025-05-01,0.0,0.0,Bajo
20480,Santiago Nundiche,Oaxaca,2025-06-01,0.0,0.0,Bajo
20480,Santiago Nundiche,Oaxaca,2025-07-01,0.0,0.0,Bajo
20481,Santiago Nuyoó,Oaxaca,2025-05-01,0.0,0.0,Bajo
20481,Santiago Nuyoó,Oaxaca,2025-06-01,0.0,0.0,Bajo
20481,Santiago Nuyoó,Oaxaca,2025-07-01,0.0,0.0,Bajo
20482,Santiago Pinotepa Nacional,Oaxaca,2025-05-01,1.0,0.0,Bajo
20482,Santiago Pinotepa Nacional,Oaxaca,2025-06-01,5.0,0.0,Bajo
20482,Santiago Pinotepa Nacional,Oaxaca,2025-07-01,5.0,0.0,Bajo
20483,Santiago Suchilquitongo,Oaxaca,2025-05-01,0.0,0.0,Bajo
20483,Santiago Suchilquitongo,Oaxaca,2025-06-01,1.0,0.0,Bajo
20483,Santiago Suchilquitongo,Oaxaca,2025-07-01,1.0,0.0,Bajo
20484,Santiago Tamazola,Oaxaca,2025-05-01,0.0,0.0,Bajo
20484,Santiago Tamazola,Oaxaca,2025-06-01,0.0,0.0,Bajo
20484,Santiago Tamazola,Oaxaca,2025-07-01,0.0,0.0,Bajo
20485,Santiago Tapextla,Oaxaca,2025-05-01,0.0,0.0,Bajo
20485,Santiago Tapextla,Oaxaca,2025-06-01,0.0,0.0,Bajo
20485,Santiago Tapextla,Oaxaca,2025-07-01,0.0,0.0,Bajo
20486,Villa Tejúpam de la Unión,Oaxaca,2025-05-01,1.0,0.0,Bajo
20486,Villa Tejúpam de la Unión,Oaxaca,2025-06-01,1.0,0.0,Bajo
20486,Villa Tejúpam de la Unión,Oaxaca,2025-07-01,0.0,0.0,Bajo
20487,Santiago Tenango,Oaxaca,2025-05-01,0.0,0.0,Bajo
20487,Santiago Tenango,Oaxaca,2025-06-01,0.0,0.0,Bajo
20487,Santiago Tenango,Oaxaca,2025-07-01,0.0,0.0,Bajo
20488,Santiago Tepetlapa,Oaxaca,2025-05-01,0.0,0.0,Bajo
20488,Santiago Tepetlapa,Oaxaca,2025-06-01,0.0,0.0,Bajo
20488,Santiago Tepetlapa,Oaxaca,2025-07-01,0.0,0.0,Bajo
20489,Santiago Tetepec,Oaxaca,2025-05-01,0.0,0.0,Bajo
20489,Santiago Tetepec,Oaxaca,2025-06-01,0.0,0.0,Bajo
20489,Santiago Tetepec,Oaxaca,2025-07-01,0.0,0.0,Bajo
20490,Santiago Texcalcingo,Oaxaca,2025-05-01,0.0,0.0,Bajo
20490,Santiago Texcalcingo,Oaxaca,2025-06-01,0.0,0.0,Bajo
20490,Santiago Texcalcingo,Oaxaca,2025-07-01,0.0,0.0,Bajo
20491,Santiago Textitlán,Oaxaca,2025-05-01,0.0,0.0,Bajo
20491,Santiago Textitlán,Oaxaca,2025-06-01,0.0,0.0,Bajo
20491,Santiago Textitlán,Oaxaca,2025-07-01,0.0,0.0,Bajo
20492,Santiago Tilantongo,Oaxaca,2025-05-01,0.0,0.0,Bajo
20492,Santiago Tilantongo,Oaxaca,2025-06-01,0.0,0.0,Bajo
20492,Santiago Tilantongo,Oaxaca,2025-07-01,0.0,0.0,Bajo
20493,Santiago Tillo,Oaxaca,2025-05-01,0.0,0.0,Bajo
20493,Santiago Tillo,Oaxaca,2025-06-01,0.0,0.0,Bajo
20493,Santiago Tillo,Oaxaca,2025-07-01,0.0,0.0,Bajo
20494,Santiago Tlazoyaltepec,Oaxaca,2025-05-01,0.0,0.0,Bajo
20494,Santiago Tlazoyaltepec,Oaxaca,2025-06-01,0.0,0.0,Bajo
20494,Santiago Tlazoyaltepec,Oaxaca,2025-07-01,1.0,0.0,Bajo
20495,Santiago Xanica,Oaxaca,2025-05-01,0.0,0.0,Bajo
20495,Santiago Xanica,Oaxaca,2025-06-01,0.0,0.0,Bajo
20495,Santiago Xanica,Oaxaca,2025-07-01,0.0,0.0,Bajo
20496,Santiago Xiacuí,Oaxaca,2025-05-01,1.0,0.0,Bajo
20496,Santiago Xiacuí,Oaxaca,2025-06-01,0.0,0.0,Bajo
20496,Santiago Xiacuí,Oaxaca,2025-07-01,0.0,0.0,Bajo
20497,Santiago Yaitepec,Oaxaca,2025-05-01,0.0,0.0,Bajo
20497,Santiago Yaitepec,Oaxaca,2025-06-01,0.0,0.0,Bajo
20497,Santiago Yaitepec,Oaxaca,2025-07-01,0.0,0.0,Bajo
20498,Santiago Yaveo,Oaxaca,2025-05-01,1.0,0.0,Bajo
20498,Santiago Yaveo,Oaxaca,2025-06-01,0.0,0.0,Bajo
20498,Santiago Yaveo,Oaxaca,2025-07-01,0.0,0.0,Bajo
20499,Santiago Yolomécatl,Oaxaca,2025-05-01,0.0,0.0,Bajo
20499,Santiago Yolomécatl,Oaxaca,2025-06-01,0.0,0.0,Bajo
20499,Santiago Yolomécatl,Oaxaca,2025-07-01,0.0,0.0,Bajo
20500,Santiago Yosondúa,Oaxaca,2025-05-01,0.0,0.0,Bajo
20500,Santiago Yosondúa,Oaxaca,2025-06-01,0.0,0.0,Bajo
20500,Santiago Yosondúa,Oaxaca,2025-07-01,0.0,0.0,Bajo
20501,Santiago Yucuyachi,Oaxaca,2025-05-01,0.0,0.0,Bajo
20501,Santiago Yucuyachi,Oaxaca,2025-06-01,0.0,0.0,Bajo
20501,Santiago Yucuyachi,Oaxaca,2025-07-01,0.0,0.0,Bajo
20502,Santiago Zacatepec,Oaxaca,2025-05-01,0.0,0.0,Bajo
20502,Santiago Zacatepec,Oaxaca,2025-06-01,0.0,0.0,Bajo
20502,Santiago Zacatepec,Oaxaca,2025-07-01,0.0,0.0,Bajo
20503,Santiago Zoochila,Oaxaca,2025-05-01,0.0,0.0,Bajo
20503,Santiago Zoochila,Oaxaca,2025-06-01,0.0,0.0,Bajo
20503,Santiago Zoochila,Oaxaca,2025-07-01,0.0,0.0,Bajo
20504,Nuevo Zoquiápam,Oaxaca,2025-05-01,0.0,0.0,Bajo
20504,Nuevo Zoquiápam,Oaxaca,2025-06-01,0.0,0.0,Bajo
20504,Nuevo Zoquiápam,Oaxaca,2025-07-01,0.0,0.0,Bajo
20505,Santo Domingo Ingenio,Oaxaca,2025-05-01,0.0,0.0,Bajo
20505,Santo Domingo Ingenio,Oaxaca,2025-06-01,0.0,0.0,Bajo
20505,Santo Domingo Ingenio,Oaxaca,2025-07-01,0.0,0.0,Bajo
20506,Santo Domingo Albarradas,Oaxaca,2025-05-01,0.0,0.0,Bajo
20506,Santo Domingo Albarradas,Oaxaca,2025-06-01,0.0,0.0,Bajo
20506,Santo Domingo Albarradas,Oaxaca,2025-07-01,0.0,0.0,Bajo
20507,Santo Domingo Armenta,Oaxaca,2025-05-01,1.0,0.0,Bajo
20507,Santo Domingo Armenta,Oaxaca,2025-06-01,0.0,0.0,Bajo
20507,Santo Domingo Armenta,Oaxaca,2025-07-01,0.0,0.0,Bajo
20508,Santo Domingo Chihuitán,Oaxaca,2025-05-01,0.0,0.0,Bajo
20508,Santo Domingo Chihuitán,Oaxaca,2025-06-01,0.0,0.0,Bajo
20508,Santo Domingo Chihuitán,Oaxaca,2025-07-01,0.0,0.0,Bajo
20509,Santo Domingo de Morelos,Oaxaca,2025-05-01,0.0,0.0,Bajo
20509,Santo Domingo de Morelos,Oaxaca,2025-06-01,0.0,0.0,Bajo
20509,Santo Domingo de Morelos,Oaxaca,2025-07-01,0.0,0.0,Bajo
20510,Santo Domingo Ixcatlán,Oaxaca,2025-05-01,0.0,0.0,Bajo
20510,Santo Domingo Ixcatlán,Oaxaca,2025-06-01,0.0,0.0,Bajo
20510,Santo Domingo Ixcatlán,Oaxaca,2025-07-01,0.0,0.0,Bajo
20511,Santo Domingo Nuxaá,Oaxaca,2025-05-01,0.0,0.0,Bajo
20511,Santo Domingo Nuxaá,Oaxaca,2025-06-01,0.0,0.0,Bajo
20511,Santo Domingo Nuxaá,Oaxaca,2025-07-01,0.0,0.0,Bajo
20512,Santo Domingo Ozolotepec,Oaxaca,2025-05-01,0.0,0.0,Bajo
20512,Santo Domingo Ozolotepec,Oaxaca,2025-06-01,0.0,0.0,Bajo
20512,Santo Domingo Ozolotepec,Oaxaca,2025-07-01,0.0,0.0,Bajo
20513,Santo Domingo Petapa,Oaxaca,2025-05-01,0.0,0.0,Bajo
20513,Santo Domingo Petapa,Oaxaca,2025-06-01,0.0,0.0,Bajo
20513,Santo Domingo Petapa,Oaxaca,2025-07-01,0.0,0.0,Bajo
20514,Santo Domingo Roayaga,Oaxaca,2025-05-01,0.0,0.0,Bajo
20514,Santo Domingo Roayaga,Oaxaca,2025-06-01,0.0,0.0,Bajo
20514,Santo Domingo Roayaga,Oaxaca,2025-07-01,0.0,0.0,Bajo
20515,Santo Domingo Tehuantepec,Oaxaca,2025-05-01,14.0,0.0,Bajo
20515,Santo Domingo Tehuantepec,Oaxaca,2025-06-01,11.0,0.0,Bajo
20515,Santo Domingo Tehuantepec,Oaxaca,2025-07-01,18.0,0.0,Bajo
20516,Santo Domingo Teojomulco,Oaxaca,2025-05-01,0.0,0.0,Bajo
20516,Santo Domingo Teojomulco,Oaxaca,2025-06-01,0.0,0.0,Bajo
20516,Santo Domingo Teojomulco,Oaxaca,2025-07-01,0.0,0.0,Bajo
20517,Santo Domingo Tepuxtepec,Oaxaca,2025-05-01,0.0,0.0,Bajo
20517,Santo Domingo Tepuxtepec,Oaxaca,2025-06-01,0.0,0.0,Bajo
20517,Santo Domingo Tepuxtepec,Oaxaca,2025-07-01,0.0,0.0,Bajo
20518,Santo Domingo Tlatayápam,Oaxaca,2025-05-01,0.0,0.0,Bajo
20518,Santo Domingo Tlatayápam,Oaxaca,2025-06-01,0.0,0.0,Bajo
20518,Santo Domingo Tlatayápam,Oaxaca,2025-07-01,0.0,0.0,Bajo
20519,Santo Domingo Tomaltepec,Oaxaca,2025-05-01,0.0,0.0,Bajo
20519,Santo Domingo Tomaltepec,Oaxaca,2025-06-01,0.0,0.0,Bajo
20519,Santo Domingo Tomaltepec,Oaxaca,2025-07-01,0.0,0.0,Bajo
20520,Santo Domingo Tonalá,Oaxaca,2025-05-01,0.0,0.0,Bajo
20520,Santo Domingo Tonalá,Oaxaca,2025-06-01,0.0,0.0,Bajo
20520,Santo Domingo Tonalá,Oaxaca,2025-07-01,0.0,0.0,Bajo
20521,Santo Domingo Tonaltepec,Oaxaca,2025-05-01,0.0,0.0,Bajo
20521,Santo Domingo Tonaltepec,Oaxaca,2025-06-01,0.0,0.0,Bajo
20521,Santo Domingo Tonaltepec,Oaxaca,2025-07-01,0.0,0.0,Bajo
20522,Santo Domingo Xagacía,Oaxaca,2025-05-01,0.0,0.0,Bajo
20522,Santo Domingo Xagacía,Oaxaca,2025-06-01,0.0,0.0,Bajo
20522,Santo Domingo Xagacía,Oaxaca,2025-07-01,0.0,0.0,Bajo
20523,Santo Domingo Yanhuitlán,Oaxaca,2025-05-01,0.0,0.0,Bajo
20523,Santo Domingo Yanhuitlán,Oaxaca,2025-06-01,0.0,0.0,Bajo
20523,Santo Domingo Yanhuitlán,Oaxaca,2025-07-01,0.0,0.0,Bajo
20524,Santo Domingo Yodohino,Oaxaca,2025-05-01,0.0,0.0,Bajo
20524,Santo Domingo Yodohino,Oaxaca,2025-06-01,0.0,0.0,Bajo
20524,Santo Domingo Yodohino,Oaxaca,2025-07-01,0.0,0.0,Bajo
20525,Santo Domingo Zanatepec,Oaxaca,2025-05-01,1.0,0.0,Bajo
20525,Santo Domingo Zanatepec,Oaxaca,2025-06-01,0.0,0.0,Bajo
20525,Santo Domingo Zanatepec,Oaxaca,2025-07-01,0.0,0.0,Bajo
20526,Santos Reyes Nopala,Oaxaca,2025-05-01,0.0,0.0,Bajo
20526,Santos Reyes Nopala,Oaxaca,2025-06-01,0.0,0.0,Bajo
20526,Santos Reyes Nopala,Oaxaca,2025-07-01,0.0,0.0,Bajo
20527,Santos Reyes Pápalo,Oaxaca,2025-05-01,0.0,0.0,Bajo
20527,Santos Reyes Pápalo,Oaxaca,2025-06-01,0.0,0.0,Bajo
20527,Santos Reyes Pápalo,Oaxaca,2025-07-01,0.0,0.0,Bajo
20528,Santos Reyes Tepejillo,Oaxaca,2025-05-01,0.0,0.0,Bajo
20528,Santos Reyes Tepejillo,Oaxaca,2025-06-01,0.0,0.0,Bajo
20528,Santos Reyes Tepejillo,Oaxaca,2025-07-01,0.0,0.0,Bajo
20529,Santos Reyes Yucuná,Oaxaca,2025-05-01,0.0,0.0,Bajo
20529,Santos Reyes Yucuná,Oaxaca,2025-06-01,0.0,0.0,Bajo
20529,Santos Reyes Yucuná,Oaxaca,2025-07-01,0.0,0.0,Bajo
20530,Santo Tomás Jalieza,Oaxaca,2025-05-01,0.0,0.0,Bajo
20530,Santo Tomás Jalieza,Oaxaca,2025-06-01,0.0,0.0,Bajo
20530,Santo Tomás Jalieza,Oaxaca,2025-07-01,1.0,0.0,Bajo
20531,Santo Tomás Mazaltepec,Oaxaca,2025-05-01,0.0,0.0,Bajo
20531,Santo Tomás Mazaltepec,Oaxaca,2025-06-01,0.0,0.0,Bajo
20531,Santo Tomás Mazaltepec,Oaxaca,2025-07-01,0.0,0.0,Bajo
20532,Santo Tomás Ocotepec,Oaxaca,2025-05-01,0.0,0.0,Bajo
20532,Santo Tomás Ocotepec,Oaxaca,2025-06-01,0.0,0.0,Bajo
20532,Santo Tomás Ocotepec,Oaxaca,2025-07-01,0.0,0.0,Bajo
20533,Santo Tomás Tamazulapan,Oaxaca,2025-05-01,0.0,0.0,Bajo
20533,Santo Tomás Tamazulapan,Oaxaca,2025-06-01,0.0,0.0,Bajo
20533,Santo Tomás Tamazulapan,Oaxaca,2025-07-01,0.0,0.0,Bajo
20534,San Vicente Coatlán,Oaxaca,2025-05-01,0.0,0.0,Bajo
20534,San Vicente Coatlán,Oaxaca,2025-06-01,0.0,0.0,Bajo
20534,San Vicente Coatlán,Oaxaca,2025-07-01,0.0,0.0,Bajo
20535,San Vicente Lachixío,Oaxaca,2025-05-01,0.0,0.0,Bajo
20535,San Vicente Lachixío,Oaxaca,2025-06-01,0.0,0.0,Bajo
20535,San Vicente Lachixío,Oaxaca,2025-07-01,0.0,0.0,Bajo
20536,San Vicente Nuñú,Oaxaca,2025-05-01,0.0,0.0,Bajo
20536,San Vicente Nuñú,Oaxaca,2025-06-01,0.0,0.0,Bajo
20536,San Vicente Nuñú,Oaxaca,2025-07-01,0.0,0.0,Bajo
20537,Silacayoápam,Oaxaca,2025-05-01,0.0,0.0,Bajo
20537,Silacayoápam,Oaxaca,2025-06-01,0.0,0.0,Bajo
20537,Silacayoápam,Oaxaca,2025-07-01,1.0,0.0,Bajo
20538,Sitio de Xitlapehua,Oaxaca,2025-05-01,0.0,0.0,Bajo
20538,Sitio de Xitlapehua,Oaxaca,2025-06-01,0.0,0.0,Bajo
20538,Sitio de Xitlapehua,Oaxaca,2025-07-01,0.0,0.0,Bajo
20539,Soledad Etla,Oaxaca,2025-05-01,1.0,0.0,Bajo
20539,Soledad Etla,Oaxaca,2025-06-01,0.0,0.0,Bajo
20539,Soledad Etla,Oaxaca,2025-07-01,2.0,0.0,Bajo
20540,Villa de Tamazulápam del Progreso,Oaxaca,2025-05-01,1.0,0.0,Bajo
20540,Villa de Tamazulápam del Progreso,Oaxaca,2025-06-01,0.0,0.0,Bajo
20540,Villa de Tamazulápam del Progreso,Oaxaca,2025-07-01,0.0,0.0,Bajo
20541,Tanetze de Zaragoza,Oaxaca,2025-05-01,0.0,0.0,Bajo
20541,Tanetze de Zaragoza,Oaxaca,2025-06-01,0.0,0.0,Bajo
20541,Tanetze de Zaragoza,Oaxaca,2025-07-01,0.0,0.0,Bajo
20542,Taniche,Oaxaca,2025-05-01,0.0,0.0,Bajo
20542,Taniche,Oaxaca,2025-06-01,0.0,0.0,Bajo
20542,Taniche,Oaxaca,2025-07-01,0.0,0.0,Bajo
20543,Tataltepec de Valdés,Oaxaca,2025-05-01,0.0,0.0,Bajo
20543,Tataltepec de Valdés,Oaxaca,2025-06-01,0.0,0.0,Bajo
20543,Tataltepec de Valdés,Oaxaca,2025-07-01,0.0,0.0,Bajo
20544,Teococuilco de Marcos Pérez,Oaxaca,2025-05-01,0.0,0.0,Bajo
20544,Teococuilco de Marcos Pérez,Oaxaca,2025-06-01,0.0,0.0,Bajo
20544,Teococuilco de Marcos Pérez,Oaxaca,2025-07-01,1.0,0.0,Bajo
20545,Teotitlán de Flores Magón,Oaxaca,2025-05-01,0.0,0.0,Bajo
20545,Teotitlán de Flores Magón,Oaxaca,2025-06-01,1.0,0.0,Bajo
20545,Teotitlán de Flores Magón,Oaxaca,2025-07-01,0.0,0.0,Bajo
20546,Teotitlán del Valle,Oaxaca,2025-05-01,0.0,0.0,Bajo
20546,Teotitlán del Valle,Oaxaca,2025-06-01,0.0,0.0,Bajo
20546,Teotitlán del Valle,Oaxaca,2025-07-01,0.0,0.0,Bajo
20547,Teotongo,Oaxaca,2025-05-01,0.0,0.0,Bajo
20547,Teotongo,Oaxaca,2025-06-01,0.0,0.0,Bajo
20547,Teotongo,Oaxaca,2025-07-01,0.0,0.0,Bajo
20548,Tepelmeme Villa de Morelos,Oaxaca,2025-05-01,0.0,0.0,Bajo
20548,Tepelmeme Villa de Morelos,Oaxaca,2025-06-01,0.0,0.0,Bajo
20548,Tepelmeme Villa de Morelos,Oaxaca,2025-07-01,0.0,0.0,Bajo
20549,"Heroica Villa Tezoatlán de Segura y Luna, Cuna de la Independencia de Oaxaca",Oaxaca,2025-05-01,0.0,0.0,Bajo
20549,"Heroica Villa Tezoatlán de Segura y Luna, Cuna de la Independencia de Oaxaca",Oaxaca,2025-06-01,0.0,0.0,Bajo
20549,"Heroica Villa Tezoatlán de Segura y Luna, Cuna de la Independencia de Oaxaca",Oaxaca,2025-07-01,0.0,0.0,Bajo
20550,San Jerónimo Tlacochahuaya,Oaxaca,2025-05-01,1.0,0.0,Bajo
20550,San Jerónimo Tlacochahuaya,Oaxaca,2025-06-01,0.0,0.0,Bajo
20550,San Jerónimo Tlacochahuaya,Oaxaca,2025-07-01,0.0,0.0,Bajo
20551,Tlacolula de Matamoros,Oaxaca,2025-05-01,4.0,0.0,Bajo
20551,Tlacolula de Matamoros,Oaxaca,2025-06-01,8.0,0.0,Bajo
20551,Tlacolula de Matamoros,Oaxaca,2025-07-01,4.0,0.0,Bajo
20552,Tlacotepec Plumas,Oaxaca,2025-05-01,0.0,0.0,Bajo
20552,Tlacotepec Plumas,Oaxaca,2025-06-01,0.0,0.0,Bajo
20552,Tlacotepec Plumas,Oaxaca,2025-07-01,0.0,0.0,Bajo
20553,Tlalixtac de Cabrera,Oaxaca,2025-05-01,4.0,0.0,Bajo
20553,Tlalixtac de Cabrera,Oaxaca,2025-06-01,3.0,0.0,Bajo
20553,Tlalixtac de Cabrera,Oaxaca,2025-07-01,2.0,0.0,Bajo
20554,Totontepec Villa de Morelos,Oaxaca,2025-05-01,0.0,0.0,Bajo
20554,Totontepec Villa de Morelos,Oaxaca,2025-06-01,0.0,0.0,Bajo
20554,Totontepec Villa de Morelos,Oaxaca,2025-07-01,0.0,0.0,Bajo
20555,Trinidad Zaachila,Oaxaca,2025-05-01,1.0,0.0,Bajo
20555,Trinidad Zaachila,Oaxaca,2025-06-01,0.0,0.0,Bajo
20555,Trinidad Zaachila,Oaxaca,2025-07-01,1.0,0.0,Bajo
20556,La Trinidad Vista Hermosa,Oaxaca,2025-05-01,0.0,0.0,Bajo
20556,La Trinidad Vista Hermosa,Oaxaca,2025-06-01,0.0,0.0,Bajo
20556,La Trinidad Vista Hermosa,Oaxaca,2025-07-01,0.0,0.0,Bajo
20557,Unión Hidalgo,Oaxaca,2025-05-01,0.0,0.0,Bajo
20557,Unión Hidalgo,Oaxaca,2025-06-01,0.0,0.0,Bajo
20557,Unión Hidalgo,Oaxaca,2025-07-01,1.0,0.0,Bajo
20558,Valerio Trujano,Oaxaca,2025-05-01,0.0,0.0,Bajo
20558,Valerio Trujano,Oaxaca,2025-06-01,0.0,0.0,Bajo
20558,Valerio Trujano,Oaxaca,2025-07-01,0.0,0.0,Bajo
20559,San Juan Bautista Valle Nacional,Oaxaca,2025-05-01,1.0,0.0,Bajo
20559,San Juan Bautista Valle Nacional,Oaxaca,2025-06-01,0.0,0.0,Bajo
20559,San Juan Bautista Valle Nacional,Oaxaca,2025-07-01,2.0,0.0,Bajo
20560,Villa Díaz Ordaz,Oaxaca,2025-05-01,0.0,0.0,Bajo
20560,Villa Díaz Ordaz,Oaxaca,2025-06-01,0.0,0.0,Bajo
20560,Villa Díaz Ordaz,Oaxaca,2025-07-01,0.0,0.0,Bajo
20561,Yaxe,Oaxaca,2025-05-01,0.0,0.0,Bajo
20561,Yaxe,Oaxaca,2025-06-01,0.0,0.0,Bajo
20561,Yaxe,Oaxaca,2025-07-01,0.0,0.0,Bajo
20562,Magdalena Yodocono de Porfirio Díaz,Oaxaca,2025-05-01,0.0,0.0,Bajo
20562,Magdalena Yodocono de Porfirio Díaz,Oaxaca,2025-06-01,0.0,0.0,Bajo
20562,Magdalena Yodocono de Porfirio Díaz,Oaxaca,2025-07-01,0.0,0.0,Bajo
20563,Yogana,Oaxaca,2025-05-01,0.0,0.0,Bajo
20563,Yogana,Oaxaca,2025-06-01,0.0,0.0,Bajo
20563,Yogana,Oaxaca,2025-07-01,0.0,0.0,Bajo
20564,Yutanduchi de Guerrero,Oaxaca,2025-05-01,0.0,0.0,Bajo
20564,Yutanduchi de Guerrero,Oaxaca,2025-06-01,0.0,0.0,Bajo
20564,Yutanduchi de Guerrero,Oaxaca,2025-07-01,0.0,0.0,Bajo
20565,Villa de Zaachila,Oaxaca,2025-05-01,7.0,0.0,Bajo
20565,Villa de Zaachila,Oaxaca,2025-06-01,4.0,0.0,Bajo
20565,Villa de Zaachila,Oaxaca,2025-07-01,11.0,0.0,Bajo
20566,San Mateo Yucutindoo,Oaxaca,2025-05-01,0.0,0.0,Bajo
20566,San Mateo Yucutindoo,Oaxaca,2025-06-01,0.0,0.0,Bajo
20566,San Mateo Yucutindoo,Oaxaca,2025-07-01,0.0,0.0,Bajo
20567,Zapotitlán Lagunas,Oaxaca,2025-05-01,0.0,0.0,Bajo
20567,Zapotitlán Lagunas,Oaxaca,2025-06-01,0.0,0.0,Bajo
20567,Zapotitlán Lagunas,Oaxaca,2025-07-01,0.0,0.0,Bajo
20568,Zapotitlán Palmas,Oaxaca,2025-05-01,0.0,0.0,Bajo
20568,Zapotitlán Palmas,Oaxaca,2025-06-01,2.0,0.0,Bajo
20568,Zapotitlán Palmas,Oaxaca,2025-07-01,2.0,0.0,Bajo
20569,Santa Inés de Zaragoza,Oaxaca,2025-05-01,0.0,0.0,Bajo
20569,Santa Inés de Zaragoza,Oaxaca,2025-06-01,0.0,0.0,Bajo
20569,Santa Inés de Zaragoza,Oaxaca,2025-07-01,0.0,0.0,Bajo
20570,Zimatlán de Álvarez,Oaxaca,2025-05-01,6.0,0.0,Bajo
20570,Zimatlán de Álvarez,Oaxaca,2025-06-01,3.0,0.0,Bajo
20570,Zimatlán de Álvarez,Oaxaca,2025-07-01,5.0,0.0,Bajo
20999,Otros Municipios,Oaxaca,2025-05-01,0.0,0.0,Bajo
20999,Otros Municipios,Oaxaca,2025-06-01,0.0,0.0,Bajo
20999,Otros Municipios,Oaxaca,2025-07-01,0.0,0.0,Bajo
21001,Acajete,Puebla,2025-05-01,11.0,0.0,Bajo
21001,Acajete,Puebla,2025-06-01,16.0,0.0,Bajo
21001,Acajete,Puebla,2025-07-01,14.0,0.0,Bajo
21002,Acateno,Puebla,2025-05-01,0.0,0.0,Bajo
21002,Acateno,Puebla,2025-06-01,0.0,0.0,Bajo
21002,Acateno,Puebla,2025-07-01,2.0,0.0,Bajo
21003,Acatlán,Puebla,2025-05-01,3.0,0.0,Bajo
21003,Acatlán,Puebla,2025-06-01,4.0,0.0,Bajo
21003,Acatlán,Puebla,2025-07-01,5.0,0.0,Bajo
21004,Acatzingo,Puebla,2025-05-01,30.0,0.0,Bajo
21004,Acatzingo,Puebla,2025-06-01,25.0,1.0,Bajo
21004,Acatzingo,Puebla,2025-07-01,23.0,0.0,Bajo
21005,Acteopan,Puebla,2025-05-01,0.0,0.0,Bajo
21005,Acteopan,Puebla,2025-06-01,0.0,0.0,Bajo
21005,Acteopan,Puebla,2025-07-01,0.0,0.0,Bajo
21006,Ahuacatlán,Puebla,2025-05-01,1.0,0.0,Bajo
21006,Ahuacatlán,Puebla,2025-06-01,0.0,0.0,Bajo
21006,Ahuacatlán,Puebla,2025-07-01,0.0,0.0,Bajo
21007,Ahuatlán,Puebla,2025-05-01,0.0,0.0,Bajo
21007,Ahuatlán,Puebla,2025-06-01,0.0,0.0,Bajo
21007,Ahuatlán,Puebla,2025-07-01,0.0,0.0,Bajo
21008,Ahuazotepec,Puebla,2025-05-01,0.0,0.0,Bajo
21008,Ahuazotepec,Puebla,2025-06-01,2.0,0.0,Bajo
21008,Ahuazotepec,Puebla,2025-07-01,2.0,0.0,Bajo
21009,Ahuehuetitla,Puebla,2025-05-01,0.0,0.0,Bajo
21009,Ahuehuetitla,Puebla,2025-06-01,1.0,0.0,Bajo
21009,Ahuehuetitla,Puebla,2025-07-01,0.0,0.0,Bajo
21010,Ajalpan,Puebla,2025-05-01,3.0,0.0,Bajo
21010,Ajalpan,Puebla,2025-06-01,1.0,0.0,Bajo
21010,Ajalpan,Puebla,2025-07-01,5.0,0.0,Bajo
21011,Albino Zertuche,Puebla,2025-05-01,0.0,0.0,Bajo
21011,Albino Zertuche,Puebla,2025-06-01,0.0,0.0,Bajo
21011,Albino Zertuche,Puebla,2025-07-01,0.0,0.0,Bajo
21012,Aljojuca,Puebla,2025-05-01,0.0,0.0,Bajo
21012,Aljojuca,Puebla,2025-06-01,1.0,0.0,Bajo
21012,Aljojuca,Puebla,2025-07-01,1.0,0.0,Bajo
21013,Altepexi,Puebla,2025-05-01,2.0,0.0,Bajo
21013,Altepexi,Puebla,2025-06-01,2.0,0.0,Bajo
21013,Altepexi,Puebla,2025-07-01,1.0,0.0,Bajo
21014,Amixtlán,Puebla,2025-05-01,1.0,0.0,Bajo
21014,Amixtlán,Puebla,2025-06-01,0.0,0.0,Bajo
21014,Amixtlán,Puebla,2025-07-01,0.0,0.0,Bajo
21015,Amozoc,Puebla,2025-05-01,65.0,0.0,Bajo
21015,Amozoc,Puebla,2025-06-01,87.0,0.0,Bajo
21015,Amozoc,Puebla,2025-07-01,73.0,0.0,Bajo
21016,Aquixtla,Puebla,2025-05-01,1.0,0.0,Bajo
21016,Aquixtla,Puebla,2025-06-01,0.0,0.0,Bajo
21016,Aquixtla,Puebla,2025-07-01,0.0,0.0,Bajo
21017,Atempan,Puebla,2025-05-01,1.0,0.0,Bajo
21017,Atempan,Puebla,2025-06-01,0.0,0.0,Bajo
21017,Atempan,Puebla,2025-07-01,2.0,0.0,Bajo
21018,Atexcal,Puebla,2025-05-01,2.0,0.0,Bajo
21018,Atexcal,Puebla,2025-06-01,0.0,0.0,Bajo
21018,Atexcal,Puebla,2025-07-01,0.0,0.0,Bajo
21019,Atlixco,Puebla,2025-05-01,71.0,0.0,Bajo
21019,Atlixco,Puebla,2025-06-01,59.0,0.0,Bajo
21019,Atlixco,Puebla,2025-07-01,47.0,0.0,Bajo
21020,Atoyatempan,Puebla,2025-05-01,1.0,0.0,Bajo
21020,Atoyatempan,Puebla,2025-06-01,0.0,0.0,Bajo
21020,Atoyatempan,Puebla,2025-07-01,0.0,0.0,Bajo
21021,Atzala,Puebla,2025-05-01,0.0,0.0,Bajo
21021,Atzala,Puebla,2025-06-01,0.0,0.0,Bajo
21021,Atzala,Puebla,2025-07-01,0.0,0.0,Bajo
21022,Atzitzihuacán,Puebla,2025-05-01,2.0,0.0,Bajo
21022,Atzitzihuacán,Puebla,2025-06-01,2.0,0.0,Bajo
21022,Atzitzihuacán,Puebla,2025-07-01,2.0,0.0,Bajo
21023,Atzitzintla,Puebla,2025-05-01,0.0,0.0,Bajo
21023,Atzitzintla,Puebla,2025-06-01,1.0,0.0,Bajo
21023,Atzitzintla,Puebla,2025-07-01,0.0,0.0,Bajo
21024,Axutla,Puebla,2025-05-01,0.0,0.0,Bajo
21024,Axutla,Puebla,2025-06-01,0.0,0.0,Bajo
21024,Axutla,Puebla,2025-07-01,1.0,0.0,Bajo
21025,Ayotoxco de Guerrero,Puebla,2025-05-01,0.0,0.0,Bajo
21025,Ayotoxco de Guerrero,Puebla,2025-06-01,0.0,0.0,Bajo
21025,Ayotoxco de Guerrero,Puebla,2025-07-01,0.0,0.0,Bajo
21026,Calpan,Puebla,2025-05-01,5.0,0.0,Bajo
21026,Calpan,Puebla,2025-06-01,3.0,0.0,Bajo
21026,Calpan,Puebla,2025-07-01,1.0,0.0,Bajo
21027,Caltepec,Puebla,2025-05-01,0.0,0.0,Bajo
21027,Caltepec,Puebla,2025-06-01,1.0,0.0,Bajo
21027,Caltepec,Puebla,2025-07-01,0.0,0.0,Bajo
21028,Camocuautla,Puebla,2025-05-01,0.0,0.0,Bajo
21028,Camocuautla,Puebla,2025-06-01,0.0,0.0,Bajo
21028,Camocuautla,Puebla,2025-07-01,0.0,0.0,Bajo
21029,Caxhuacan,Puebla,2025-05-01,0.0,0.0,Bajo
21029,Caxhuacan,Puebla,2025-06-01,1.0,0.0,Bajo
21029,Caxhuacan,Puebla,2025-07-01,0.0,0.0,Bajo
21030,Coatepec,Puebla,2025-05-01,0.0,0.0,Bajo
21030,Coatepec,Puebla,2025-06-01,0.0,0.0,Bajo
21030,Coatepec,Puebla,2025-07-01,0.0,0.0,Bajo
21031,Coatzingo,Puebla,2025-05-01,4.0,0.0,Bajo
21031,Coatzingo,Puebla,2025-06-01,0.0,0.0,Bajo
21031,Coatzingo,Puebla,2025-07-01,1.0,0.0,Bajo
21032,Cohetzala,Puebla,2025-05-01,0.0,0.0,Bajo
21032,Cohetzala,Puebla,2025-06-01,0.0,0.0,Bajo
21032,Cohetzala,Puebla,2025-07-01,0.0,0.0,Bajo
21033,Cohuecan,Puebla,2025-05-01,0.0,0.0,Bajo
21033,Cohuecan,Puebla,2025-06-01,1.0,0.0,Bajo
21033,Cohuecan,Puebla,2025-07-01,0.0,0.0,Bajo
21034,Coronango,Puebla,2025-05-01,33.0,0.0,Bajo
21034,Coronango,Puebla,2025-06-01,41.0,0.0,Bajo
21034,Coronango,Puebla,2025-07-01,36.0,0.0,Bajo
21035,Coxcatlán,Puebla,2025-05-01,0.0,0.0,Bajo
21035,Coxcatlán,Puebla,2025-06-01,0.0,0.0,Bajo
21035,Coxcatlán,Puebla,2025-07-01,2.0,0.0,Bajo
21036,Coyomeapan,Puebla,2025-05-01,1.0,0.0,Bajo
21036,Coyomeapan,Puebla,2025-06-01,0.0,0.0,Bajo
21036,Coyomeapan,Puebla,2025-07-01,1.0,0.0,Bajo
21037,Coyotepec,Puebla,2025-05-01,0.0,0.0,Bajo
21037,Coyotepec,Puebla,2025-06-01,0.0,0.0,Bajo
21037,Coyotepec,Puebla,2025-07-01,0.0,0.0,Bajo
21038,Cuapiaxtla de Madero,Puebla,2025-05-01,1.0,0.0,Bajo
21038,Cuapiaxtla de Madero,Puebla,2025-06-01,5.0,0.0,Bajo
21038,Cuapiaxtla de Madero,Puebla,2025-07-01,9.0,0.0,Bajo
21039,Cuautempan,Puebla,2025-05-01,0.0,0.0,Bajo
21039,Cuautempan,Puebla,2025-06-01,0.0,0.0,Bajo
21039,Cuautempan,Puebla,2025-07-01,0.0,0.0,Bajo
21040,Cuautinchán,Puebla,2025-05-01,2.0,0.0,Bajo
21040,Cuautinchán,Puebla,2025-06-01,0.0,0.0,Bajo
21040,Cuautinchán,Puebla,2025-07-01,2.0,0.0,Bajo
21041,Cuautlancingo,Puebla,2025-05-01,72.0,0.0,Bajo
21041,Cuautlancingo,Puebla,2025-06-01,79.0,0.0,Bajo
21041,Cuautlancingo,Puebla,2025-07-01,64.0,0.0,Bajo
21042,Cuayuca de Andrade,Puebla,2025-05-01,0.0,0.0,Bajo
21042,Cuayuca de Andrade,Puebla,2025-06-01,0.0,0.0,Bajo
21042,Cuayuca de Andrade,Puebla,2025-07-01,0.0,0.0,Bajo
21043,Cuetzalan del Progreso,Puebla,2025-05-01,1.0,0.0,Bajo
21043,Cuetzalan del Progreso,Puebla,2025-06-01,3.0,0.0,Bajo
21043,Cuetzalan del Progreso,Puebla,2025-07-01,4.0,0.0,Bajo
21044,Cuyoaco,Puebla,2025-05-01,3.0,0.0,Bajo
21044,Cuyoaco,Puebla,2025-06-01,4.0,0.0,Bajo
21044,Cuyoaco,Puebla,2025-07-01,3.0,0.0,Bajo
21045,Chalchicomula de Sesma,Puebla,2025-05-01,10.0,0.0,Bajo
21045,Chalchicomula de Sesma,Puebla,2025-06-01,10.0,0.0,Bajo
21045,Chalchicomula de Sesma,Puebla,2025-07-01,11.0,0.0,Bajo
21046,Chapulco,Puebla,2025-05-01,1.0,0.0,Bajo
21046,Chapulco,Puebla,2025-06-01,0.0,0.0,Bajo
21046,Chapulco,Puebla,2025-07-01,0.0,0.0,Bajo
21047,Chiautla,Puebla,2025-05-01,1.0,0.0,Bajo
21047,Chiautla,Puebla,2025-06-01,2.0,0.0,Bajo
21047,Chiautla,Puebla,2025-07-01,3.0,0.0,Bajo
21048,Chiautzingo,Puebla,2025-05-01,0.0,0.0,Bajo
21048,Chiautzingo,Puebla,2025-06-01,1.0,0.0,Bajo
21048,Chiautzingo,Puebla,2025-07-01,0.0,0.0,Bajo
21049,Chiconcuautla,Puebla,2025-05-01,2.0,0.0,Bajo
21049,Chiconcuautla,Puebla,2025-06-01,2.0,0.0,Bajo
21049,Chiconcuautla,Puebla,2025-07-01,0.0,0.0,Bajo
21050,Chichiquila,Puebla,2025-05-01,0.0,0.0,Bajo
21050,Chichiquila,Puebla,2025-06-01,1.0,0.0,Bajo
21050,Chichiquila,Puebla,2025-07-01,0.0,0.0,Bajo
21051,Chietla,Puebla,2025-05-01,6.0,0.0,Bajo
21051,Chietla,Puebla,2025-06-01,7.0,0.0,Bajo
21051,Chietla,Puebla,2025-07-01,10.0,0.0,Bajo
21052,Chigmecatitlán,Puebla,2025-05-01,0.0,0.0,Bajo
21052,Chigmecatitlán,Puebla,2025-06-01,1.0,0.0,Bajo
21052,Chigmecatitlán,Puebla,2025-07-01,0.0,0.0,Bajo
21053,Chignahuapan,Puebla,2025-05-01,22.0,0.0,Bajo
21053,Chignahuapan,Puebla,2025-06-01,19.0,0.0,Bajo
21053,Chignahuapan,Puebla,2025-07-01,21.0,0.0,Bajo
21054,Chignautla,Puebla,2025-05-01,1.0,0.0,Bajo
21054,Chignautla,Puebla,2025-06-01,3.0,0.0,Bajo
21054,Chignautla,Puebla,2025-07-01,1.0,0.0,Bajo
21055,Chila,Puebla,2025-05-01,1.0,0.0,Bajo
21055,Chila,Puebla,2025-06-01,0.0,0.0,Bajo
21055,Chila,Puebla,2025-07-01,0.0,0.0,Bajo
21056,Chila de la Sal,Puebla,2025-05-01,0.0,0.0,Bajo
21056,Chila de la Sal,Puebla,2025-06-01,0.0,0.0,Bajo
21056,Chila de la Sal,Puebla,2025-07-01,0.0,0.0,Bajo
21057,Honey,Puebla,2025-05-01,0.0,0.0,Bajo
21057,Honey,Puebla,2025-06-01,1.0,0.0,Bajo
21057,Honey,Puebla,2025-07-01,4.0,0.0,Bajo
21058,Chilchotla,Puebla,2025-05-01,0.0,0.0,Bajo
21058,Chilchotla,Puebla,2025-06-01,0.0,0.0,Bajo
21058,Chilchotla,Puebla,2025-07-01,0.0,0.0,Bajo
21059,Chinantla,Puebla,2025-05-01,0.0,0.0,Bajo
21059,Chinantla,Puebla,2025-06-01,0.0,0.0,Bajo
21059,Chinantla,Puebla,2025-07-01,1.0,0.0,Bajo
21060,Domingo Arenas,Puebla,2025-05-01,1.0,0.0,Bajo
21060,Domingo Arenas,Puebla,2025-06-01,0.0,0.0,Bajo
21060,Domingo Arenas,Puebla,2025-07-01,0.0,0.0,Bajo
21061,Eloxochitlán,Puebla,2025-05-01,0.0,0.0,Bajo
21061,Eloxochitlán,Puebla,2025-06-01,3.0,0.0,Bajo
21061,Eloxochitlán,Puebla,2025-07-01,1.0,0.0,Bajo
21062,Epatlán,Puebla,2025-05-01,0.0,0.0,Bajo
21062,Epatlán,Puebla,2025-06-01,0.0,0.0,Bajo
21062,Epatlán,Puebla,2025-07-01,0.0,0.0,Bajo
21063,Esperanza,Puebla,2025-05-01,27.0,0.0,Bajo
21063,Esperanza,Puebla,2025-06-01,26.0,0.0,Bajo
21063,Esperanza,Puebla,2025-07-01,19.0,0.0,Bajo
21064,Francisco Z. Mena,Puebla,2025-05-01,1.0,0.0,Bajo
21064,Francisco Z. Mena,Puebla,2025-06-01,1.0,0.0,Bajo
21064,Francisco Z. Mena,Puebla,2025-07-01,0.0,0.0,Bajo
21065,General Felipe Ángeles,Puebla,2025-05-01,1.0,0.0,Bajo
21065,General Felipe Ángeles,Puebla,2025-06-01,3.0,0.0,Bajo
21065,General Felipe Ángeles,Puebla,2025-07-01,5.0,0.0,Bajo
21066,Guadalupe,Puebla,2025-05-01,0.0,0.0,Bajo
21066,Guadalupe,Puebla,2025-06-01,0.0,0.0,Bajo
21066,Guadalupe,Puebla,2025-07-01,0.0,0.0,Bajo
21067,Guadalupe Victoria,Puebla,2025-05-01,2.0,0.0,Bajo
21067,Guadalupe Victoria,Puebla,2025-06-01,2.0,0.0,Bajo
21067,Guadalupe Victoria,Puebla,2025-07-01,3.0,0.0,Bajo
21068,Hermenegildo Galeana,Puebla,2025-05-01,0.0,0.0,Bajo
21068,Hermenegildo Galeana,Puebla,2025-06-01,0.0,0.0,Bajo
21068,Hermenegildo Galeana,Puebla,2025-07-01,0.0,0.0,Bajo
21069,Huaquechula,Puebla,2025-05-01,0.0,0.0,Bajo
21069,Huaquechula,Puebla,2025-06-01,1.0,0.0,Bajo
21069,Huaquechula,Puebla,2025-07-01,2.0,0.0,Bajo
21070,Huatlatlauca,Puebla,2025-05-01,0.0,0.0,Bajo
21070,Huatlatlauca,Puebla,2025-06-01,0.0,0.0,Bajo
21070,Huatlatlauca,Puebla,2025-07-01,0.0,0.0,Bajo
21071,Huauchinango,Puebla,2025-05-01,31.0,0.0,Bajo
21071,Huauchinango,Puebla,2025-06-01,28.0,0.0,Bajo
21071,Huauchinango,Puebla,2025-07-01,43.0,0.0,Bajo
21072,Huehuetla,Puebla,2025-05-01,0.0,0.0,Bajo
21072,Huehuetla,Puebla,2025-06-01,0.0,0.0,Bajo
21072,Huehuetla,Puebla,2025-07-01,0.0,0.0,Bajo
21073,Huehuetlán el Chico,Puebla,2025-05-01,0.0,0.0,Bajo
21073,Huehuetlán el Chico,Puebla,2025-06-01,0.0,0.0,Bajo
21073,Huehuetlán el Chico,Puebla,2025-07-01,1.0,0.0,Bajo
21074,Huejotzingo,Puebla,2025-05-01,40.0,0.0,Bajo
21074,Huejotzingo,Puebla,2025-06-01,30.0,0.0,Bajo
21074,Huejotzingo,Puebla,2025-07-01,24.0,0.0,Bajo
21075,Hueyapan,Puebla,2025-05-01,1.0,0.0,Bajo
21075,Hueyapan,Puebla,2025-06-01,0.0,0.0,Bajo
21075,Hueyapan,Puebla,2025-07-01,0.0,0.0,Bajo
21076,Hueytamalco,Puebla,2025-05-01,2.0,0.0,Bajo
21076,Hueytamalco,Puebla,2025-06-01,0.0,0.0,Bajo
21076,Hueytamalco,Puebla,2025-07-01,1.0,0.0,Bajo
21077,Hueytlalpan,Puebla,2025-05-01,0.0,0.0,Bajo
21077,Hueytlalpan,Puebla,2025-06-01,0.0,0.0,Bajo
21077,Hueytlalpan,Puebla,2025-07-01,0.0,0.0,Bajo
21078,Huitzilan de Serdán,Puebla,2025-05-01,3.0,0.0,Bajo
21078,Huitzilan de Serdán,Puebla,2025-06-01,0.0,0.0,Bajo
21078,Huitzilan de Serdán,Puebla,2025-07-01,0.0,0.0,Bajo
21079,Huitziltepec,Puebla,2025-05-01,0.0,0.0,Bajo
21079,Huitziltepec,Puebla,2025-06-01,2.0,0.0,Bajo
21079,Huitziltepec,Puebla,2025-07-01,1.0,0.0,Bajo
21080,Atlequizayan,Puebla,2025-05-01,0.0,0.0,Bajo
21080,Atlequizayan,Puebla,2025-06-01,0.0,0.0,Bajo
21080,Atlequizayan,Puebla,2025-07-01,0.0,0.0,Bajo
21081,Ixcamilpa de Guerrero,Puebla,2025-05-01,0.0,0.0,Bajo
21081,Ixcamilpa de Guerrero,Puebla,2025-06-01,0.0,0.0,Bajo
21081,Ixcamilpa de Guerrero,Puebla,2025-07-01,0.0,0.0,Bajo
21082,Ixcaquixtla,Puebla,2025-05-01,2.0,0.0,Bajo
21082,Ixcaquixtla,Puebla,2025-06-01,1.0,0.0,Bajo
21082,Ixcaquixtla,Puebla,2025-07-01,1.0,0.0,Bajo
21083,Ixtacamaxtitlán,Puebla,2025-05-01,1.0,0.0,Bajo
21083,Ixtacamaxtitlán,Puebla,2025-06-01,0.0,0.0,Bajo
21083,Ixtacamaxtitlán,Puebla,2025-07-01,0.0,0.0,Bajo
21084,Ixtepec,Puebla,2025-05-01,0.0,0.0,Bajo
21084,Ixtepec,Puebla,2025-06-01,0.0,0.0,Bajo
21084,Ixtepec,Puebla,2025-07-01,0.0,0.0,Bajo
21085,Izúcar de Matamoros,Puebla,2025-05-01,15.0,0.0,Bajo
21085,Izúcar de Matamoros,Puebla,2025-06-01,18.0,0.0,Bajo
21085,Izúcar de Matamoros,Puebla,2025-07-01,20.0,0.0,Bajo
21086,Jalpan,Puebla,2025-05-01,1.0,0.0,Bajo
21086,Jalpan,Puebla,2025-06-01,1.0,0.0,Bajo
21086,Jalpan,Puebla,2025-07-01,2.0,0.0,Bajo
21087,Jolalpan,Puebla,2025-05-01,0.0,0.0,Bajo
21087,Jolalpan,Puebla,2025-06-01,1.0,0.0,Bajo
21087,Jolalpan,Puebla,2025-07-01,1.0,0.0,Bajo
21088,Jonotla,Puebla,2025-05-01,0.0,0.0,Bajo
21088,Jonotla,Puebla,2025-06-01,0.0,0.0,Bajo
21088,Jonotla,Puebla,2025-07-01,0.0,0.0,Bajo
21089,Jopala,Puebla,2025-05-01,0.0,0.0,Bajo
21089,Jopala,Puebla,2025-06-01,0.0,0.0,Bajo
21089,Jopala,Puebla,2025-07-01,0.0,0.0,Bajo
21090,Juan C. Bonilla,Puebla,2025-05-01,15.0,0.0,Bajo
21090,Juan C. Bonilla,Puebla,2025-06-01,15.0,0.0,Bajo
21090,Juan C. Bonilla,Puebla,2025-07-01,9.0,0.0,Bajo
21091,Juan Galindo,Puebla,2025-05-01,1.0,0.0,Bajo
21091,Juan Galindo,Puebla,2025-06-01,2.0,0.0,Bajo
21091,Juan Galindo,Puebla,2025-07-01,3.0,0.0,Bajo
21092,Juan N. Méndez,Puebla,2025-05-01,0.0,0.0,Bajo
21092,Juan N. Méndez,Puebla,2025-06-01,0.0,0.0,Bajo
21092,Juan N. Méndez,Puebla,2025-07-01,0.0,0.0,Bajo
21093,Lafragua,Puebla,2025-05-01,0.0,0.0,Bajo
21093,Lafragua,Puebla,2025-06-01,0.0,0.0,Bajo
21093,Lafragua,Puebla,2025-07-01,1.0,0.0,Bajo
21094,Libres,Puebla,2025-05-01,8.0,0.0,Bajo
21094,Libres,Puebla,2025-06-01,15.0,0.0,Bajo
21094,Libres,Puebla,2025-07-01,7.0,0.0,Bajo
21095,La Magdalena Tlatlauquitepec,Puebla,2025-05-01,0.0,0.0,Bajo
21095,La Magdalena Tlatlauquitepec,Puebla,2025-06-01,0.0,0.0,Bajo
21095,La Magdalena Tlatlauquitepec,Puebla,2025-07-01,0.0,0.0,Bajo
21096,Mazapiltepec de Juárez,Puebla,2025-05-01,1.0,0.0,Bajo
21096,Mazapiltepec de Juárez,Puebla,2025-06-01,2.0,0.0,Bajo
21096,Mazapiltepec de Juárez,Puebla,2025-07-01,2.0,0.0,Bajo
21097,Mixtla,Puebla,2025-05-01,1.0,0.0,Bajo
21097,Mixtla,Puebla,2025-06-01,0.0,0.0,Bajo
21097,Mixtla,Puebla,2025-07-01,0.0,0.0,Bajo
21098,Molcaxac,Puebla,2025-05-01,1.0,0.0,Bajo
21098,Molcaxac,Puebla,2025-06-01,0.0,0.0,Bajo
21098,Molcaxac,Puebla,2025-07-01,0.0,0.0,Bajo
21099,Cañada Morelos,Puebla,2025-05-01,2.0,0.0,Bajo
21099,Cañada Morelos,Puebla,2025-06-01,0.0,0.0,Bajo
21099,Cañada Morelos,Puebla,2025-07-01,2.0,0.0,Bajo
21100,Naupan,Puebla,2025-05-01,1.0,0.0,Bajo
21100,Naupan,Puebla,2025-06-01,0.0,0.0,Bajo
21100,Naupan,Puebla,2025-07-01,0.0,0.0,Bajo
21101,Nauzontla,Puebla,2025-05-01,0.0,0.0,Bajo
21101,Nauzontla,Puebla,2025-06-01,0.0,0.0,Bajo
21101,Nauzontla,Puebla,2025-07-01,1.0,0.0,Bajo
21102,Nealtican,Puebla,2025-05-01,1.0,0.0,Bajo
21102,Nealtican,Puebla,2025-06-01,2.0,0.0,Bajo
21102,Nealtican,Puebla,2025-07-01,1.0,0.0,Bajo
21103,Nicolás Bravo,Puebla,2025-05-01,0.0,0.0,Bajo
21103,Nicolás Bravo,Puebla,2025-06-01,1.0,0.0,Bajo
21103,Nicolás Bravo,Puebla,2025-07-01,1.0,0.0,Bajo
21104,Nopalucan,Puebla,2025-05-01,3.0,0.0,Bajo
21104,Nopalucan,Puebla,2025-06-01,7.0,0.0,Bajo
21104,Nopalucan,Puebla,2025-07-01,1.0,0.0,Bajo
21105,Ocotepec,Puebla,2025-05-01,0.0,0.0,Bajo
21105,Ocotepec,Puebla,2025-06-01,1.0,0.0,Bajo
21105,Ocotepec,Puebla,2025-07-01,1.0,0.0,Bajo
21106,Ocoyucan,Puebla,2025-05-01,5.0,0.0,Bajo
21106,Ocoyucan,Puebla,2025-06-01,8.0,0.0,Bajo
21106,Ocoyucan,Puebla,2025-07-01,5.0,0.0,Bajo
21107,Olintla,Puebla,2025-05-01,0.0,0.0,Bajo
21107,Olintla,Puebla,2025-06-01,0.0,0.0,Bajo
21107,Olintla,Puebla,2025-07-01,1.0,0.0,Bajo
21108,Oriental,Puebla,2025-05-01,5.0,0.0,Bajo
21108,Oriental,Puebla,2025-06-01,4.0,0.0,Bajo
21108,Oriental,Puebla,2025-07-01,6.0,0.0,Bajo
21109,Pahuatlán,Puebla,2025-05-01,0.0,0.0,Bajo
21109,Pahuatlán,Puebla,2025-06-01,0.0,0.0,Bajo
21109,Pahuatlán,Puebla,2025-07-01,0.0,0.0,Bajo
21110,Palmar de Bravo,Puebla,2025-05-01,15.0,0.0,Bajo
21110,Palmar de Bravo,Puebla,2025-06-01,10.0,0.0,Bajo
21110,Palmar de Bravo,Puebla,2025-07-01,9.0,0.0,Bajo
21111,Pantepec,Puebla,2025-05-01,1.0,0.0,Bajo
21111,Pantepec,Puebla,2025-06-01,0.0,0.0,Bajo
21111,Pantepec,Puebla,2025-07-01,0.0,0.0,Bajo
21112,Petlalcingo,Puebla,2025-05-01,0.0,0.0,Bajo
21112,Petlalcingo,Puebla,2025-06-01,2.0,0.0,Bajo
21112,Petlalcingo,Puebla,2025-07-01,0.0,0.0,Bajo
21113,Piaxtla,Puebla,2025-05-01,0.0,0.0,Bajo
21113,Piaxtla,Puebla,2025-06-01,0.0,0.0,Bajo
21113,Piaxtla,Puebla,2025-07-01,0.0,0.0,Bajo
21114,Puebla,Puebla,2025-05-01,1149.0,0.0,Alto
21114,Puebla,Puebla,2025-06-01,1113.0,1.0,Alto
21114,Puebla,Puebla,2025-07-01,1110.0,2.0,Alto
21115,Quecholac,Puebla,2025-05-01,10.0,0.0,Bajo
21115,Quecholac,Puebla,2025-06-01,13.0,0.0,Bajo
21115,Quecholac,Puebla,2025-07-01,8.0,0.0,Bajo
21116,Quimixtlán,Puebla,2025-05-01,0.0,0.0,Bajo
21116,Quimixtlán,Puebla,2025-06-01,1.0,0.0,Bajo
21116,Quimixtlán,Puebla,2025-07-01,1.0,0.0,Bajo
21117,Rafael Lara Grajales,Puebla,2025-05-01,7.0,0.0,Bajo
21117,Rafael Lara Grajales,Puebla,2025-06-01,4.0,0.0,Bajo
21117,Rafael Lara Grajales,Puebla,2025-07-01,4.0,0.0,Bajo
21118,Los Reyes de Juárez,Puebla,2025-05-01,3.0,0.0,Bajo
21118,Los Reyes de Juárez,Puebla,2025-06-01,7.0,0.0,Bajo
21118,Los Reyes de Juárez,Puebla,2025-07-01,3.0,0.0,Bajo
21119,San Andrés Cholula,Puebla,2025-05-01,84.0,0.0,Bajo
21119,San Andrés Cholula,Puebla,2025-06-01,107.0,0.0,Medio
21119,San Andrés Cholula,Puebla,2025-07-01,77.0,0.0,Bajo
21120,San Antonio Cañada,Puebla,2025-05-01,1.0,0.0,Bajo
21120,San Antonio Cañada,Puebla,2025-06-01,0.0,0.0,Bajo
21120,San Antonio Cañada,Puebla,2025-07-01,1.0,0.0,Bajo
21121,San Diego la Mesa Tochimiltzingo,Puebla,2025-05-01,0.0,0.0,Bajo
21121,San Diego la Mesa Tochimiltzingo,Puebla,2025-06-01,0.0,0.0,Bajo
21121,San Diego la Mesa Tochimiltzingo,Puebla,2025-07-01,0.0,0.0,Bajo
21122,San Felipe Teotlalcingo,Puebla,2025-05-01,4.0,0.0,Bajo
21122,San Felipe Teotlalcingo,Puebla,2025-06-01,2.0,0.0,Bajo
21122,San Felipe Teotlalcingo,Puebla,2025-07-01,6.0,0.0,Bajo
21123,San Felipe Tepatlán,Puebla,2025-05-01,0.0,0.0,Bajo
21123,San Felipe Tepatlán,Puebla,2025-06-01,0.0,0.0,Bajo
21123,San Felipe Tepatlán,Puebla,2025-07-01,0.0,0.0,Bajo
21124,San Gabriel Chilac,Puebla,2025-05-01,1.0,0.0,Bajo
21124,San Gabriel Chilac,Puebla,2025-06-01,1.0,0.0,Bajo
21124,San Gabriel Chilac,Puebla,2025-07-01,1.0,0.0,Bajo
21125,San Gregorio Atzompa,Puebla,2025-05-01,2.0,0.0,Bajo
21125,San Gregorio Atzompa,Puebla,2025-06-01,2.0,0.0,Bajo
21125,San Gregorio Atzompa,Puebla,2025-07-01,2.0,0.0,Bajo
21126,San Jerónimo Tecuanipan,Puebla,2025-05-01,1.0,0.0,Bajo
21126,San Jerónimo Tecuanipan,Puebla,2025-06-01,0.0,0.0,Bajo
21126,San Jerónimo Tecuanipan,Puebla,2025-07-01,0.0,0.0,Bajo
21127,San Jerónimo Xayacatlán,Puebla,2025-05-01,0.0,0.0,Bajo
21127,San Jerónimo Xayacatlán,Puebla,2025-06-01,0.0,0.0,Bajo
21127,San Jerónimo Xayacatlán,Puebla,2025-07-01,0.0,0.0,Bajo
21128,San José Chiapa,Puebla,2025-05-01,7.0,0.0,Bajo
21128,San José Chiapa,Puebla,2025-06-01,4.0,0.0,Bajo
21128,San José Chiapa,Puebla,2025-07-01,7.0,0.0,Bajo
21129,San José Miahuatlán,Puebla,2025-05-01,4.0,0.0,Bajo
21129,San José Miahuatlán,Puebla,2025-06-01,0.0,0.0,Bajo
21129,San José Miahuatlán,Puebla,2025-07-01,4.0,0.0,Bajo
21130,San Juan Atenco,Puebla,2025-05-01,3.0,0.0,Bajo
21130,San Juan Atenco,Puebla,2025-06-01,0.0,0.0,Bajo
21130,San Juan Atenco,Puebla,2025-07-01,1.0,0.0,Bajo
21131,San Juan Atzompa,Puebla,2025-05-01,0.0,0.0,Bajo
21131,San Juan Atzompa,Puebla,2025-06-01,0.0,0.0,Bajo
21131,San Juan Atzompa,Puebla,2025-07-01,0.0,0.0,Bajo
21132,San Martín Texmelucan,Puebla,2025-05-01,96.0,0.0,Bajo
21132,San Martín Texmelucan,Puebla,2025-06-01,79.0,0.0,Bajo
21132,San Martín Texmelucan,Puebla,2025-07-01,99.0,0.0,Bajo
21133,San Martín Totoltepec,Puebla,2025-05-01,0.0,0.0,Bajo
21133,San Martín Totoltepec,Puebla,2025-06-01,0.0,0.0,Bajo
21133,San Martín Totoltepec,Puebla,2025-07-01,0.0,0.0,Bajo
21134,San Matías Tlalancaleca,Puebla,2025-05-01,4.0,0.0,Bajo
21134,San Matías Tlalancaleca,Puebla,2025-06-01,1.0,0.0,Bajo
21134,San Matías Tlalancaleca,Puebla,2025-07-01,0.0,0.0,Bajo
21135,San Miguel Ixitlán,Puebla,2025-05-01,0.0,0.0,Bajo
21135,San Miguel Ixitlán,Puebla,2025-06-01,0.0,0.0,Bajo
21135,San Miguel Ixitlán,Puebla,2025-07-01,0.0,0.0,Bajo
21136,San Miguel Xoxtla,Puebla,2025-05-01,10.0,0.0,Bajo
21136,San Miguel Xoxtla,Puebla,2025-06-01,14.0,0.0,Bajo
21136,San Miguel Xoxtla,Puebla,2025-07-01,8.0,0.0,Bajo
21137,San Nicolás Buenos Aires,Puebla,2025-05-01,0.0,0.0,Bajo
21137,San Nicolás Buenos Aires,Puebla,2025-06-01,1.0,0.0,Bajo
21137,San Nicolás Buenos Aires,Puebla,2025-07-01,5.0,0.0,Bajo
21138,San Nicolás de los Ranchos,Puebla,2025-05-01,2.0,0.0,Bajo
21138,San Nicolás de los Ranchos,Puebla,2025-06-01,0.0,0.0,Bajo
21138,San Nicolás de los Ranchos,Puebla,2025-07-01,0.0,0.0,Bajo
21139,San Pablo Anicano,Puebla,2025-05-01,1.0,0.0,Bajo
21139,San Pablo Anicano,Puebla,2025-06-01,0.0,0.0,Bajo
21139,San Pablo Anicano,Puebla,2025-07-01,0.0,0.0,Bajo
21140,San Pedro Cholula,Puebla,2025-05-01,66.0,0.0,Bajo
21140,San Pedro Cholula,Puebla,2025-06-01,61.0,0.0,Bajo
21140,San Pedro Cholula,Puebla,2025-07-01,69.0,0.0,Bajo
21141,San Pedro Yeloixtlahuaca,Puebla,2025-05-01,0.0,0.0,Bajo
21141,San Pedro Yeloixtlahuaca,Puebla,2025-06-01,0.0,0.0,Bajo
21141,San Pedro Yeloixtlahuaca,Puebla,2025-07-01,0.0,0.0,Bajo
21142,San Salvador el Seco,Puebla,2025-05-01,8.0,0.0,Bajo
21142,San Salvador el Seco,Puebla,2025-06-01,4.0,0.0,Bajo
21142,San Salvador el Seco,Puebla,2025-07-01,6.0,0.0,Bajo
21143,San Salvador el Verde,Puebla,2025-05-01,14.0,0.0,Bajo
21143,San Salvador el Verde,Puebla,2025-06-01,9.0,0.0,Bajo
21143,San Salvador el Verde,Puebla,2025-07-01,11.0,0.0,Bajo
21144,San Salvador Huixcolotla,Puebla,2025-05-01,20.0,0.0,Bajo
21144,San Salvador Huixcolotla,Puebla,2025-06-01,14.0,0.0,Bajo
21144,San Salvador Huixcolotla,Puebla,2025-07-01,7.0,0.0,Bajo
21145,San Sebastián Tlacotepec,Puebla,2025-05-01,0.0,0.0,Bajo
21145,San Sebastián Tlacotepec,Puebla,2025-06-01,1.0,0.0,Bajo
21145,San Sebastián Tlacotepec,Puebla,2025-07-01,0.0,0.0,Bajo
21146,Santa Catarina Tlaltempan,Puebla,2025-05-01,0.0,0.0,Bajo
21146,Santa Catarina Tlaltempan,Puebla,2025-06-01,0.0,0.0,Bajo
21146,Santa Catarina Tlaltempan,Puebla,2025-07-01,0.0,0.0,Bajo
21147,Santa Inés Ahuatempan,Puebla,2025-05-01,0.0,0.0,Bajo
21147,Santa Inés Ahuatempan,Puebla,2025-06-01,0.0,0.0,Bajo
21147,Santa Inés Ahuatempan,Puebla,2025-07-01,0.0,0.0,Bajo
21148,Santa Isabel Cholula,Puebla,2025-05-01,1.0,0.0,Bajo
21148,Santa Isabel Cholula,Puebla,2025-06-01,6.0,0.0,Bajo
21148,Santa Isabel Cholula,Puebla,2025-07-01,3.0,0.0,Bajo
21149,Santiago Miahuatlán,Puebla,2025-05-01,3.0,0.0,Bajo
21149,Santiago Miahuatlán,Puebla,2025-06-01,2.0,0.0,Bajo
21149,Santiago Miahuatlán,Puebla,2025-07-01,4.0,0.0,Bajo
21150,Huehuetlán el Grande,Puebla,2025-05-01,0.0,0.0,Bajo
21150,Huehuetlán el Grande,Puebla,2025-06-01,0.0,0.0,Bajo
21150,Huehuetlán el Grande,Puebla,2025-07-01,0.0,0.0,Bajo
21151,Santo Tomás Hueyotlipan,Puebla,2025-05-01,0.0,0.0,Bajo
21151,Santo Tomás Hueyotlipan,Puebla,2025-06-01,0.0,0.0,Bajo
21151,Santo Tomás Hueyotlipan,Puebla,2025-07-01,0.0,0.0,Bajo
21152,Soltepec,Puebla,2025-05-01,0.0,0.0,Bajo
21152,Soltepec,Puebla,2025-06-01,2.0,0.0,Bajo
21152,Soltepec,Puebla,2025-07-01,1.0,0.0,Bajo
21153,Tecali de Herrera,Puebla,2025-05-01,5.0,0.0,Bajo
21153,Tecali de Herrera,Puebla,2025-06-01,5.0,0.0,Bajo
21153,Tecali de Herrera,Puebla,2025-07-01,2.0,0.0,Bajo
21154,Tecamachalco,Puebla,2025-05-01,56.0,0.0,Bajo
21154,Tecamachalco,Puebla,2025-06-01,42.0,0.0,Bajo
21154,Tecamachalco,Puebla,2025-07-01,42.0,0.0,Bajo
21155,Tecomatlán,Puebla,2025-05-01,0.0,0.0,Bajo
21155,Tecomatlán,Puebla,2025-06-01,2.0,0.0,Bajo
21155,Tecomatlán,Puebla,2025-07-01,0.0,0.0,Bajo
21156,Tehuacán,Puebla,2025-05-01,81.0,0.0,Bajo
21156,Tehuacán,Puebla,2025-06-01,99.0,0.0,Bajo
21156,Tehuacán,Puebla,2025-07-01,72.0,0.0,Bajo
21157,Tehuitzingo,Puebla,2025-05-01,0.0,0.0,Bajo
21157,Tehuitzingo,Puebla,2025-06-01,2.0,0.0,Bajo
21157,Tehuitzingo,Puebla,2025-07-01,3.0,0.0,Bajo
21158,Tenampulco,Puebla,2025-05-01,0.0,0.0,Bajo
21158,Tenampulco,Puebla,2025-06-01,0.0,0.0,Bajo
21158,Tenampulco,Puebla,2025-07-01,0.0,0.0,Bajo
21159,Teopantlán,Puebla,2025-05-01,0.0,0.0,Bajo
21159,Teopantlán,Puebla,2025-06-01,0.0,0.0,Bajo
21159,Teopantlán,Puebla,2025-07-01,0.0,0.0,Bajo
21160,Teotlalco,Puebla,2025-05-01,0.0,0.0,Bajo
21160,Teotlalco,Puebla,2025-06-01,0.0,0.0,Bajo
21160,Teotlalco,Puebla,2025-07-01,1.0,0.0,Bajo
21161,Tepanco de López,Puebla,2025-05-01,3.0,0.0,Bajo
21161,Tepanco de López,Puebla,2025-06-01,0.0,0.0,Bajo
21161,Tepanco de López,Puebla,2025-07-01,4.0,0.0,Bajo
21162,Tepango de Rodríguez,Puebla,2025-05-01,0.0,0.0,Bajo
21162,Tepango de Rodríguez,Puebla,2025-06-01,0.0,0.0,Bajo
21162,Tepango de Rodríguez,Puebla,2025-07-01,1.0,0.0,Bajo
21163,Tepatlaxco de Hidalgo,Puebla,2025-05-01,0.0,0.0,Bajo
21163,Tepatlaxco de Hidalgo,Puebla,2025-06-01,1.0,0.0,Bajo
21163,Tepatlaxco de Hidalgo,Puebla,2025-07-01,0.0,0.0,Bajo
21164,Tepeaca,Puebla,2025-05-01,28.0,0.0,Bajo
21164,Tepeaca,Puebla,2025-06-01,36.0,0.0,Bajo
21164,Tepeaca,Puebla,2025-07-01,19.0,0.0,Bajo
21165,Tepemaxalco,Puebla,2025-05-01,0.0,0.0,Bajo
21165,Tepemaxalco,Puebla,2025-06-01,0.0,0.0,Bajo
21165,Tepemaxalco,Puebla,2025-07-01,0.0,0.0,Bajo
21166,Tepeojuma,Puebla,2025-05-01,1.0,0.0,Bajo
21166,Tepeojuma,Puebla,2025-06-01,4.0,0.0,Bajo
21166,Tepeojuma,Puebla,2025-07-01,1.0,0.0,Bajo
21167,Tepetzintla,Puebla,2025-05-01,1.0,0.0,Bajo
21167,Tepetzintla,Puebla,2025-06-01,0.0,0.0,Bajo
21167,Tepetzintla,Puebla,2025-07-01,0.0,0.0,Bajo
21168,Tepexco,Puebla,2025-05-01,1.0,0.0,Bajo
21168,Tepexco,Puebla,2025-06-01,0.0,0.0,Bajo
21168,Tepexco,Puebla,2025-07-01,0.0,0.0,Bajo
21169,Tepexi de Rodríguez,Puebla,2025-05-01,2.0,0.0,Bajo
21169,Tepexi de Rodríguez,Puebla,2025-06-01,3.0,0.0,Bajo
21169,Tepexi de Rodríguez,Puebla,2025-07-01,4.0,0.0,Bajo
21170,Tepeyahualco,Puebla,2025-05-01,5.0,0.0,Bajo
21170,Tepeyahualco,Puebla,2025-06-01,3.0,0.0,Bajo
21170,Tepeyahualco,Puebla,2025-07-01,3.0,0.0,Bajo
21171,Tepeyahualco de Cuauhtémoc,Puebla,2025-05-01,1.0,0.0,Bajo
21171,Tepeyahualco de Cuauhtémoc,Puebla,2025-06-01,0.0,0.0,Bajo
21171,Tepeyahualco de Cuauhtémoc,Puebla,2025-07-01,0.0,0.0,Bajo
21172,Tetela de Ocampo,Puebla,2025-05-01,1.0,0.0,Bajo
21172,Tetela de Ocampo,Puebla,2025-06-01,2.0,0.0,Bajo
21172,Tetela de Ocampo,Puebla,2025-07-01,0.0,0.0,Bajo
21173,Teteles de Avila Castillo,Puebla,2025-05-01,0.0,0.0,Bajo
21173,Teteles de Avila Castillo,Puebla,2025-06-01,1.0,0.0,Bajo
21173,Teteles de Avila Castillo,Puebla,2025-07-01,1.0,0.0,Bajo
21174,Teziutlán,Puebla,2025-05-01,22.0,0.0,Bajo
21174,Teziutlán,Puebla,2025-06-01,6.0,0.0,Bajo
21174,Teziutlán,Puebla,2025-07-01,7.0,0.0,Bajo
21175,Tianguismanalco,Puebla,2025-05-01,2.0,0.0,Bajo
21175,Tianguismanalco,Puebla,2025-06-01,1.0,0.0,Bajo
21175,Tianguismanalco,Puebla,2025-07-01,3.0,0.0,Bajo
21176,Tilapa,Puebla,2025-05-01,1.0,0.0,Bajo
21176,Tilapa,Puebla,2025-06-01,0.0,0.0,Bajo
21176,Tilapa,Puebla,2025-07-01,2.0,0.0,Bajo
21177,Tlacotepec de Benito Juárez,Puebla,2025-05-01,6.0,1.0,Bajo
21177,Tlacotepec de Benito Juárez,Puebla,2025-06-01,4.0,0.0,Bajo
21177,Tlacotepec de Benito Juárez,Puebla,2025-07-01,7.0,0.0,Bajo
21178,Tlacuilotepec,Puebla,2025-05-01,1.0,0.0,Bajo
21178,Tlacuilotepec,Puebla,2025-06-01,1.0,0.0,Bajo
21178,Tlacuilotepec,Puebla,2025-07-01,0.0,0.0,Bajo
21179,Tlachichuca,Puebla,2025-05-01,0.0,0.0,Bajo
21179,Tlachichuca,Puebla,2025-06-01,8.0,0.0,Bajo
21179,Tlachichuca,Puebla,2025-07-01,0.0,0.0,Bajo
21180,Tlahuapan,Puebla,2025-05-01,10.0,0.0,Bajo
21180,Tlahuapan,Puebla,2025-06-01,5.0,0.0,Bajo
21180,Tlahuapan,Puebla,2025-07-01,6.0,0.0,Bajo
21181,Tlaltenango,Puebla,2025-05-01,2.0,0.0,Bajo
21181,Tlaltenango,Puebla,2025-06-01,1.0,0.0,Bajo
21181,Tlaltenango,Puebla,2025-07-01,2.0,0.0,Bajo
21182,Tlanepantla,Puebla,2025-05-01,0.0,0.0,Bajo
21182,Tlanepantla,Puebla,2025-06-01,0.0,0.0,Bajo
21182,Tlanepantla,Puebla,2025-07-01,2.0,0.0,Bajo
21183,Tlaola,Puebla,2025-05-01,4.0,0.0,Bajo
21183,Tlaola,Puebla,2025-06-01,2.0,0.0,Bajo
21183,Tlaola,Puebla,2025-07-01,3.0,0.0,Bajo
21184,Tlapacoya,Puebla,2025-05-01,0.0,0.0,Bajo
21184,Tlapacoya,Puebla,2025-06-01,0.0,0.0,Bajo
21184,Tlapacoya,Puebla,2025-07-01,0.0,0.0,Bajo
21185,Tlapanalá,Puebla,2025-05-01,2.0,0.0,Bajo
21185,Tlapanalá,Puebla,2025-06-01,2.0,0.0,Bajo
21185,Tlapanalá,Puebla,2025-07-01,0.0,0.0,Bajo
21186,Tlatlauquitepec,Puebla,2025-05-01,1.0,0.0,Bajo
21186,Tlatlauquitepec,Puebla,2025-06-01,1.0,0.0,Bajo
21186,Tlatlauquitepec,Puebla,2025-07-01,5.0,0.0,Bajo
21187,Tlaxco,Puebla,2025-05-01,0.0,0.0,Bajo
21187,Tlaxco,Puebla,2025-06-01,1.0,0.0,Bajo
21187,Tlaxco,Puebla,2025-07-01,0.0,0.0,Bajo
21188,Tochimilco,Puebla,2025-05-01,1.0,0.0,Bajo
21188,Tochimilco,Puebla,2025-06-01,1.0,0.0,Bajo
21188,Tochimilco,Puebla,2025-07-01,0.0,0.0,Bajo
21189,Tochtepec,Puebla,2025-05-01,6.0,0.0,Bajo
21189,Tochtepec,Puebla,2025-06-01,4.0,0.0,Bajo
21189,Tochtepec,Puebla,2025-07-01,4.0,0.0,Bajo
21190,Totoltepec de Guerrero,Puebla,2025-05-01,0.0,0.0,Bajo
21190,Totoltepec de Guerrero,Puebla,2025-06-01,0.0,0.0,Bajo
21190,Totoltepec de Guerrero,Puebla,2025-07-01,0.0,0.0,Bajo
21191,Tulcingo,Puebla,2025-05-01,0.0,0.0,Bajo
21191,Tulcingo,Puebla,2025-06-01,0.0,0.0,Bajo
21191,Tulcingo,Puebla,2025-07-01,3.0,0.0,Bajo
21192,Tuzamapan de Galeana,Puebla,2025-05-01,0.0,0.0,Bajo
21192,Tuzamapan de Galeana,Puebla,2025-06-01,0.0,0.0,Bajo
21192,Tuzamapan de Galeana,Puebla,2025-07-01,0.0,0.0,Bajo
21193,Tzicatlacoyan,Puebla,2025-05-01,1.0,0.0,Bajo
21193,Tzicatlacoyan,Puebla,2025-06-01,0.0,0.0,Bajo
21193,Tzicatlacoyan,Puebla,2025-07-01,0.0,0.0,Bajo
21194,Venustiano Carranza,Puebla,2025-05-01,3.0,0.0,Bajo
21194,Venustiano Carranza,Puebla,2025-06-01,2.0,0.0,Bajo
21194,Venustiano Carranza,Puebla,2025-07-01,7.0,0.0,Bajo
21195,Vicente Guerrero,Puebla,2025-05-01,1.0,0.0,Bajo
21195,Vicente Guerrero,Puebla,2025-06-01,0.0,0.0,Bajo
21195,Vicente Guerrero,Puebla,2025-07-01,0.0,0.0,Bajo
21196,Xayacatlán de Bravo,Puebla,2025-05-01,0.0,0.0,Bajo
21196,Xayacatlán de Bravo,Puebla,2025-06-01,0.0,0.0,Bajo
21196,Xayacatlán de Bravo,Puebla,2025-07-01,0.0,0.0,Bajo
21197,Xicotepec,Puebla,2025-05-01,10.0,0.0,Bajo
21197,Xicotepec,Puebla,2025-06-01,13.0,0.0,Bajo
21197,Xicotepec,Puebla,2025-07-01,7.0,0.0,Bajo
21198,Xicotlán,Puebla,2025-05-01,0.0,0.0,Bajo
21198,Xicotlán,Puebla,2025-06-01,0.0,0.0,Bajo
21198,Xicotlán,Puebla,2025-07-01,0.0,0.0,Bajo
21199,Xiutetelco,Puebla,2025-05-01,1.0,0.0,Bajo
21199,Xiutetelco,Puebla,2025-06-01,4.0,0.0,Bajo
21199,Xiutetelco,Puebla,2025-07-01,4.0,0.0,Bajo
21200,Xochiapulco,Puebla,2025-05-01,0.0,0.0,Bajo
21200,Xochiapulco,Puebla,2025-06-01,0.0,0.0,Bajo
21200,Xochiapulco,Puebla,2025-07-01,0.0,0.0,Bajo
21201,Xochiltepec,Puebla,2025-05-01,0.0,0.0,Bajo
21201,Xochiltepec,Puebla,2025-06-01,0.0,0.0,Bajo
21201,Xochiltepec,Puebla,2025-07-01,1.0,0.0,Bajo
21202,Xochitlán de Vicente Suárez,Puebla,2025-05-01,0.0,0.0,Bajo
21202,Xochitlán de Vicente Suárez,Puebla,2025-06-01,0.0,0.0,Bajo
21202,Xochitlán de Vicente Suárez,Puebla,2025-07-01,1.0,0.0,Bajo
21203,Xochitlán Todos Santos,Puebla,2025-05-01,0.0,0.0,Bajo
21203,Xochitlán Todos Santos,Puebla,2025-06-01,0.0,0.0,Bajo
21203,Xochitlán Todos Santos,Puebla,2025-07-01,0.0,0.0,Bajo
21204,Yaonáhuac,Puebla,2025-05-01,0.0,0.0,Bajo
21204,Yaonáhuac,Puebla,2025-06-01,0.0,0.0,Bajo
21204,Yaonáhuac,Puebla,2025-07-01,0.0,0.0,Bajo
21205,Yehualtepec,Puebla,2025-05-01,1.0,0.0,Bajo
21205,Yehualtepec,Puebla,2025-06-01,3.0,0.0,Bajo
21205,Yehualtepec,Puebla,2025-07-01,3.0,0.0,Bajo
21206,Zacapala,Puebla,2025-05-01,1.0,0.0,Bajo
21206,Zacapala,Puebla,2025-06-01,0.0,0.0,Bajo
21206,Zacapala,Puebla,2025-07-01,1.0,0.0,Bajo
21207,Zacapoaxtla,Puebla,2025-05-01,2.0,0.0,Bajo
21207,Zacapoaxtla,Puebla,2025-06-01,2.0,0.0,Bajo
21207,Zacapoaxtla,Puebla,2025-07-01,3.0,0.0,Bajo
21208,Zacatlán,Puebla,2025-05-01,30.0,0.0,Bajo
21208,Zacatlán,Puebla,2025-06-01,8.0,0.0,Bajo
21208,Zacatlán,Puebla,2025-07-01,17.0,0.0,Bajo
21209,Zapotitlán,Puebla,2025-05-01,0.0,0.0,Bajo
21209,Zapotitlán,Puebla,2025-06-01,0.0,0.0,Bajo
21209,Zapotitlán,Puebla,2025-07-01,1.0,0.0,Bajo
21210,Zapotitlán de Méndez,Puebla,2025-05-01,0.0,0.0,Bajo
21210,Zapotitlán de Méndez,Puebla,2025-06-01,0.0,0.0,Bajo
21210,Zapotitlán de Méndez,Puebla,2025-07-01,0.0,0.0,Bajo
21211,Zaragoza,Puebla,2025-05-01,4.0,0.0,Bajo
21211,Zaragoza,Puebla,2025-06-01,0.0,0.0,Bajo
21211,Zaragoza,Puebla,2025-07-01,3.0,0.0,Bajo
21212,Zautla,Puebla,2025-05-01,1.0,0.0,Bajo
21212,Zautla,Puebla,2025-06-01,0.0,0.0,Bajo
21212,Zautla,Puebla,2025-07-01,1.0,0.0,Bajo
21213,Zihuateutla,Puebla,2025-05-01,0.0,0.0,Bajo
21213,Zihuateutla,Puebla,2025-06-01,0.0,0.0,Bajo
21213,Zihuateutla,Puebla,2025-07-01,0.0,0.0,Bajo
21214,Zinacatepec,Puebla,2025-05-01,2.0,0.0,Bajo
21214,Zinacatepec,Puebla,2025-06-01,2.0,0.0,Bajo
21214,Zinacatepec,Puebla,2025-07-01,1.0,0.0,Bajo
21215,Zongozotla,Puebla,2025-05-01,1.0,0.0,Bajo
21215,Zongozotla,Puebla,2025-06-01,0.0,0.0,Bajo
21215,Zongozotla,Puebla,2025-07-01,1.0,0.0,Bajo
21216,Zoquiapan,Puebla,2025-05-01,0.0,0.0,Bajo
21216,Zoquiapan,Puebla,2025-06-01,0.0,0.0,Bajo
21216,Zoquiapan,Puebla,2025-07-01,0.0,0.0,Bajo
21217,Zoquitlán,Puebla,2025-05-01,0.0,0.0,Bajo
21217,Zoquitlán,Puebla,2025-06-01,0.0,0.0,Bajo
21217,Zoquitlán,Puebla,2025-07-01,0.0,0.0,Bajo
22001,Amealco de Bonfil,Querétaro,2025-05-01,21.0,0.0,Bajo
22001,Amealco de Bonfil,Querétaro,2025-06-01,8.0,0.0,Bajo
22001,Amealco de Bonfil,Querétaro,2025-07-01,11.0,0.0,Bajo
22002,Pinal de Amoles,Querétaro,2025-05-01,0.0,0.0,Bajo
22002,Pinal de Amoles,Querétaro,2025-06-01,1.0,0.0,Bajo
22002,Pinal de Amoles,Querétaro,2025-07-01,2.0,0.0,Bajo
22003,Arroyo Seco,Querétaro,2025-05-01,7.0,0.0,Bajo
22003,Arroyo Seco,Querétaro,2025-06-01,1.0,0.0,Bajo
22003,Arroyo Seco,Querétaro,2025-07-01,3.0,0.0,Bajo
22004,Cadereyta de Montes,Querétaro,2025-05-01,12.0,0.0,Bajo
22004,Cadereyta de Montes,Querétaro,2025-06-01,12.0,0.0,Bajo
22004,Cadereyta de Montes,Querétaro,2025-07-01,16.0,0.0,Bajo
22005,Colón,Querétaro,2025-05-01,18.0,0.0,Bajo
22005,Colón,Querétaro,2025-06-01,26.0,0.0,Bajo
22005,Colón,Querétaro,2025-07-01,24.0,0.0,Bajo
22006,Corregidora,Querétaro,2025-05-01,102.0,0.0,Bajo
22006,Corregidora,Querétaro,2025-06-01,90.0,0.0,Bajo
22006,Corregidora,Querétaro,2025-07-01,112.0,0.0,Medio
22007,Ezequiel Montes,Querétaro,2025-05-01,15.0,0.0,Bajo
22007,Ezequiel Montes,Querétaro,2025-06-01,11.0,0.0,Bajo
22007,Ezequiel Montes,Querétaro,2025-07-01,14.0,0.0,Bajo
22008,Huimilpan,Querétaro,2025-05-01,10.0,0.0,Bajo
22008,Huimilpan,Querétaro,2025-06-01,13.0,0.0,Bajo
22008,Huimilpan,Querétaro,2025-07-01,11.0,0.0,Bajo
22009,Jalpan de Serra,Querétaro,2025-05-01,10.0,0.0,Bajo
22009,Jalpan de Serra,Querétaro,2025-06-01,5.0,0.0,Bajo
22009,Jalpan de Serra,Querétaro,2025-07-01,9.0,0.0,Bajo
22010,Landa de Matamoros,Querétaro,2025-05-01,1.0,0.0,Bajo
22010,Landa de Matamoros,Querétaro,2025-06-01,1.0,0.0,Bajo
22010,Landa de Matamoros,Querétaro,2025-07-01,5.0,0.0,Bajo
22011,El Marqués,Querétaro,2025-05-01,113.0,0.0,Medio
22011,El Marqués,Querétaro,2025-06-01,123.0,0.0,Medio
22011,El Marqués,Querétaro,2025-07-01,123.0,0.0,Medio
22012,Pedro Escobedo,Querétaro,2025-05-01,31.0,0.0,Bajo
22012,Pedro Escobedo,Querétaro,2025-06-01,21.0,0.0,Bajo
22012,Pedro Escobedo,Querétaro,2025-07-01,24.0,0.0,Bajo
22013,Peñamiller,Querétaro,2025-05-01,1.0,0.0,Bajo
22013,Peñamiller,Querétaro,2025-06-01,1.0,0.0,Bajo
22013,Peñamiller,Querétaro,2025-07-01,0.0,0.0,Bajo
22014,Querétaro,Querétaro,2025-05-01,875.0,0.0,Alto
22014,Querétaro,Querétaro,2025-06-01,871.0,0.0,Alto
22014,Querétaro,Querétaro,2025-07-01,883.0,0.0,Alto
22015,San Joaquín,Querétaro,2025-05-01,5.0,0.0,Bajo
22015,San Joaquín,Querétaro,2025-06-01,0.0,0.0,Bajo
22015,San Joaquín,Querétaro,2025-07-01,2.0,0.0,Bajo
22016,San Juan del Río,Querétaro,2025-05-01,117.0,0.0,Medio
22016,San Juan del Río,Querétaro,2025-06-01,136.0,0.0,Medio
22016,San Juan del Río,Querétaro,2025-07-01,119.0,0.0,Medio
22017,Tequisquiapan,Querétaro,2025-05-01,30.0,0.0,Bajo
22017,Tequisquiapan,Querétaro,2025-06-01,27.0,0.0,Bajo
22017,Tequisquiapan,Querétaro,2025-07-01,36.0,0.0,Bajo
22018,Tolimán,Querétaro,2025-05-01,5.0,0.0,Bajo
22018,Tolimán,Querétaro,2025-06-01,5.0,0.0,Bajo
22018,Tolimán,Querétaro,2025-07-01,5.0,0.0,Bajo
22998,No Especificado,Querétaro,2025-05-01,0.0,0.0,Bajo
22998,No Especificado,Querétaro,2025-06-01,3.0,0.0,Bajo
22998,No Especificado,Querétaro,2025-07-01,1.0,0.0,Bajo
23001,Cozumel,Quintana Roo,2025-05-01,37.0,0.0,Bajo
23001,Cozumel,Quintana Roo,2025-06-01,37.0,0.0,Bajo
23001,Cozumel,Quintana Roo,2025-07-01,34.0,0.0,Bajo
23002,Felipe Carrillo Puerto,Quintana Roo,2025-05-01,19.0,0.0,Bajo
23002,Felipe Carrillo Puerto,Quintana Roo,2025-06-01,5.0,0.0,Bajo
23002,Felipe Carrillo Puerto,Quintana Roo,2025-07-01,11.0,0.0,Bajo
23003,Isla Mujeres,Quintana Roo,2025-05-01,7.0,0.0,Bajo
23003,Isla Mujeres,Quintana Roo,2025-06-01,10.0,0.0,Bajo
23003,Isla Mujeres,Quintana Roo,2025-07-01,13.0,0.0,Bajo
23004,Othón P. Blanco,Quintana Roo,2025-05-01,48.0,0.0,Bajo
23004,Othón P. Blanco,Quintana Roo,2025-06-01,53.0,0.0,Bajo
23004,Othón P. Blanco,Quintana Roo,2025-07-01,54.0,0.0,Bajo
23005,Benito Juárez,Quintana Roo,2025-05-01,390.0,0.0,Medio
23005,Benito Juárez,Quintana Roo,2025-06-01,467.0,0.0,Alto
23005,Benito Juárez,Quintana Roo,2025-07-01,479.0,0.0,Alto
23006,José María Morelos,Quintana Roo,2025-05-01,7.0,0.0,Bajo
23006,José María Morelos,Quintana Roo,2025-06-01,1.0,0.0,Bajo
23006,José María Morelos,Quintana Roo,2025-07-01,5.0,0.0,Bajo
23007,Lázaro Cárdenas,Quintana Roo,2025-05-01,1.0,0.0,Bajo
23007,Lázaro Cárdenas,Quintana Roo,2025-06-01,3.0,0.0,Bajo
23007,Lázaro Cárdenas,Quintana Roo,2025-07-01,3.0,0.0,Bajo
23008,Solidaridad,Quintana Roo,2025-05-01,209.0,0.0,Medio
23008,Solidaridad,Quintana Roo,2025-06-01,173.0,0.0,Medio
23008,Solidaridad,Quintana Roo,2025-07-01,206.0,0.0,Medio
23009,Tulum,Quintana Roo,2025-05-01,23.0,0.0,Bajo
23009,Tulum,Quintana Roo,2025-06-01,23.0,0.0,Bajo
23009,Tulum,Quintana Roo,2025-07-01,26.0,0.0,Bajo
23010,Bacalar,Quintana Roo,2025-05-01,11.0,0.0,Bajo
23010,Bacalar,Quintana Roo,2025-06-01,7.0,0.0,Bajo
23010,Bacalar,Quintana Roo,2025-07-01,14.0,0.0,Bajo
23011,Puerto Morelos,Quintana Roo,2025-05-01,17.0,0.0,Bajo
23011,Puerto Morelos,Quintana Roo,2025-06-01,16.0,0.0,Bajo
23011,Puerto Morelos,Quintana Roo,2025-07-01,19.0,0.0,Bajo
24001,Ahualulco,San Luis Potosí,2025-05-01,1.0,0.0,Bajo
24001,Ahualulco,San Luis Potosí,2025-06-01,3.0,0.0,Bajo
24001,Ahualulco,San Luis Potosí,2025-07-01,1.0,0.0,Bajo
24002,Alaquines,San Luis Potosí,2025-05-01,0.0,0.0,Bajo
24002,Alaquines,San Luis Potosí,2025-06-01,0.0,0.0,Bajo
24002,Alaquines,San Luis Potosí,2025-07-01,0.0,0.0,Bajo
24003,Aquismón,San Luis Potosí,2025-05-01,1.0,0.0,Bajo
24003,Aquismón,San Luis Potosí,2025-06-01,4.0,0.0,Bajo
24003,Aquismón,San Luis Potosí,2025-07-01,7.0,0.0,Bajo
24004,Armadillo de los Infante,San Luis Potosí,2025-05-01,0.0,0.0,Bajo
24004,Armadillo de los Infante,San Luis Potosí,2025-06-01,0.0,0.0,Bajo
24004,Armadillo de los Infante,San Luis Potosí,2025-07-01,0.0,0.0,Bajo
24005,Cárdenas,San Luis Potosí,2025-05-01,2.0,0.0,Bajo
24005,Cárdenas,San Luis Potosí,2025-06-01,2.0,0.0,Bajo
24005,Cárdenas,San Luis Potosí,2025-07-01,2.0,0.0,Bajo
24006,Catorce,San Luis Potosí,2025-05-01,0.0,0.0,Bajo
24006,Catorce,San Luis Potosí,2025-06-01,1.0,0.0,Bajo
24006,Catorce,San Luis Potosí,2025-07-01,0.0,0.0,Bajo
24007,Cedral,San Luis Potosí,2025-05-01,2.0,0.0,Bajo
24007,Cedral,San Luis Potosí,2025-06-01,3.0,0.0,Bajo
24007,Cedral,San Luis Potosí,2025-07-01,2.0,0.0,Bajo
24008,Cerritos,San Luis Potosí,2025-05-01,2.0,0.0,Bajo
24008,Cerritos,San Luis Potosí,2025-06-01,3.0,0.0,Bajo
24008,Cerritos,San Luis Potosí,2025-07-01,2.0,0.0,Bajo
24009,Cerro de San Pedro,San Luis Potosí,2025-05-01,0.0,0.0,Bajo
24009,Cerro de San Pedro,San Luis Potosí,2025-06-01,2.0,0.0,Bajo
24009,Cerro de San Pedro,San Luis Potosí,2025-07-01,1.0,0.0,Bajo
24010,Ciudad del Maíz,San Luis Potosí,2025-05-01,1.0,0.0,Bajo
24010,Ciudad del Maíz,San Luis Potosí,2025-06-01,1.0,0.0,Bajo
24010,Ciudad del Maíz,San Luis Potosí,2025-07-01,0.0,0.0,Bajo
24011,Ciudad Fernández,San Luis Potosí,2025-05-01,9.0,0.0,Bajo
24011,Ciudad Fernández,San Luis Potosí,2025-06-01,3.0,0.0,Bajo
24011,Ciudad Fernández,San Luis Potosí,2025-07-01,10.0,0.0,Bajo
24012,Tancanhuitz,San Luis Potosí,2025-05-01,1.0,0.0,Bajo
24012,Tancanhuitz,San Luis Potosí,2025-06-01,1.0,0.0,Bajo
24012,Tancanhuitz,San Luis Potosí,2025-07-01,1.0,0.0,Bajo
24013,Ciudad Valles,San Luis Potosí,2025-05-01,30.0,0.0,Bajo
24013,Ciudad Valles,San Luis Potosí,2025-06-01,48.0,0.0,Bajo
24013,Ciudad Valles,San Luis Potosí,2025-07-01,39.0,0.0,Bajo
24014,Coxcatlán,San Luis Potosí,2025-05-01,0.0,0.0,Bajo
24014,Coxcatlán,San Luis Potosí,2025-06-01,0.0,0.0,Bajo
24014,Coxcatlán,San Luis Potosí,2025-07-01,0.0,0.0,Bajo
24015,Charcas,San Luis Potosí,2025-05-01,2.0,0.0,Bajo
24015,Charcas,San Luis Potosí,2025-06-01,0.0,0.0,Bajo
24015,Charcas,San Luis Potosí,2025-07-01,1.0,0.0,Bajo
24016,Ebano,San Luis Potosí,2025-05-01,4.0,0.0,Bajo
24016,Ebano,San Luis Potosí,2025-06-01,10.0,0.0,Bajo
24016,Ebano,San Luis Potosí,2025-07-01,3.0,0.0,Bajo
24017,Guadalcázar,San Luis Potosí,2025-05-01,0.0,1.0,Bajo
24017,Guadalcázar,San Luis Potosí,2025-06-01,3.0,0.0,Bajo
24017,Guadalcázar,San Luis Potosí,2025-07-01,2.0,0.0,Bajo
24018,Huehuetlán,San Luis Potosí,2025-05-01,0.0,0.0,Bajo
24018,Huehuetlán,San Luis Potosí,2025-06-01,1.0,0.0,Bajo
24018,Huehuetlán,San Luis Potosí,2025-07-01,0.0,0.0,Bajo
24019,Lagunillas,San Luis Potosí,2025-05-01,0.0,0.0,Bajo
24019,Lagunillas,San Luis Potosí,2025-06-01,0.0,0.0,Bajo
24019,Lagunillas,San Luis Potosí,2025-07-01,0.0,0.0,Bajo
24020,Matehuala,San Luis Potosí,2025-05-01,20.0,0.0,Bajo
24020,Matehuala,San Luis Potosí,2025-06-01,21.0,0.0,Bajo
24020,Matehuala,San Luis Potosí,2025-07-01,14.0,0.0,Bajo
24021,Mexquitic de Carmona,San Luis Potosí,2025-05-01,12.0,0.0,Bajo
24021,Mexquitic de Carmona,San Luis Potosí,2025-06-01,8.0,0.0,Bajo
24021,Mexquitic de Carmona,San Luis Potosí,2025-07-01,8.0,0.0,Bajo
24022,Moctezuma,San Luis Potosí,2025-05-01,1.0,0.0,Bajo
24022,Moctezuma,San Luis Potosí,2025-06-01,0.0,0.0,Bajo
24022,Moctezuma,San Luis Potosí,2025-07-01,0.0,0.0,Bajo
24023,Rayón,San Luis Potosí,2025-05-01,1.0,0.0,Bajo
24023,Rayón,San Luis Potosí,2025-06-01,0.0,0.0,Bajo
24023,Rayón,San Luis Potosí,2025-07-01,3.0,0.0,Bajo
24024,Rioverde,San Luis Potosí,2025-05-01,15.0,0.0,Bajo
24024,Rioverde,San Luis Potosí,2025-06-01,10.0,0.0,Bajo
24024,Rioverde,San Luis Potosí,2025-07-01,12.0,0.0,Bajo
24025,Salinas,San Luis Potosí,2025-05-01,4.0,0.0,Bajo
24025,Salinas,San Luis Potosí,2025-06-01,3.0,0.0,Bajo
24025,Salinas,San Luis Potosí,2025-07-01,1.0,0.0,Bajo
24026,San Antonio,San Luis Potosí,2025-05-01,2.0,0.0,Bajo
24026,San Antonio,San Luis Potosí,2025-06-01,0.0,0.0,Bajo
24026,San Antonio,San Luis Potosí,2025-07-01,0.0,0.0,Bajo
24027,San Ciro de Acosta,San Luis Potosí,2025-05-01,0.0,0.0,Bajo
24027,San Ciro de Acosta,San Luis Potosí,2025-06-01,0.0,0.0,Bajo
24027,San Ciro de Acosta,San Luis Potosí,2025-07-01,0.0,0.0,Bajo
24028,San Luis Potosí,San Luis Potosí,2025-05-01,515.0,0.0,Alto
24028,San Luis Potosí,San Luis Potosí,2025-06-01,590.0,0.0,Alto
24028,San Luis Potosí,San Luis Potosí,2025-07-01,530.0,0.0,Alto
24029,San Martín Chalchicuautla,San Luis Potosí,2025-05-01,0.0,0.0,Bajo
24029,San Martín Chalchicuautla,San Luis Potosí,2025-06-01,3.0,0.0,Bajo
24029,San Martín Chalchicuautla,San Luis Potosí,2025-07-01,2.0,0.0,Bajo
24030,San Nicolás Tolentino,San Luis Potosí,2025-05-01,0.0,0.0,Bajo
24030,San Nicolás Tolentino,San Luis Potosí,2025-06-01,1.0,0.0,Bajo
24030,San Nicolás Tolentino,San Luis Potosí,2025-07-01,0.0,0.0,Bajo
24031,Santa Catarina,San Luis Potosí,2025-05-01,0.0,0.0,Bajo
24031,Santa Catarina,San Luis Potosí,2025-06-01,0.0,0.0,Bajo
24031,Santa Catarina,San Luis Potosí,2025-07-01,0.0,0.0,Bajo
24032,Santa María del Río,San Luis Potosí,2025-05-01,8.0,0.0,Bajo
24032,Santa María del Río,San Luis Potosí,2025-06-01,6.0,0.0,Bajo
24032,Santa María del Río,San Luis Potosí,2025-07-01,2.0,0.0,Bajo
24033,Santo Domingo,San Luis Potosí,2025-05-01,1.0,0.0,Bajo
24033,Santo Domingo,San Luis Potosí,2025-06-01,1.0,0.0,Bajo
24033,Santo Domingo,San Luis Potosí,2025-07-01,0.0,0.0,Bajo
24034,San Vicente Tancuayalab,San Luis Potosí,2025-05-01,3.0,0.0,Bajo
24034,San Vicente Tancuayalab,San Luis Potosí,2025-06-01,0.0,0.0,Bajo
24034,San Vicente Tancuayalab,San Luis Potosí,2025-07-01,0.0,0.0,Bajo
24035,Soledad de Graciano Sánchez,San Luis Potosí,2025-05-01,102.0,0.0,Bajo
24035,Soledad de Graciano Sánchez,San Luis Potosí,2025-06-01,95.0,0.0,Bajo
24035,Soledad de Graciano Sánchez,San Luis Potosí,2025-07-01,88.0,0.0,Bajo
24036,Tamasopo,San Luis Potosí,2025-05-01,5.0,0.0,Bajo
24036,Tamasopo,San Luis Potosí,2025-06-01,6.0,0.0,Bajo
24036,Tamasopo,San Luis Potosí,2025-07-01,0.0,0.0,Bajo
24037,Tamazunchale,San Luis Potosí,2025-05-01,8.0,0.0,Bajo
24037,Tamazunchale,San Luis Potosí,2025-06-01,11.0,0.0,Bajo
24037,Tamazunchale,San Luis Potosí,2025-07-01,7.0,0.0,Bajo
24038,Tampacán,San Luis Potosí,2025-05-01,0.0,0.0,Bajo
24038,Tampacán,San Luis Potosí,2025-06-01,0.0,0.0,Bajo
24038,Tampacán,San Luis Potosí,2025-07-01,1.0,0.0,Bajo
24039,Tampamolón Corona,San Luis Potosí,2025-05-01,1.0,0.0,Bajo
24039,Tampamolón Corona,San Luis Potosí,2025-06-01,1.0,0.0,Bajo
24039,Tampamolón Corona,San Luis Potosí,2025-07-01,0.0,0.0,Bajo
24040,Tamuín,San Luis Potosí,2025-05-01,3.0,0.0,Bajo
24040,Tamuín,San Luis Potosí,2025-06-01,3.0,0.0,Bajo
24040,Tamuín,San Luis Potosí,2025-07-01,5.0,0.0,Bajo
24041,Tanlajás,San Luis Potosí,2025-05-01,0.0,0.0,Bajo
24041,Tanlajás,San Luis Potosí,2025-06-01,0.0,0.0,Bajo
24041,Tanlajás,San Luis Potosí,2025-07-01,2.0,0.0,Bajo
24042,Tanquián de Escobedo,San Luis Potosí,2025-05-01,3.0,0.0,Bajo
24042,Tanquián de Escobedo,San Luis Potosí,2025-06-01,1.0,0.0,Bajo
24042,Tanquián de Escobedo,San Luis Potosí,2025-07-01,1.0,0.0,Bajo
24043,Tierra Nueva,San Luis Potosí,2025-05-01,0.0,0.0,Bajo
24043,Tierra Nueva,San Luis Potosí,2025-06-01,0.0,0.0,Bajo
24043,Tierra Nueva,San Luis Potosí,2025-07-01,3.0,0.0,Bajo
24044,Vanegas,San Luis Potosí,2025-05-01,1.0,0.0,Bajo
24044,Vanegas,San Luis Potosí,2025-06-01,0.0,0.0,Bajo
24044,Vanegas,San Luis Potosí,2025-07-01,2.0,0.0,Bajo
24045,Venado,San Luis Potosí,2025-05-01,3.0,0.0,Bajo
24045,Venado,San Luis Potosí,2025-06-01,0.0,0.0,Bajo
24045,Venado,San Luis Potosí,2025-07-01,1.0,0.0,Bajo
24046,Villa de Arriaga,San Luis Potosí,2025-05-01,2.0,0.0,Bajo
24046,Villa de Arriaga,San Luis Potosí,2025-06-01,4.0,0.0,Bajo
24046,Villa de Arriaga,San Luis Potosí,2025-07-01,5.0,0.0,Bajo
24047,Villa de Guadalupe,San Luis Potosí,2025-05-01,0.0,0.0,Bajo
24047,Villa de Guadalupe,San Luis Potosí,2025-06-01,1.0,0.0,Bajo
24047,Villa de Guadalupe,San Luis Potosí,2025-07-01,1.0,0.0,Bajo
24048,Villa de la Paz,San Luis Potosí,2025-05-01,0.0,0.0,Bajo
24048,Villa de la Paz,San Luis Potosí,2025-06-01,0.0,0.0,Bajo
24048,Villa de la Paz,San Luis Potosí,2025-07-01,0.0,0.0,Bajo
24049,Villa de Ramos,San Luis Potosí,2025-05-01,6.0,0.0,Bajo
24049,Villa de Ramos,San Luis Potosí,2025-06-01,4.0,0.0,Bajo
24049,Villa de Ramos,San Luis Potosí,2025-07-01,0.0,0.0,Bajo
24050,Villa de Reyes,San Luis Potosí,2025-05-01,6.0,0.0,Bajo
24050,Villa de Reyes,San Luis Potosí,2025-06-01,7.0,0.0,Bajo
24050,Villa de Reyes,San Luis Potosí,2025-07-01,12.0,0.0,Bajo
24051,Villa Hidalgo,San Luis Potosí,2025-05-01,2.0,0.0,Bajo
24051,Villa Hidalgo,San Luis Potosí,2025-06-01,3.0,0.0,Bajo
24051,Villa Hidalgo,San Luis Potosí,2025-07-01,3.0,0.0,Bajo
24052,Villa Juárez,San Luis Potosí,2025-05-01,0.0,0.0,Bajo
24052,Villa Juárez,San Luis Potosí,2025-06-01,3.0,0.0,Bajo
24052,Villa Juárez,San Luis Potosí,2025-07-01,1.0,0.0,Bajo
24053,Axtla de Terrazas,San Luis Potosí,2025-05-01,4.0,0.0,Bajo
24053,Axtla de Terrazas,San Luis Potosí,2025-06-01,6.0,0.0,Bajo
24053,Axtla de Terrazas,San Luis Potosí,2025-07-01,2.0,0.0,Bajo
24054,Xilitla,San Luis Potosí,2025-05-01,3.0,0.0,Bajo
24054,Xilitla,San Luis Potosí,2025-06-01,9.0,0.0,Bajo
24054,Xilitla,San Luis Potosí,2025-07-01,6.0,0.0,Bajo
24055,Zaragoza,San Luis Potosí,2025-05-01,10.0,0.0,Bajo
24055,Zaragoza,San Luis Potosí,2025-06-01,4.0,0.0,Bajo
24055,Zaragoza,San Luis Potosí,2025-07-01,4.0,0.0,Bajo
24056,Villa de Arista,San Luis Potosí,2025-05-01,1.0,0.0,Bajo
24056,Villa de Arista,San Luis Potosí,2025-06-01,3.0,0.0,Bajo
24056,Villa de Arista,San Luis Potosí,2025-07-01,4.0,0.0,Bajo
24057,Matlapa,San Luis Potosí,2025-05-01,0.0,0.0,Bajo
24057,Matlapa,San Luis Potosí,2025-06-01,4.0,0.0,Bajo
24057,Matlapa,San Luis Potosí,2025-07-01,2.0,0.0,Bajo
24058,El Naranjo,San Luis Potosí,2025-05-01,4.0,0.0,Bajo
24058,El Naranjo,San Luis Potosí,2025-06-01,1.0,0.0,Bajo
24058,El Naranjo,San Luis Potosí,2025-07-01,0.0,0.0,Bajo
24059,Villa de Pozos,San Luis Potosí,2025-05-01,16.0,0.0,Bajo
24059,Villa de Pozos,San Luis Potosí,2025-06-01,9.0,0.0,Bajo
24059,Villa de Pozos,San Luis Potosí,2025-07-01,12.0,0.0,Bajo
25001,Ahome,Sinaloa,2025-05-01,66.0,0.0,Bajo
25001,Ahome,Sinaloa,2025-06-01,71.0,0.0,Bajo
25001,Ahome,Sinaloa,2025-07-01,55.0,0.0,Bajo
25002,Angostura,Sinaloa,2025-05-01,15.0,0.0,Bajo
25002,Angostura,Sinaloa,2025-06-01,5.0,0.0,Bajo
25002,Angostura,Sinaloa,2025-07-01,6.0,0.0,Bajo
25003,Badiraguato,Sinaloa,2025-05-01,1.0,0.0,Bajo
25003,Badiraguato,Sinaloa,2025-06-01,3.0,0.0,Bajo
25003,Badiraguato,Sinaloa,2025-07-01,1.0,0.0,Bajo
25004,Concordia,Sinaloa,2025-05-01,3.0,0.0,Bajo
25004,Concordia,Sinaloa,2025-06-01,6.0,0.0,Bajo
25004,Concordia,Sinaloa,2025-07-01,3.0,0.0,Bajo
25005,Cosalá,Sinaloa,2025-05-01,3.0,0.0,Bajo
25005,Cosalá,Sinaloa,2025-06-01,2.0,0.0,Bajo
25005,Cosalá,Sinaloa,2025-07-01,1.0,0.0,Bajo
25006,Culiacán,Sinaloa,2025-05-01,472.0,0.0,Alto
25006,Culiacán,Sinaloa,2025-06-01,447.0,1.0,Alto
25006,Culiacán,Sinaloa,2025-07-01,396.0,0.0,Medio
25007,Choix,Sinaloa,2025-05-01,4.0,0.0,Bajo
25007,Choix,Sinaloa,2025-06-01,4.0,0.0,Bajo
25007,Choix,Sinaloa,2025-07-01,2.0,0.0,Bajo
25008,Elota,Sinaloa,2025-05-01,34.0,0.0,Bajo
25008,Elota,Sinaloa,2025-06-01,22.0,0.0,Bajo
25008,Elota,Sinaloa,2025-07-01,26.0,0.0,Bajo
25009,Escuinapa,Sinaloa,2025-05-01,14.0,0.0,Bajo
25009,Escuinapa,Sinaloa,2025-06-01,5.0,0.0,Bajo
25009,Escuinapa,Sinaloa,2025-07-01,11.0,0.0,Bajo
25010,El Fuerte,Sinaloa,2025-05-01,5.0,0.0,Bajo
25010,El Fuerte,Sinaloa,2025-06-01,3.0,0.0,Bajo
25010,El Fuerte,Sinaloa,2025-07-01,7.0,0.0,Bajo
25011,Guasave,Sinaloa,2025-05-01,29.0,0.0,Bajo
25011,Guasave,Sinaloa,2025-06-01,25.0,0.0,Bajo
25011,Guasave,Sinaloa,2025-07-01,33.0,0.0,Bajo
25012,Mazatlán,Sinaloa,2025-05-01,214.0,0.0,Medio
25012,Mazatlán,Sinaloa,2025-06-01,164.0,0.0,Medio
25012,Mazatlán,Sinaloa,2025-07-01,119.0,0.0,Medio
25013,Mocorito,Sinaloa,2025-05-01,8.0,0.0,Bajo
25013,Mocorito,Sinaloa,2025-06-01,4.0,0.0,Bajo
25013,Mocorito,Sinaloa,2025-07-01,4.0,0.0,Bajo
25014,Rosario,Sinaloa,2025-05-01,10.0,0.0,Bajo
25014,Rosario,Sinaloa,2025-06-01,9.0,0.0,Bajo
25014,Rosario,Sinaloa,2025-07-01,7.0,0.0,Bajo
25015,Salvador Alvarado,Sinaloa,2025-05-01,9.0,0.0,Bajo
25015,Salvador Alvarado,Sinaloa,2025-06-01,4.0,0.0,Bajo
25015,Salvador Alvarado,Sinaloa,2025-07-01,5.0,0.0,Bajo
25016,San Ignacio,Sinaloa,2025-05-01,6.0,0.0,Bajo
25016,San Ignacio,Sinaloa,2025-06-01,3.0,0.0,Bajo
25016,San Ignacio,Sinaloa,2025-07-01,6.0,0.0,Bajo
25017,Sinaloa,Sinaloa,2025-05-01,1.0,0.0,Bajo
25017,Sinaloa,Sinaloa,2025-06-01,0.0,0.0,Bajo
25017,Sinaloa,Sinaloa,2025-07-01,3.0,0.0,Bajo
25018,Navolato,Sinaloa,2025-05-01,23.0,0.0,Bajo
25018,Navolato,Sinaloa,2025-06-01,23.0,0.0,Bajo
25018,Navolato,Sinaloa,2025-07-01,41.0,0.0,Bajo
25019,Eldorado,Sinaloa,2025-05-01,0.0,0.0,Bajo
25019,Eldorado,Sinaloa,2025-06-01,0.0,0.0,Bajo
25019,Eldorado,Sinaloa,2025-07-01,1.0,0.0,Bajo
25020,Juan José Ríos,Sinaloa,2025-05-01,2.0,0.0,Bajo
25020,Juan José Ríos,Sinaloa,2025-06-01,2.0,0.0,Bajo
25020,Juan José Ríos,Sinaloa,2025-07-01,3.0,0.0,Bajo
26001,Aconchi,Sonora,2025-05-01,0.0,0.0,Bajo
26001,Aconchi,Sonora,2025-06-01,0.0,0.0,Bajo
26001,Aconchi,Sonora,2025-07-01,0.0,0.0,Bajo
26002,Agua Prieta,Sonora,2025-05-01,6.0,0.0,Bajo
26002,Agua Prieta,Sonora,2025-06-01,11.0,0.0,Bajo
26002,Agua Prieta,Sonora,2025-07-01,6.0,0.0,Bajo
26003,Alamos,Sonora,2025-05-01,1.0,0.0,Bajo
26003,Alamos,Sonora,2025-06-01,0.0,0.0,Bajo
26003,Alamos,Sonora,2025-07-01,0.0,0.0,Bajo
26004,Altar,Sonora,2025-05-01,2.0,0.0,Bajo
26004,Altar,Sonora,2025-06-01,1.0,0.0,Bajo
26004,Altar,Sonora,2025-07-01,1.0,0.0,Bajo
26005,Arivechi,Sonora,2025-05-01,0.0,0.0,Bajo
26005,Arivechi,Sonora,2025-06-01,0.0,0.0,Bajo
26005,Arivechi,Sonora,2025-07-01,0.0,0.0,Bajo
26006,Arizpe,Sonora,2025-05-01,0.0,0.0,Bajo
26006,Arizpe,Sonora,2025-06-01,1.0,0.0,Bajo
26006,Arizpe,Sonora,2025-07-01,0.0,0.0,Bajo
26007,Atil,Sonora,2025-05-01,0.0,0.0,Bajo
26007,Atil,Sonora,2025-06-01,0.0,0.0,Bajo
26007,Atil,Sonora,2025-07-01,0.0,0.0,Bajo
26008,Bacadéhuachi,Sonora,2025-05-01,0.0,0.0,Bajo
26008,Bacadéhuachi,Sonora,2025-06-01,0.0,0.0,Bajo
26008,Bacadéhuachi,Sonora,2025-07-01,0.0,0.0,Bajo
26009,Bacanora,Sonora,2025-05-01,0.0,0.0,Bajo
26009,Bacanora,Sonora,2025-06-01,0.0,0.0,Bajo
26009,Bacanora,Sonora,2025-07-01,1.0,0.0,Bajo
26010,Bacerac,Sonora,2025-05-01,0.0,0.0,Bajo
26010,Bacerac,Sonora,2025-06-01,0.0,0.0,Bajo
26010,Bacerac,Sonora,2025-07-01,0.0,0.0,Bajo
26011,Bacoachi,Sonora,2025-05-01,0.0,0.0,Bajo
26011,Bacoachi,Sonora,2025-06-01,0.0,0.0,Bajo
26011,Bacoachi,Sonora,2025-07-01,0.0,0.0,Bajo
26012,Bácum,Sonora,2025-05-01,4.0,0.0,Bajo
26012,Bácum,Sonora,2025-06-01,7.0,0.0,Bajo
26012,Bácum,Sonora,2025-07-01,5.0,0.0,Bajo
26013,Banámichi,Sonora,2025-05-01,0.0,0.0,Bajo
26013,Banámichi,Sonora,2025-06-01,0.0,0.0,Bajo
26013,Banámichi,Sonora,2025-07-01,0.0,0.0,Bajo
26014,Baviácora,Sonora,2025-05-01,0.0,0.0,Bajo
26014,Baviácora,Sonora,2025-06-01,0.0,0.0,Bajo
26014,Baviácora,Sonora,2025-07-01,0.0,0.0,Bajo
26015,Bavispe,Sonora,2025-05-01,0.0,0.0,Bajo
26015,Bavispe,Sonora,2025-06-01,0.0,0.0,Bajo
26015,Bavispe,Sonora,2025-07-01,0.0,0.0,Bajo
26016,Benjamín Hill,Sonora,2025-05-01,0.0,0.0,Bajo
26016,Benjamín Hill,Sonora,2025-06-01,0.0,0.0,Bajo
26016,Benjamín Hill,Sonora,2025-07-01,1.0,0.0,Bajo
26017,Caborca,Sonora,2025-05-01,11.0,1.0,Bajo
26017,Caborca,Sonora,2025-06-01,20.0,0.0,Bajo
26017,Caborca,Sonora,2025-07-01,23.0,0.0,Bajo
26018,Cajeme,Sonora,2025-05-01,99.0,0.0,Bajo
26018,Cajeme,Sonora,2025-06-01,55.0,1.0,Bajo
26018,Cajeme,Sonora,2025-07-01,46.0,0.0,Bajo
26019,Cananea,Sonora,2025-05-01,0.0,0.0,Bajo
26019,Cananea,Sonora,2025-06-01,3.0,0.0,Bajo
26019,Cananea,Sonora,2025-07-01,2.0,0.0,Bajo
26020,Carbó,Sonora,2025-05-01,1.0,0.0,Bajo
26020,Carbó,Sonora,2025-06-01,0.0,0.0,Bajo
26020,Carbó,Sonora,2025-07-01,1.0,0.0,Bajo
26021,La Colorada,Sonora,2025-05-01,0.0,0.0,Bajo
26021,La Colorada,Sonora,2025-06-01,0.0,0.0,Bajo
26021,La Colorada,Sonora,2025-07-01,0.0,0.0,Bajo
26022,Cucurpe,Sonora,2025-05-01,2.0,0.0,Bajo
26022,Cucurpe,Sonora,2025-06-01,0.0,0.0,Bajo
26022,Cucurpe,Sonora,2025-07-01,0.0,0.0,Bajo
26023,Cumpas,Sonora,2025-05-01,0.0,0.0,Bajo
26023,Cumpas,Sonora,2025-06-01,0.0,0.0,Bajo
26023,Cumpas,Sonora,2025-07-01,1.0,0.0,Bajo
26024,Divisaderos,Sonora,2025-05-01,0.0,0.0,Bajo
26024,Divisaderos,Sonora,2025-06-01,0.0,0.0,Bajo
26024,Divisaderos,Sonora,2025-07-01,0.0,0.0,Bajo
26025,Empalme,Sonora,2025-05-01,4.0,0.0,Bajo
26025,Empalme,Sonora,2025-06-01,2.0,0.0,Bajo
26025,Empalme,Sonora,2025-07-01,4.0,0.0,Bajo
26026,Etchojoa,Sonora,2025-05-01,3.0,0.0,Bajo
26026,Etchojoa,Sonora,2025-06-01,5.0,0.0,Bajo
26026,Etchojoa,Sonora,2025-07-01,2.0,0.0,Bajo
26027,Fronteras,Sonora,2025-05-01,0.0,0.0,Bajo
26027,Fronteras,Sonora,2025-06-01,0.0,0.0,Bajo
26027,Fronteras,Sonora,2025-07-01,0.0,0.0,Bajo
26028,Granados,Sonora,2025-05-01,0.0,0.0,Bajo
26028,Granados,Sonora,2025-06-01,0.0,0.0,Bajo
26028,Granados,Sonora,2025-07-01,0.0,0.0,Bajo
26029,Guaymas,Sonora,2025-05-01,21.0,0.0,Bajo
26029,Guaymas,Sonora,2025-06-01,17.0,0.0,Bajo
26029,Guaymas,Sonora,2025-07-01,18.0,0.0,Bajo
26030,Hermosillo,Sonora,2025-05-01,138.0,2.0,Medio
26030,Hermosillo,Sonora,2025-06-01,118.0,0.0,Medio
26030,Hermosillo,Sonora,2025-07-01,139.0,1.0,Medio
26031,Huachinera,Sonora,2025-05-01,0.0,0.0,Bajo
26031,Huachinera,Sonora,2025-06-01,0.0,0.0,Bajo
26031,Huachinera,Sonora,2025-07-01,0.0,0.0,Bajo
26032,Huásabas,Sonora,2025-05-01,0.0,0.0,Bajo
26032,Huásabas,Sonora,2025-06-01,0.0,0.0,Bajo
26032,Huásabas,Sonora,2025-07-01,0.0,0.0,Bajo
26033,Huatabampo,Sonora,2025-05-01,1.0,0.0,Bajo
26033,Huatabampo,Sonora,2025-06-01,4.0,0.0,Bajo
26033,Huatabampo,Sonora,2025-07-01,2.0,0.0,Bajo
26034,Huépac,Sonora,2025-05-01,0.0,0.0,Bajo
26034,Huépac,Sonora,2025-06-01,0.0,0.0,Bajo
26034,Huépac,Sonora,2025-07-01,0.0,0.0,Bajo
26035,Imuris,Sonora,2025-05-01,1.0,0.0,Bajo
26035,Imuris,Sonora,2025-06-01,1.0,0.0,Bajo
26035,Imuris,Sonora,2025-07-01,1.0,0.0,Bajo
26036,Magdalena,Sonora,2025-05-01,9.0,0.0,Bajo
26036,Magdalena,Sonora,2025-06-01,6.0,0.0,Bajo
26036,Magdalena,Sonora,2025-07-01,7.0,0.0,Bajo
26037,Mazatán,Sonora,2025-05-01,0.0,0.0,Bajo
26037,Mazatán,Sonora,2025-06-01,0.0,0.0,Bajo
26037,Mazatán,Sonora,2025-07-01,0.0,0.0,Bajo
26038,Moctezuma,Sonora,2025-05-01,0.0,0.0,Bajo
26038,Moctezuma,Sonora,2025-06-01,1.0,0.0,Bajo
26038,Moctezuma,Sonora,2025-07-01,1.0,0.0,Bajo
26039,Naco,Sonora,2025-05-01,1.0,0.0,Bajo
26039,Naco,Sonora,2025-06-01,0.0,0.0,Bajo
26039,Naco,Sonora,2025-07-01,1.0,0.0,Bajo
26040,Nácori Chico,Sonora,2025-05-01,0.0,0.0,Bajo
26040,Nácori Chico,Sonora,2025-06-01,0.0,0.0,Bajo
26040,Nácori Chico,Sonora,2025-07-01,0.0,0.0,Bajo
26041,Nacozari de García,Sonora,2025-05-01,0.0,0.0,Bajo
26041,Nacozari de García,Sonora,2025-06-01,0.0,0.0,Bajo
26041,Nacozari de García,Sonora,2025-07-01,0.0,0.0,Bajo
26042,Navojoa,Sonora,2025-05-01,14.0,0.0,Bajo
26042,Navojoa,Sonora,2025-06-01,20.0,0.0,Bajo
26042,Navojoa,Sonora,2025-07-01,22.0,1.0,Bajo
26043,Nogales,Sonora,2025-05-01,36.0,0.0,Bajo
26043,Nogales,Sonora,2025-06-01,27.0,0.0,Bajo
26043,Nogales,Sonora,2025-07-01,29.0,1.0,Bajo
26044,Onavas,Sonora,2025-05-01,0.0,0.0,Bajo
26044,Onavas,Sonora,2025-06-01,0.0,0.0,Bajo
26044,Onavas,Sonora,2025-07-01,0.0,0.0,Bajo
26045,Opodepe,Sonora,2025-05-01,0.0,0.0,Bajo
26045,Opodepe,Sonora,2025-06-01,0.0,0.0,Bajo
26045,Opodepe,Sonora,2025-07-01,0.0,0.0,Bajo
26046,Oquitoa,Sonora,2025-05-01,0.0,0.0,Bajo
26046,Oquitoa,Sonora,2025-06-01,0.0,0.0,Bajo
26046,Oquitoa,Sonora,2025-07-01,0.0,0.0,Bajo
26047,Pitiquito,Sonora,2025-05-01,1.0,0.0,Bajo
26047,Pitiquito,Sonora,2025-06-01,1.0,0.0,Bajo
26047,Pitiquito,Sonora,2025-07-01,2.0,0.0,Bajo
26048,Puerto Peñasco,Sonora,2025-05-01,4.0,0.0,Bajo
26048,Puerto Peñasco,Sonora,2025-06-01,3.0,0.0,Bajo
26048,Puerto Peñasco,Sonora,2025-07-01,8.0,0.0,Bajo
26049,Quiriego,Sonora,2025-05-01,2.0,0.0,Bajo
26049,Quiriego,Sonora,2025-06-01,0.0,0.0,Bajo
26049,Quiriego,Sonora,2025-07-01,0.0,0.0,Bajo
26050,Rayón,Sonora,2025-05-01,0.0,0.0,Bajo
26050,Rayón,Sonora,2025-06-01,0.0,0.0,Bajo
26050,Rayón,Sonora,2025-07-01,0.0,0.0,Bajo
26051,Rosario,Sonora,2025-05-01,0.0,0.0,Bajo
26051,Rosario,Sonora,2025-06-01,0.0,0.0,Bajo
26051,Rosario,Sonora,2025-07-01,0.0,0.0,Bajo
26052,Sahuaripa,Sonora,2025-05-01,1.0,0.0,Bajo
26052,Sahuaripa,Sonora,2025-06-01,0.0,0.0,Bajo
26052,Sahuaripa,Sonora,2025-07-01,1.0,0.0,Bajo
26053,San Felipe de Jesús,Sonora,2025-05-01,0.0,0.0,Bajo
26053,San Felipe de Jesús,Sonora,2025-06-01,0.0,0.0,Bajo
26053,San Felipe de Jesús,Sonora,2025-07-01,0.0,0.0,Bajo
26054,San Javier,Sonora,2025-05-01,0.0,0.0,Bajo
26054,San Javier,Sonora,2025-06-01,0.0,0.0,Bajo
26054,San Javier,Sonora,2025-07-01,0.0,0.0,Bajo
26055,San Luis Río Colorado,Sonora,2025-05-01,35.0,0.0,Bajo
26055,San Luis Río Colorado,Sonora,2025-06-01,23.0,0.0,Bajo
26055,San Luis Río Colorado,Sonora,2025-07-01,33.0,1.0,Bajo
26056,San Miguel de Horcasitas,Sonora,2025-05-01,0.0,0.0,Bajo
26056,San Miguel de Horcasitas,Sonora,2025-06-01,0.0,0.0,Bajo
26056,San Miguel de Horcasitas,Sonora,2025-07-01,0.0,0.0,Bajo
26057,San Pedro de la Cueva,Sonora,2025-05-01,0.0,0.0,Bajo
26057,San Pedro de la Cueva,Sonora,2025-06-01,0.0,0.0,Bajo
26057,San Pedro de la Cueva,Sonora,2025-07-01,0.0,0.0,Bajo
26058,Santa Ana,Sonora,2025-05-01,0.0,0.0,Bajo
26058,Santa Ana,Sonora,2025-06-01,2.0,0.0,Bajo
26058,Santa Ana,Sonora,2025-07-01,4.0,0.0,Bajo
26059,Santa Cruz,Sonora,2025-05-01,0.0,0.0,Bajo
26059,Santa Cruz,Sonora,2025-06-01,0.0,0.0,Bajo
26059,Santa Cruz,Sonora,2025-07-01,0.0,0.0,Bajo
26060,Sáric,Sonora,2025-05-01,1.0,0.0,Bajo
26060,Sáric,Sonora,2025-06-01,0.0,0.0,Bajo
26060,Sáric,Sonora,2025-07-01,0.0,0.0,Bajo
26061,Soyopa,Sonora,2025-05-01,0.0,0.0,Bajo
26061,Soyopa,Sonora,2025-06-01,0.0,0.0,Bajo
26061,Soyopa,Sonora,2025-07-01,0.0,0.0,Bajo
26062,Suaqui Grande,Sonora,2025-05-01,0.0,0.0,Bajo
26062,Suaqui Grande,Sonora,2025-06-01,0.0,0.0,Bajo
26062,Suaqui Grande,Sonora,2025-07-01,0.0,0.0,Bajo
26063,Tepache,Sonora,2025-05-01,0.0,0.0,Bajo
26063,Tepache,Sonora,2025-06-01,0.0,0.0,Bajo
26063,Tepache,Sonora,2025-07-01,0.0,0.0,Bajo
26064,Trincheras,Sonora,2025-05-01,1.0,0.0,Bajo
26064,Trincheras,Sonora,2025-06-01,0.0,0.0,Bajo
26064,Trincheras,Sonora,2025-07-01,0.0,0.0,Bajo
26065,Tubutama,Sonora,2025-05-01,0.0,0.0,Bajo
26065,Tubutama,Sonora,2025-06-01,0.0,0.0,Bajo
26065,Tubutama,Sonora,2025-07-01,0.0,0.0,Bajo
26066,Ures,Sonora,2025-05-01,5.0,0.0,Bajo
26066,Ures,Sonora,2025-06-01,5.0,0.0,Bajo
26066,Ures,Sonora,2025-07-01,2.0,0.0,Bajo
26067,Villa Hidalgo,Sonora,2025-05-01,0.0,0.0,Bajo
26067,Villa Hidalgo,Sonora,2025-06-01,0.0,0.0,Bajo
26067,Villa Hidalgo,Sonora,2025-07-01,0.0,0.0,Bajo
26068,Villa Pesqueira,Sonora,2025-05-01,0.0,0.0,Bajo
26068,Villa Pesqueira,Sonora,2025-06-01,0.0,0.0,Bajo
26068,Villa Pesqueira,Sonora,2025-07-01,0.0,0.0,Bajo
26069,Yécora,Sonora,2025-05-01,0.0,0.0,Bajo
26069,Yécora,Sonora,2025-06-01,0.0,0.0,Bajo
26069,Yécora,Sonora,2025-07-01,0.0,0.0,Bajo
26070,General Plutarco Elías Calles,Sonora,2025-05-01,13.0,0.0,Bajo
26070,General Plutarco Elías Calles,Sonora,2025-06-01,8.0,0.0,Bajo
26070,General Plutarco Elías Calles,Sonora,2025-07-01,12.0,0.0,Bajo
26071,Benito Juárez,Sonora,2025-05-01,3.0,0.0,Bajo
26071,Benito Juárez,Sonora,2025-06-01,2.0,0.0,Bajo
26071,Benito Juárez,Sonora,2025-07-01,2.0,0.0,Bajo
26072,San Ignacio Río Muerto,Sonora,2025-05-01,2.0,0.0,Bajo
26072,San Ignacio Río Muerto,Sonora,2025-06-01,0.0,0.0,Bajo
26072,San Ignacio Río Muerto,Sonora,2025-07-01,4.0,0.0,Bajo
26998,No Especificado,Sonora,2025-05-01,0.0,0.0,Bajo
26998,No Especificado,Sonora,2025-06-01,0.0,0.0,Bajo
26998,No Especificado,Sonora,2025-07-01,0.0,0.0,Bajo
26999,Otros Municipios,Sonora,2025-05-01,0.0,0.0,Bajo
26999,Otros Municipios,Sonora,2025-06-01,0.0,0.0,Bajo
26999,Otros Municipios,Sonora,2025-07-01,0.0,0.0,Bajo
27001,Balancán,Tabasco,2025-05-01,2.0,0.0,Bajo
27001,Balancán,Tabasco,2025-06-01,2.0,0.0,Bajo
27001,Balancán,Tabasco,2025-07-01,0.0,0.0,Bajo
27002,Cárdenas,Tabasco,2025-05-01,36.0,0.0,Bajo
27002,Cárdenas,Tabasco,2025-06-01,32.0,0.0,Bajo
27002,Cárdenas,Tabasco,2025-07-01,42.0,3.0,Bajo
27003,Centla,Tabasco,2025-05-01,6.0,0.0,Bajo
27003,Centla,Tabasco,2025-06-01,10.0,0.0,Bajo
27003,Centla,Tabasco,2025-07-01,16.0,0.0,Bajo
27004,Centro,Tabasco,2025-05-01,277.0,0.0,Medio
27004,Centro,Tabasco,2025-06-01,272.0,5.0,Medio
27004,Centro,Tabasco,2025-07-01,303.0,1.0,Medio
27005,Comalcalco,Tabasco,2025-05-01,66.0,0.0,Bajo
27005,Comalcalco,Tabasco,2025-06-01,59.0,0.0,Bajo
27005,Comalcalco,Tabasco,2025-07-01,44.0,0.0,Bajo
27006,Cunduacán,Tabasco,2025-05-01,29.0,0.0,Bajo
27006,Cunduacán,Tabasco,2025-06-01,41.0,0.0,Bajo
27006,Cunduacán,Tabasco,2025-07-01,30.0,0.0,Bajo
27007,Emiliano Zapata,Tabasco,2025-05-01,5.0,0.0,Bajo
27007,Emiliano Zapata,Tabasco,2025-06-01,2.0,0.0,Bajo
27007,Emiliano Zapata,Tabasco,2025-07-01,10.0,0.0,Bajo
27008,Huimanguillo,Tabasco,2025-05-01,27.0,0.0,Bajo
27008,Huimanguillo,Tabasco,2025-06-01,27.0,0.0,Bajo
27008,Huimanguillo,Tabasco,2025-07-01,36.0,0.0,Bajo
27009,Jalapa,Tabasco,2025-05-01,1.0,0.0,Bajo
27009,Jalapa,Tabasco,2025-06-01,2.0,0.0,Bajo
27009,Jalapa,Tabasco,2025-07-01,12.0,0.0,Bajo
27010,Jalpa de Méndez,Tabasco,2025-05-01,21.0,1.0,Bajo
27010,Jalpa de Méndez,Tabasco,2025-06-01,17.0,0.0,Bajo
27010,Jalpa de Méndez,Tabasco,2025-07-01,22.0,0.0,Bajo
27011,Jonuta,Tabasco,2025-05-01,0.0,0.0,Bajo
27011,Jonuta,Tabasco,2025-06-01,1.0,0.0,Bajo
27011,Jonuta,Tabasco,2025-07-01,3.0,0.0,Bajo
27012,Macuspana,Tabasco,2025-05-01,21.0,0.0,Bajo
27012,Macuspana,Tabasco,2025-06-01,18.0,0.0,Bajo
27012,Macuspana,Tabasco,2025-07-01,23.0,0.0,Bajo
27013,Nacajuca,Tabasco,2025-05-01,19.0,1.0,Bajo
27013,Nacajuca,Tabasco,2025-06-01,19.0,0.0,Bajo
27013,Nacajuca,Tabasco,2025-07-01,28.0,0.0,Bajo
27014,Paraíso,Tabasco,2025-05-01,9.0,0.0,Bajo
27014,Paraíso,Tabasco,2025-06-01,21.0,0.0,Bajo
27014,Paraíso,Tabasco,2025-07-01,18.0,0.0,Bajo
27015,Tacotalpa,Tabasco,2025-05-01,2.0,0.0,Bajo
27015,Tacotalpa,Tabasco,2025-06-01,4.0,0.0,Bajo
27015,Tacotalpa,Tabasco,2025-07-01,4.0,0.0,Bajo
27016,Teapa,Tabasco,2025-05-01,6.0,1.0,Bajo
27016,Teapa,Tabasco,2025-06-01,5.0,0.0,Bajo
27016,Teapa,Tabasco,2025-07-01,10.0,1.0,Bajo
27017,Tenosique,Tabasco,2025-05-01,4.0,0.0,Bajo
27017,Tenosique,Tabasco,2025-06-01,6.0,0.0,Bajo
27017,Tenosique,Tabasco,2025-07-01,2.0,0.0,Bajo
28001,Abasolo,Tamaulipas,2025-05-01,1.0,0.0,Bajo
28001,Abasolo,Tamaulipas,2025-06-01,1.0,0.0,Bajo
28001,Abasolo,Tamaulipas,2025-07-01,0.0,0.0,Bajo
28002,Aldama,Tamaulipas,2025-05-01,8.0,0.0,Bajo
28002,Aldama,Tamaulipas,2025-06-01,3.0,0.0,Bajo
28002,Aldama,Tamaulipas,2025-07-01,4.0,0.0,Bajo
28003,Altamira,Tamaulipas,2025-05-01,31.0,0.0,Bajo
28003,Altamira,Tamaulipas,2025-06-01,32.0,0.0,Bajo
28003,Altamira,Tamaulipas,2025-07-01,25.0,0.0,Bajo
28004,Antiguo Morelos,Tamaulipas,2025-05-01,0.0,0.0,Bajo
28004,Antiguo Morelos,Tamaulipas,2025-06-01,1.0,0.0,Bajo
28004,Antiguo Morelos,Tamaulipas,2025-07-01,1.0,0.0,Bajo
28005,Burgos,Tamaulipas,2025-05-01,0.0,0.0,Bajo
28005,Burgos,Tamaulipas,2025-06-01,1.0,0.0,Bajo
28005,Burgos,Tamaulipas,2025-07-01,0.0,0.0,Bajo
28006,Bustamante,Tamaulipas,2025-05-01,1.0,0.0,Bajo
28006,Bustamante,Tamaulipas,2025-06-01,0.0,0.0,Bajo
28006,Bustamante,Tamaulipas,2025-07-01,0.0,0.0,Bajo
28007,Camargo,Tamaulipas,2025-05-01,2.0,0.0,Bajo
28007,Camargo,Tamaulipas,2025-06-01,2.0,0.0,Bajo
28007,Camargo,Tamaulipas,2025-07-01,0.0,0.0,Bajo
28008,Casas,Tamaulipas,2025-05-01,0.0,0.0,Bajo
28008,Casas,Tamaulipas,2025-06-01,0.0,0.0,Bajo
28008,Casas,Tamaulipas,2025-07-01,0.0,0.0,Bajo
28009,Ciudad Madero,Tamaulipas,2025-05-01,39.0,0.0,Bajo
28009,Ciudad Madero,Tamaulipas,2025-06-01,30.0,0.0,Bajo
28009,Ciudad Madero,Tamaulipas,2025-07-01,44.0,0.0,Bajo
28010,Cruillas,Tamaulipas,2025-05-01,0.0,0.0,Bajo
28010,Cruillas,Tamaulipas,2025-06-01,0.0,0.0,Bajo
28010,Cruillas,Tamaulipas,2025-07-01,0.0,0.0,Bajo
28011,Gómez Farías,Tamaulipas,2025-05-01,1.0,0.0,Bajo
28011,Gómez Farías,Tamaulipas,2025-06-01,0.0,0.0,Bajo
28011,Gómez Farías,Tamaulipas,2025-07-01,1.0,0.0,Bajo
28012,González,Tamaulipas,2025-05-01,1.0,0.0,Bajo
28012,González,Tamaulipas,2025-06-01,1.0,0.0,Bajo
28012,González,Tamaulipas,2025-07-01,1.0,0.0,Bajo
28013,Güémez,Tamaulipas,2025-05-01,2.0,0.0,Bajo
28013,Güémez,Tamaulipas,2025-06-01,5.0,0.0,Bajo
28013,Güémez,Tamaulipas,2025-07-01,2.0,0.0,Bajo
28014,Guerrero,Tamaulipas,2025-05-01,0.0,0.0,Bajo
28014,Guerrero,Tamaulipas,2025-06-01,0.0,0.0,Bajo
28014,Guerrero,Tamaulipas,2025-07-01,0.0,0.0,Bajo
28015,Gustavo Díaz Ordaz,Tamaulipas,2025-05-01,0.0,0.0,Bajo
28015,Gustavo Díaz Ordaz,Tamaulipas,2025-06-01,1.0,0.0,Bajo
28015,Gustavo Díaz Ordaz,Tamaulipas,2025-07-01,2.0,0.0,Bajo
28016,Hidalgo,Tamaulipas,2025-05-01,1.0,0.0,Bajo
28016,Hidalgo,Tamaulipas,2025-06-01,0.0,0.0,Bajo
28016,Hidalgo,Tamaulipas,2025-07-01,0.0,0.0,Bajo
28017,Jaumave,Tamaulipas,2025-05-01,0.0,0.0,Bajo
28017,Jaumave,Tamaulipas,2025-06-01,1.0,0.0,Bajo
28017,Jaumave,Tamaulipas,2025-07-01,3.0,0.0,Bajo
28018,Jiménez,Tamaulipas,2025-05-01,1.0,0.0,Bajo
28018,Jiménez,Tamaulipas,2025-06-01,1.0,0.0,Bajo
28018,Jiménez,Tamaulipas,2025-07-01,0.0,0.0,Bajo
28019,Llera,Tamaulipas,2025-05-01,1.0,0.0,Bajo
28019,Llera,Tamaulipas,2025-06-01,2.0,0.0,Bajo
28019,Llera,Tamaulipas,2025-07-01,1.0,0.0,Bajo
28020,Mainero,Tamaulipas,2025-05-01,0.0,0.0,Bajo
28020,Mainero,Tamaulipas,2025-06-01,0.0,0.0,Bajo
28020,Mainero,Tamaulipas,2025-07-01,0.0,0.0,Bajo
28021,El Mante,Tamaulipas,2025-05-01,20.0,0.0,Bajo
28021,El Mante,Tamaulipas,2025-06-01,11.0,0.0,Bajo
28021,El Mante,Tamaulipas,2025-07-01,18.0,0.0,Bajo
28022,Matamoros,Tamaulipas,2025-05-01,86.0,0.0,Bajo
28022,Matamoros,Tamaulipas,2025-06-01,72.0,0.0,Bajo
28022,Matamoros,Tamaulipas,2025-07-01,87.0,0.0,Bajo
28023,Méndez,Tamaulipas,2025-05-01,2.0,0.0,Bajo
28023,Méndez,Tamaulipas,2025-06-01,0.0,0.0,Bajo
28023,Méndez,Tamaulipas,2025-07-01,0.0,0.0,Bajo
28024,Mier,Tamaulipas,2025-05-01,0.0,0.0,Bajo
28024,Mier,Tamaulipas,2025-06-01,2.0,0.0,Bajo
28024,Mier,Tamaulipas,2025-07-01,0.0,0.0,Bajo
28025,Miguel Alemán,Tamaulipas,2025-05-01,7.0,0.0,Bajo
28025,Miguel Alemán,Tamaulipas,2025-06-01,8.0,0.0,Bajo
28025,Miguel Alemán,Tamaulipas,2025-07-01,4.0,0.0,Bajo
28026,Miquihuana,Tamaulipas,2025-05-01,0.0,0.0,Bajo
28026,Miquihuana,Tamaulipas,2025-06-01,2.0,0.0,Bajo
28026,Miquihuana,Tamaulipas,2025-07-01,0.0,0.0,Bajo
28027,Nuevo Laredo,Tamaulipas,2025-05-01,36.0,0.0,Bajo
28027,Nuevo Laredo,Tamaulipas,2025-06-01,20.0,0.0,Bajo
28027,Nuevo Laredo,Tamaulipas,2025-07-01,25.0,0.0,Bajo
28028,Nuevo Morelos,Tamaulipas,2025-05-01,0.0,0.0,Bajo
28028,Nuevo Morelos,Tamaulipas,2025-06-01,1.0,0.0,Bajo
28028,Nuevo Morelos,Tamaulipas,2025-07-01,1.0,0.0,Bajo
28029,Ocampo,Tamaulipas,2025-05-01,1.0,0.0,Bajo
28029,Ocampo,Tamaulipas,2025-06-01,0.0,0.0,Bajo
28029,Ocampo,Tamaulipas,2025-07-01,1.0,0.0,Bajo
28030,Padilla,Tamaulipas,2025-05-01,1.0,0.0,Bajo
28030,Padilla,Tamaulipas,2025-06-01,1.0,0.0,Bajo
28030,Padilla,Tamaulipas,2025-07-01,1.0,0.0,Bajo
28031,Palmillas,Tamaulipas,2025-05-01,0.0,0.0,Bajo
28031,Palmillas,Tamaulipas,2025-06-01,0.0,0.0,Bajo
28031,Palmillas,Tamaulipas,2025-07-01,0.0,0.0,Bajo
28032,Reynosa,Tamaulipas,2025-05-01,184.0,1.0,Medio
28032,Reynosa,Tamaulipas,2025-06-01,193.0,0.0,Medio
28032,Reynosa,Tamaulipas,2025-07-01,171.0,0.0,Medio
28033,Río Bravo,Tamaulipas,2025-05-01,21.0,0.0,Bajo
28033,Río Bravo,Tamaulipas,2025-06-01,17.0,0.0,Bajo
28033,Río Bravo,Tamaulipas,2025-07-01,20.0,0.0,Bajo
28034,San Carlos,Tamaulipas,2025-05-01,0.0,0.0,Bajo
28034,San Carlos,Tamaulipas,2025-06-01,1.0,0.0,Bajo
28034,San Carlos,Tamaulipas,2025-07-01,0.0,0.0,Bajo
28035,San Fernando,Tamaulipas,2025-05-01,10.0,0.0,Bajo
28035,San Fernando,Tamaulipas,2025-06-01,10.0,0.0,Bajo
28035,San Fernando,Tamaulipas,2025-07-01,10.0,0.0,Bajo
28036,San Nicolás,Tamaulipas,2025-05-01,0.0,0.0,Bajo
28036,San Nicolás,Tamaulipas,2025-06-01,0.0,0.0,Bajo
28036,San Nicolás,Tamaulipas,2025-07-01,0.0,0.0,Bajo
28037,Soto la Marina,Tamaulipas,2025-05-01,5.0,0.0,Bajo
28037,Soto la Marina,Tamaulipas,2025-06-01,1.0,0.0,Bajo
28037,Soto la Marina,Tamaulipas,2025-07-01,0.0,0.0,Bajo
28038,Tampico,Tamaulipas,2025-05-01,26.0,0.0,Bajo
28038,Tampico,Tamaulipas,2025-06-01,19.0,0.0,Bajo
28038,Tampico,Tamaulipas,2025-07-01,22.0,0.0,Bajo
28039,Tula,Tamaulipas,2025-05-01,4.0,0.0,Bajo
28039,Tula,Tamaulipas,2025-06-01,1.0,0.0,Bajo
28039,Tula,Tamaulipas,2025-07-01,3.0,0.0,Bajo
28040,Valle Hermoso,Tamaulipas,2025-05-01,2.0,0.0,Bajo
28040,Valle Hermoso,Tamaulipas,2025-06-01,3.0,0.0,Bajo
28040,Valle Hermoso,Tamaulipas,2025-07-01,3.0,0.0,Bajo
28041,Victoria,Tamaulipas,2025-05-01,91.0,0.0,Bajo
28041,Victoria,Tamaulipas,2025-06-01,130.0,0.0,Medio
28041,Victoria,Tamaulipas,2025-07-01,123.0,0.0,Medio
28042,Villagrán,Tamaulipas,2025-05-01,0.0,0.0,Bajo
28042,Villagrán,Tamaulipas,2025-06-01,0.0,0.0,Bajo
28042,Villagrán,Tamaulipas,2025-07-01,0.0,0.0,Bajo
28043,Xicoténcatl,Tamaulipas,2025-05-01,3.0,0.0,Bajo
28043,Xicoténcatl,Tamaulipas,2025-06-01,2.0,0.0,Bajo
28043,Xicoténcatl,Tamaulipas,2025-07-01,0.0,0.0,Bajo
29001,Amaxac de Guerrero,Tlaxcala,2025-05-01,0.0,1.0,Bajo
29001,Amaxac de Guerrero,Tlaxcala,2025-06-01,0.0,0.0,Bajo
29001,Amaxac de Guerrero,Tlaxcala,2025-07-01,2.0,0.0,Bajo
29002,Apetatitlán de Antonio Carvajal,Tlaxcala,2025-05-01,3.0,0.0,Bajo
29002,Apetatitlán de Antonio Carvajal,Tlaxcala,2025-06-01,2.0,0.0,Bajo
29002,Apetatitlán de Antonio Carvajal,Tlaxcala,2025-07-01,4.0,0.0,Bajo
29003,Atlangatepec,Tlaxcala,2025-05-01,0.0,0.0,Bajo
29003,Atlangatepec,Tlaxcala,2025-06-01,1.0,0.0,Bajo
29003,Atlangatepec,Tlaxcala,2025-07-01,0.0,0.0,Bajo
29004,Atltzayanca,Tlaxcala,2025-05-01,0.0,0.0,Bajo
29004,Atltzayanca,Tlaxcala,2025-06-01,0.0,0.0,Bajo
29004,Atltzayanca,Tlaxcala,2025-07-01,0.0,0.0,Bajo
29005,Apizaco,Tlaxcala,2025-05-01,15.0,1.0,Bajo
29005,Apizaco,Tlaxcala,2025-06-01,16.0,0.0,Bajo
29005,Apizaco,Tlaxcala,2025-07-01,6.0,0.0,Bajo
29006,Calpulalpan,Tlaxcala,2025-05-01,6.0,0.0,Bajo
29006,Calpulalpan,Tlaxcala,2025-06-01,3.0,0.0,Bajo
29006,Calpulalpan,Tlaxcala,2025-07-01,7.0,1.0,Bajo
29007,El Carmen Tequexquitla,Tlaxcala,2025-05-01,0.0,0.0,Bajo
29007,El Carmen Tequexquitla,Tlaxcala,2025-06-01,0.0,0.0,Bajo
29007,El Carmen Tequexquitla,Tlaxcala,2025-07-01,1.0,0.0,Bajo
29008,Cuapiaxtla,Tlaxcala,2025-05-01,0.0,0.0,Bajo
29008,Cuapiaxtla,Tlaxcala,2025-06-01,1.0,0.0,Bajo
29008,Cuapiaxtla,Tlaxcala,2025-07-01,0.0,0.0,Bajo
29009,Cuaxomulco,Tlaxcala,2025-05-01,0.0,0.0,Bajo
29009,Cuaxomulco,Tlaxcala,2025-06-01,0.0,0.0,Bajo
29009,Cuaxomulco,Tlaxcala,2025-07-01,2.0,0.0,Bajo
29010,Chiautempan,Tlaxcala,2025-05-01,8.0,0.0,Bajo
29010,Chiautempan,Tlaxcala,2025-06-01,11.0,0.0,Bajo
29010,Chiautempan,Tlaxcala,2025-07-01,6.0,0.0,Bajo
29011,Muñoz de Domingo Arenas,Tlaxcala,2025-05-01,1.0,0.0,Bajo
29011,Muñoz de Domingo Arenas,Tlaxcala,2025-06-01,1.0,0.0,Bajo
29011,Muñoz de Domingo Arenas,Tlaxcala,2025-07-01,1.0,0.0,Bajo
29012,Españita,Tlaxcala,2025-05-01,0.0,0.0,Bajo
29012,Españita,Tlaxcala,2025-06-01,0.0,0.0,Bajo
29012,Españita,Tlaxcala,2025-07-01,0.0,0.0,Bajo
29013,Huamantla,Tlaxcala,2025-05-01,5.0,0.0,Bajo
29013,Huamantla,Tlaxcala,2025-06-01,5.0,0.0,Bajo
29013,Huamantla,Tlaxcala,2025-07-01,5.0,0.0,Bajo
29014,Hueyotlipan,Tlaxcala,2025-05-01,0.0,0.0,Bajo
29014,Hueyotlipan,Tlaxcala,2025-06-01,1.0,0.0,Bajo
29014,Hueyotlipan,Tlaxcala,2025-07-01,0.0,0.0,Bajo
29015,Ixtacuixtla de Mariano Matamoros,Tlaxcala,2025-05-01,2.0,0.0,Bajo
29015,Ixtacuixtla de Mariano Matamoros,Tlaxcala,2025-06-01,0.0,0.0,Bajo
29015,Ixtacuixtla de Mariano Matamoros,Tlaxcala,2025-07-01,5.0,0.0,Bajo
29016,Ixtenco,Tlaxcala,2025-05-01,0.0,0.0,Bajo
29016,Ixtenco,Tlaxcala,2025-06-01,0.0,0.0,Bajo
29016,Ixtenco,Tlaxcala,2025-07-01,0.0,0.0,Bajo
29017,Mazatecochco de José María Morelos,Tlaxcala,2025-05-01,1.0,0.0,Bajo
29017,Mazatecochco de José María Morelos,Tlaxcala,2025-06-01,0.0,0.0,Bajo
29017,Mazatecochco de José María Morelos,Tlaxcala,2025-07-01,0.0,0.0,Bajo
29018,Contla de Juan Cuamatzi,Tlaxcala,2025-05-01,2.0,0.0,Bajo
29018,Contla de Juan Cuamatzi,Tlaxcala,2025-06-01,2.0,0.0,Bajo
29018,Contla de Juan Cuamatzi,Tlaxcala,2025-07-01,2.0,0.0,Bajo
29019,Tepetitla de Lardizábal,Tlaxcala,2025-05-01,6.0,0.0,Bajo
29019,Tepetitla de Lardizábal,Tlaxcala,2025-06-01,1.0,0.0,Bajo
29019,Tepetitla de Lardizábal,Tlaxcala,2025-07-01,1.0,0.0,Bajo
29020,Sanctórum de Lázaro Cárdenas,Tlaxcala,2025-05-01,0.0,0.0,Bajo
29020,Sanctórum de Lázaro Cárdenas,Tlaxcala,2025-06-01,0.0,0.0,Bajo
29020,Sanctórum de Lázaro Cárdenas,Tlaxcala,2025-07-01,0.0,0.0,Bajo
29021,Nanacamilpa de Mariano Arista,Tlaxcala,2025-05-01,3.0,0.0,Bajo
29021,Nanacamilpa de Mariano Arista,Tlaxcala,2025-06-01,1.0,0.0,Bajo
29021,Nanacamilpa de Mariano Arista,Tlaxcala,2025-07-01,2.0,0.0,Bajo
29022,Acuamanala de Miguel Hidalgo,Tlaxcala,2025-05-01,0.0,0.0,Bajo
29022,Acuamanala de Miguel Hidalgo,Tlaxcala,2025-06-01,0.0,0.0,Bajo
29022,Acuamanala de Miguel Hidalgo,Tlaxcala,2025-07-01,1.0,0.0,Bajo
29023,Natívitas,Tlaxcala,2025-05-01,1.0,0.0,Bajo
29023,Natívitas,Tlaxcala,2025-06-01,2.0,0.0,Bajo
29023,Natívitas,Tlaxcala,2025-07-01,3.0,0.0,Bajo
29024,Panotla,Tlaxcala,2025-05-01,3.0,0.0,Bajo
29024,Panotla,Tlaxcala,2025-06-01,1.0,0.0,Bajo
29024,Panotla,Tlaxcala,2025-07-01,1.0,0.0,Bajo
29025,San Pablo del Monte,Tlaxcala,2025-05-01,3.0,0.0,Bajo
29025,San Pablo del Monte,Tlaxcala,2025-06-01,9.0,0.0,Bajo
29025,San Pablo del Monte,Tlaxcala,2025-07-01,7.0,0.0,Bajo
29026,Santa Cruz Tlaxcala,Tlaxcala,2025-05-01,5.0,0.0,Bajo
29026,Santa Cruz Tlaxcala,Tlaxcala,2025-06-01,2.0,0.0,Bajo
29026,Santa Cruz Tlaxcala,Tlaxcala,2025-07-01,4.0,0.0,Bajo
29027,Tenancingo,Tlaxcala,2025-05-01,1.0,0.0,Bajo
29027,Tenancingo,Tlaxcala,2025-06-01,3.0,0.0,Bajo
29027,Tenancingo,Tlaxcala,2025-07-01,1.0,0.0,Bajo
29028,Teolocholco,Tlaxcala,2025-05-01,1.0,0.0,Bajo
29028,Teolocholco,Tlaxcala,2025-06-01,1.0,0.0,Bajo
29028,Teolocholco,Tlaxcala,2025-07-01,2.0,0.0,Bajo
29029,Tepeyanco,Tlaxcala,2025-05-01,0.0,0.0,Bajo
29029,Tepeyanco,Tlaxcala,2025-06-01,0.0,0.0,Bajo
29029,Tepeyanco,Tlaxcala,2025-07-01,0.0,0.0,Bajo
29030,Terrenate,Tlaxcala,2025-05-01,0.0,0.0,Bajo
29030,Terrenate,Tlaxcala,2025-06-01,0.0,0.0,Bajo
29030,Terrenate,Tlaxcala,2025-07-01,0.0,0.0,Bajo
29031,Tetla de la Solidaridad,Tlaxcala,2025-05-01,2.0,0.0,Bajo
29031,Tetla de la Solidaridad,Tlaxcala,2025-06-01,1.0,0.0,Bajo
29031,Tetla de la Solidaridad,Tlaxcala,2025-07-01,2.0,0.0,Bajo
29032,Tetlatlahuca,Tlaxcala,2025-05-01,1.0,0.0,Bajo
29032,Tetlatlahuca,Tlaxcala,2025-06-01,0.0,0.0,Bajo
29032,Tetlatlahuca,Tlaxcala,2025-07-01,0.0,0.0,Bajo
29033,Tlaxcala,Tlaxcala,2025-05-01,17.0,0.0,Bajo
29033,Tlaxcala,Tlaxcala,2025-06-01,17.0,1.0,Bajo
29033,Tlaxcala,Tlaxcala,2025-07-01,10.0,0.0,Bajo
29034,Tlaxco,Tlaxcala,2025-05-01,3.0,0.0,Bajo
29034,Tlaxco,Tlaxcala,2025-06-01,1.0,0.0,Bajo
29034,Tlaxco,Tlaxcala,2025-07-01,0.0,0.0,Bajo
29035,Tocatlán,Tlaxcala,2025-05-01,1.0,0.0,Bajo
29035,Tocatlán,Tlaxcala,2025-06-01,0.0,0.0,Bajo
29035,Tocatlán,Tlaxcala,2025-07-01,0.0,0.0,Bajo
29036,Totolac,Tlaxcala,2025-05-01,2.0,0.0,Bajo
29036,Totolac,Tlaxcala,2025-06-01,2.0,0.0,Bajo
29036,Totolac,Tlaxcala,2025-07-01,3.0,0.0,Bajo
29037,Ziltlaltépec de Trinidad Sánchez Santos,Tlaxcala,2025-05-01,0.0,0.0,Bajo
29037,Ziltlaltépec de Trinidad Sánchez Santos,Tlaxcala,2025-06-01,0.0,0.0,Bajo
29037,Ziltlaltépec de Trinidad Sánchez Santos,Tlaxcala,2025-07-01,0.0,0.0,Bajo
29038,Tzompantepec,Tlaxcala,2025-05-01,0.0,0.0,Bajo
29038,Tzompantepec,Tlaxcala,2025-06-01,2.0,0.0,Bajo
29038,Tzompantepec,Tlaxcala,2025-07-01,2.0,0.0,Bajo
29039,Xaloztoc,Tlaxcala,2025-05-01,0.0,0.0,Bajo
29039,Xaloztoc,Tlaxcala,2025-06-01,2.0,0.0,Bajo
29039,Xaloztoc,Tlaxcala,2025-07-01,0.0,0.0,Bajo
29040,Xaltocan,Tlaxcala,2025-05-01,0.0,0.0,Bajo
29040,Xaltocan,Tlaxcala,2025-06-01,0.0,0.0,Bajo
29040,Xaltocan,Tlaxcala,2025-07-01,1.0,0.0,Bajo
29041,Papalotla de Xicohténcatl,Tlaxcala,2025-05-01,1.0,0.0,Bajo
29041,Papalotla de Xicohténcatl,Tlaxcala,2025-06-01,1.0,0.0,Bajo
29041,Papalotla de Xicohténcatl,Tlaxcala,2025-07-01,5.0,0.0,Bajo
29042,Xicohtzinco,Tlaxcala,2025-05-01,1.0,0.0,Bajo
29042,Xicohtzinco,Tlaxcala,2025-06-01,0.0,0.0,Bajo
29042,Xicohtzinco,Tlaxcala,2025-07-01,0.0,0.0,Bajo
29043,Yauhquemehcan,Tlaxcala,2025-05-01,3.0,0.0,Bajo
29043,Yauhquemehcan,Tlaxcala,2025-06-01,3.0,0.0,Bajo
29043,Yauhquemehcan,Tlaxcala,2025-07-01,2.0,0.0,Bajo
29044,Zacatelco,Tlaxcala,2025-05-01,3.0,0.0,Bajo
29044,Zacatelco,Tlaxcala,2025-06-01,5.0,0.0,Bajo
29044,Zacatelco,Tlaxcala,2025-07-01,8.0,0.0,Bajo
29045,Benito Juárez,Tlaxcala,2025-05-01,0.0,0.0,Bajo
29045,Benito Juárez,Tlaxcala,2025-06-01,0.0,0.0,Bajo
29045,Benito Juárez,Tlaxcala,2025-07-01,0.0,0.0,Bajo
29046,Emiliano Zapata,Tlaxcala,2025-05-01,0.0,0.0,Bajo
29046,Emiliano Zapata,Tlaxcala,2025-06-01,0.0,0.0,Bajo
29046,Emiliano Zapata,Tlaxcala,2025-07-01,1.0,0.0,Bajo
29047,Lázaro Cárdenas,Tlaxcala,2025-05-01,0.0,0.0,Bajo
29047,Lázaro Cárdenas,Tlaxcala,2025-06-01,0.0,0.0,Bajo
29047,Lázaro Cárdenas,Tlaxcala,2025-07-01,0.0,0.0,Bajo
29048,La Magdalena Tlaltelulco,Tlaxcala,2025-05-01,1.0,0.0,Bajo
29048,La Magdalena Tlaltelulco,Tlaxcala,2025-06-01,1.0,0.0,Bajo
29048,La Magdalena Tlaltelulco,Tlaxcala,2025-07-01,3.0,0.0,Bajo
29049,San Damián Texóloc,Tlaxcala,2025-05-01,0.0,0.0,Bajo
29049,San Damián Texóloc,Tlaxcala,2025-06-01,0.0,0.0,Bajo
29049,San Damián Texóloc,Tlaxcala,2025-07-01,0.0,0.0,Bajo
29050,San Francisco Tetlanohcan,Tlaxcala,2025-05-01,1.0,0.0,Bajo
29050,San Francisco Tetlanohcan,Tlaxcala,2025-06-01,1.0,0.0,Bajo
29050,San Francisco Tetlanohcan,Tlaxcala,2025-07-01,0.0,1.0,Bajo
29051,San Jerónimo Zacualpan,Tlaxcala,2025-05-01,0.0,0.0,Bajo
29051,San Jerónimo Zacualpan,Tlaxcala,2025-06-01,0.0,0.0,Bajo
29051,San Jerónimo Zacualpan,Tlaxcala,2025-07-01,0.0,0.0,Bajo
29052,San José Teacalco,Tlaxcala,2025-05-01,0.0,0.0,Bajo
29052,San José Teacalco,Tlaxcala,2025-06-01,0.0,0.0,Bajo
29052,San José Teacalco,Tlaxcala,2025-07-01,0.0,0.0,Bajo
29053,San Juan Huactzinco,Tlaxcala,2025-05-01,0.0,0.0,Bajo
29053,San Juan Huactzinco,Tlaxcala,2025-06-01,1.0,0.0,Bajo
29053,San Juan Huactzinco,Tlaxcala,2025-07-01,1.0,0.0,Bajo
29054,San Lorenzo Axocomanitla,Tlaxcala,2025-05-01,1.0,0.0,Bajo
29054,San Lorenzo Axocomanitla,Tlaxcala,2025-06-01,0.0,0.0,Bajo
29054,San Lorenzo Axocomanitla,Tlaxcala,2025-07-01,2.0,0.0,Bajo
29055,San Lucas Tecopilco,Tlaxcala,2025-05-01,2.0,0.0,Bajo
29055,San Lucas Tecopilco,Tlaxcala,2025-06-01,0.0,0.0,Bajo
29055,San Lucas Tecopilco,Tlaxcala,2025-07-01,0.0,0.0,Bajo
29056,Santa Ana Nopalucan,Tlaxcala,2025-05-01,2.0,0.0,Bajo
29056,Santa Ana Nopalucan,Tlaxcala,2025-06-01,0.0,0.0,Bajo
29056,Santa Ana Nopalucan,Tlaxcala,2025-07-01,0.0,0.0,Bajo
29057,Santa Apolonia Teacalco,Tlaxcala,2025-05-01,0.0,0.0,Bajo
29057,Santa Apolonia Teacalco,Tlaxcala,2025-06-01,0.0,0.0,Bajo
29057,Santa Apolonia Teacalco,Tlaxcala,2025-07-01,1.0,0.0,Bajo
29058,Santa Catarina Ayometla,Tlaxcala,2025-05-01,0.0,0.0,Bajo
29058,Santa Catarina Ayometla,Tlaxcala,2025-06-01,0.0,0.0,Bajo
29058,Santa Catarina Ayometla,Tlaxcala,2025-07-01,0.0,0.0,Bajo
29059,Santa Cruz Quilehtla,Tlaxcala,2025-05-01,2.0,0.0,Bajo
29059,Santa Cruz Quilehtla,Tlaxcala,2025-06-01,1.0,0.0,Bajo
29059,Santa Cruz Quilehtla,Tlaxcala,2025-07-01,0.0,0.0,Bajo
29060,Santa Isabel Xiloxoxtla,Tlaxcala,2025-05-01,0.0,0.0,Bajo
29060,Santa Isabel Xiloxoxtla,Tlaxcala,2025-06-01,0.0,0.0,Bajo
29060,Santa Isabel Xiloxoxtla,Tlaxcala,2025-07-01,0.0,0.0,Bajo
30001,Acajete,Veracruz de Ignacio de la Llave,2025-05-01,2.0,0.0,Bajo
30001,Acajete,Veracruz de Ignacio de la Llave,2025-06-01,1.0,0.0,Bajo
30001,Acajete,Veracruz de Ignacio de la Llave,2025-07-01,0.0,0.0,Bajo
30002,Acatlán,Veracruz de Ignacio de la Llave,2025-05-01,1.0,0.0,Bajo
30002,Acatlán,Veracruz de Ignacio de la Llave,2025-06-01,1.0,0.0,Bajo
30002,Acatlán,Veracruz de Ignacio de la Llave,2025-07-01,0.0,0.0,Bajo
30003,Acayucan,Veracruz de Ignacio de la Llave,2025-05-01,8.0,0.0,Bajo
30003,Acayucan,Veracruz de Ignacio de la Llave,2025-06-01,13.0,0.0,Bajo
30003,Acayucan,Veracruz de Ignacio de la Llave,2025-07-01,13.0,0.0,Bajo
30004,Actopan,Veracruz de Ignacio de la Llave,2025-05-01,1.0,0.0,Bajo
30004,Actopan,Veracruz de Ignacio de la Llave,2025-06-01,2.0,0.0,Bajo
30004,Actopan,Veracruz de Ignacio de la Llave,2025-07-01,1.0,0.0,Bajo
30005,Acula,Veracruz de Ignacio de la Llave,2025-05-01,0.0,0.0,Bajo
30005,Acula,Veracruz de Ignacio de la Llave,2025-06-01,1.0,0.0,Bajo
30005,Acula,Veracruz de Ignacio de la Llave,2025-07-01,0.0,0.0,Bajo
30006,Acultzingo,Veracruz de Ignacio de la Llave,2025-05-01,2.0,0.0,Bajo
30006,Acultzingo,Veracruz de Ignacio de la Llave,2025-06-01,1.0,0.0,Bajo
30006,Acultzingo,Veracruz de Ignacio de la Llave,2025-07-01,2.0,0.0,Bajo
30007,Camarón de Tejeda,Veracruz de Ignacio de la Llave,2025-05-01,0.0,0.0,Bajo
30007,Camarón de Tejeda,Veracruz de Ignacio de la Llave,2025-06-01,0.0,0.0,Bajo
30007,Camarón de Tejeda,Veracruz de Ignacio de la Llave,2025-07-01,0.0,0.0,Bajo
30008,Alpatláhuac,Veracruz de Ignacio de la Llave,2025-05-01,0.0,0.0,Bajo
30008,Alpatláhuac,Veracruz de Ignacio de la Llave,2025-06-01,1.0,0.0,Bajo
30008,Alpatláhuac,Veracruz de Ignacio de la Llave,2025-07-01,0.0,0.0,Bajo
30009,Alto Lucero de Gutiérrez Barrios,Veracruz de Ignacio de la Llave,2025-05-01,0.0,0.0,Bajo
30009,Alto Lucero de Gutiérrez Barrios,Veracruz de Ignacio de la Llave,2025-06-01,0.0,0.0,Bajo
30009,Alto Lucero de Gutiérrez Barrios,Veracruz de Ignacio de la Llave,2025-07-01,1.0,0.0,Bajo
30010,Altotonga,Veracruz de Ignacio de la Llave,2025-05-01,6.0,0.0,Bajo
30010,Altotonga,Veracruz de Ignacio de la Llave,2025-06-01,9.0,0.0,Bajo
30010,Altotonga,Veracruz de Ignacio de la Llave,2025-07-01,7.0,0.0,Bajo
30011,Alvarado,Veracruz de Ignacio de la Llave,2025-05-01,4.0,0.0,Bajo
30011,Alvarado,Veracruz de Ignacio de la Llave,2025-06-01,3.0,0.0,Bajo
30011,Alvarado,Veracruz de Ignacio de la Llave,2025-07-01,6.0,0.0,Bajo
30012,Amatitlán,Veracruz de Ignacio de la Llave,2025-05-01,0.0,0.0,Bajo
30012,Amatitlán,Veracruz de Ignacio de la Llave,2025-06-01,0.0,0.0,Bajo
30012,Amatitlán,Veracruz de Ignacio de la Llave,2025-07-01,0.0,0.0,Bajo
30013,Naranjos Amatlán,Veracruz de Ignacio de la Llave,2025-05-01,1.0,0.0,Bajo
30013,Naranjos Amatlán,Veracruz de Ignacio de la Llave,2025-06-01,4.0,0.0,Bajo
30013,Naranjos Amatlán,Veracruz de Ignacio de la Llave,2025-07-01,3.0,0.0,Bajo
30014,Amatlán de los Reyes,Veracruz de Ignacio de la Llave,2025-05-01,9.0,0.0,Bajo
30014,Amatlán de los Reyes,Veracruz de Ignacio de la Llave,2025-06-01,5.0,0.0,Bajo
30014,Amatlán de los Reyes,Veracruz de Ignacio de la Llave,2025-07-01,6.0,0.0,Bajo
30015,Angel R. Cabada,Veracruz de Ignacio de la Llave,2025-05-01,3.0,0.0,Bajo
30015,Angel R. Cabada,Veracruz de Ignacio de la Llave,2025-06-01,4.0,0.0,Bajo
30015,Angel R. Cabada,Veracruz de Ignacio de la Llave,2025-07-01,1.0,0.0,Bajo
30016,La Antigua,Veracruz de Ignacio de la Llave,2025-05-01,6.0,0.0,Bajo
30016,La Antigua,Veracruz de Ignacio de la Llave,2025-06-01,4.0,0.0,Bajo
30016,La Antigua,Veracruz de Ignacio de la Llave,2025-07-01,8.0,0.0,Bajo
30017,Apazapan,Veracruz de Ignacio de la Llave,2025-05-01,0.0,0.0,Bajo
30017,Apazapan,Veracruz de Ignacio de la Llave,2025-06-01,0.0,0.0,Bajo
30017,Apazapan,Veracruz de Ignacio de la Llave,2025-07-01,0.0,0.0,Bajo
30018,Aquila,Veracruz de Ignacio de la Llave,2025-05-01,4.0,0.0,Bajo
30018,Aquila,Veracruz de Ignacio de la Llave,2025-06-01,0.0,0.0,Bajo
30018,Aquila,Veracruz de Ignacio de la Llave,2025-07-01,0.0,0.0,Bajo
30019,Astacinga,Veracruz de Ignacio de la Llave,2025-05-01,0.0,0.0,Bajo
30019,Astacinga,Veracruz de Ignacio de la Llave,2025-06-01,0.0,0.0,Bajo
30019,Astacinga,Veracruz de Ignacio de la Llave,2025-07-01,0.0,0.0,Bajo
30020,Atlahuilco,Veracruz de Ignacio de la Llave,2025-05-01,0.0,0.0,Bajo
30020,Atlahuilco,Veracruz de Ignacio de la Llave,2025-06-01,0.0,0.0,Bajo
30020,Atlahuilco,Veracruz de Ignacio de la Llave,2025-07-01,0.0,0.0,Bajo
30021,Atoyac,Veracruz de Ignacio de la Llave,2025-05-01,1.0,0.0,Bajo
30021,Atoyac,Veracruz de Ignacio de la Llave,2025-06-01,1.0,0.0,Bajo
30021,Atoyac,Veracruz de Ignacio de la Llave,2025-07-01,1.0,0.0,Bajo
30022,Atzacan,Veracruz de Ignacio de la Llave,2025-05-01,0.0,0.0,Bajo
30022,Atzacan,Veracruz de Ignacio de la Llave,2025-06-01,0.0,0.0,Bajo
30022,Atzacan,Veracruz de Ignacio de la Llave,2025-07-01,0.0,0.0,Bajo
30023,Atzalan,Veracruz de Ignacio de la Llave,2025-05-01,5.0,0.0,Bajo
30023,Atzalan,Veracruz de Ignacio de la Llave,2025-06-01,2.0,0.0,Bajo
30023,Atzalan,Veracruz de Ignacio de la Llave,2025-07-01,5.0,0.0,Bajo
30024,Tlaltetela,Veracruz de Ignacio de la Llave,2025-05-01,0.0,0.0,Bajo
30024,Tlaltetela,Veracruz de Ignacio de la Llave,2025-06-01,1.0,0.0,Bajo
30024,Tlaltetela,Veracruz de Ignacio de la Llave,2025-07-01,1.0,0.0,Bajo
30025,Ayahualulco,Veracruz de Ignacio de la Llave,2025-05-01,1.0,0.0,Bajo
30025,Ayahualulco,Veracruz de Ignacio de la Llave,2025-06-01,0.0,0.0,Bajo
30025,Ayahualulco,Veracruz de Ignacio de la Llave,2025-07-01,0.0,0.0,Bajo
30026,Banderilla,Veracruz de Ignacio de la Llave,2025-05-01,1.0,0.0,Bajo
30026,Banderilla,Veracruz de Ignacio de la Llave,2025-06-01,4.0,0.0,Bajo
30026,Banderilla,Veracruz de Ignacio de la Llave,2025-07-01,4.0,0.0,Bajo
30027,Benito Juárez,Veracruz de Ignacio de la Llave,2025-05-01,0.0,0.0,Bajo
30027,Benito Juárez,Veracruz de Ignacio de la Llave,2025-06-01,0.0,0.0,Bajo
30027,Benito Juárez,Veracruz de Ignacio de la Llave,2025-07-01,0.0,0.0,Bajo
30028,Boca del Río,Veracruz de Ignacio de la Llave,2025-05-01,27.0,0.0,Bajo
30028,Boca del Río,Veracruz de Ignacio de la Llave,2025-06-01,39.0,0.0,Bajo
30028,Boca del Río,Veracruz de Ignacio de la Llave,2025-07-01,58.0,0.0,Bajo
30029,Calcahualco,Veracruz de Ignacio de la Llave,2025-05-01,0.0,0.0,Bajo
30029,Calcahualco,Veracruz de Ignacio de la Llave,2025-06-01,0.0,0.0,Bajo
30029,Calcahualco,Veracruz de Ignacio de la Llave,2025-07-01,0.0,0.0,Bajo
30030,Camerino Z. Mendoza,Veracruz de Ignacio de la Llave,2025-05-01,6.0,0.0,Bajo
30030,Camerino Z. Mendoza,Veracruz de Ignacio de la Llave,2025-06-01,5.0,0.0,Bajo
30030,Camerino Z. Mendoza,Veracruz de Ignacio de la Llave,2025-07-01,5.0,0.0,Bajo
30031,Carrillo Puerto,Veracruz de Ignacio de la Llave,2025-05-01,1.0,0.0,Bajo
30031,Carrillo Puerto,Veracruz de Ignacio de la Llave,2025-06-01,0.0,0.0,Bajo
30031,Carrillo Puerto,Veracruz de Ignacio de la Llave,2025-07-01,0.0,0.0,Bajo
30032,Catemaco,Veracruz de Ignacio de la Llave,2025-05-01,1.0,0.0,Bajo
30032,Catemaco,Veracruz de Ignacio de la Llave,2025-06-01,2.0,0.0,Bajo
30032,Catemaco,Veracruz de Ignacio de la Llave,2025-07-01,4.0,0.0,Bajo
30033,Cazones de Herrera,Veracruz de Ignacio de la Llave,2025-05-01,0.0,0.0,Bajo
30033,Cazones de Herrera,Veracruz de Ignacio de la Llave,2025-06-01,0.0,0.0,Bajo
30033,Cazones de Herrera,Veracruz de Ignacio de la Llave,2025-07-01,1.0,0.0,Bajo
30034,Cerro Azul,Veracruz de Ignacio de la Llave,2025-05-01,1.0,0.0,Bajo
30034,Cerro Azul,Veracruz de Ignacio de la Llave,2025-06-01,0.0,0.0,Bajo
30034,Cerro Azul,Veracruz de Ignacio de la Llave,2025-07-01,1.0,0.0,Bajo
30035,Citlaltépetl,Veracruz de Ignacio de la Llave,2025-05-01,0.0,0.0,Bajo
30035,Citlaltépetl,Veracruz de Ignacio de la Llave,2025-06-01,0.0,0.0,Bajo
30035,Citlaltépetl,Veracruz de Ignacio de la Llave,2025-07-01,0.0,0.0,Bajo
30036,Coacoatzintla,Veracruz de Ignacio de la Llave,2025-05-01,0.0,0.0,Bajo
30036,Coacoatzintla,Veracruz de Ignacio de la Llave,2025-06-01,0.0,0.0,Bajo
30036,Coacoatzintla,Veracruz de Ignacio de la Llave,2025-07-01,3.0,0.0,Bajo
30037,Coahuitlán,Veracruz de Ignacio de la Llave,2025-05-01,0.0,0.0,Bajo
30037,Coahuitlán,Veracruz de Ignacio de la Llave,2025-06-01,0.0,0.0,Bajo
30037,Coahuitlán,Veracruz de Ignacio de la Llave,2025-07-01,0.0,0.0,Bajo
30038,Coatepec,Veracruz de Ignacio de la Llave,2025-05-01,12.0,0.0,Bajo
30038,Coatepec,Veracruz de Ignacio de la Llave,2025-06-01,10.0,0.0,Bajo
30038,Coatepec,Veracruz de Ignacio de la Llave,2025-07-01,18.0,0.0,Bajo
30039,Coatzacoalcos,Veracruz de Ignacio de la Llave,2025-05-01,68.0,0.0,Bajo
30039,Coatzacoalcos,Veracruz de Ignacio de la Llave,2025-06-01,55.0,0.0,Bajo
30039,Coatzacoalcos,Veracruz de Ignacio de la Llave,2025-07-01,59.0,0.0,Bajo
30040,Coatzintla,Veracruz de Ignacio de la Llave,2025-05-01,1.0,0.0,Bajo
30040,Coatzintla,Veracruz de Ignacio de la Llave,2025-06-01,2.0,0.0,Bajo
30040,Coatzintla,Veracruz de Ignacio de la Llave,2025-07-01,3.0,0.0,Bajo
30041,Coetzala,Veracruz de Ignacio de la Llave,2025-05-01,1.0,0.0,Bajo
30041,Coetzala,Veracruz de Ignacio de la Llave,2025-06-01,0.0,0.0,Bajo
30041,Coetzala,Veracruz de Ignacio de la Llave,2025-07-01,0.0,0.0,Bajo
30042,Colipa,Veracruz de Ignacio de la Llave,2025-05-01,0.0,0.0,Bajo
30042,Colipa,Veracruz de Ignacio de la Llave,2025-06-01,0.0,0.0,Bajo
30042,Colipa,Veracruz de Ignacio de la Llave,2025-07-01,0.0,0.0,Bajo
30043,Comapa,Veracruz de Ignacio de la Llave,2025-05-01,0.0,0.0,Bajo
30043,Comapa,Veracruz de Ignacio de la Llave,2025-06-01,0.0,0.0,Bajo
30043,Comapa,Veracruz de Ignacio de la Llave,2025-07-01,0.0,0.0,Bajo
30044,Córdoba,Veracruz de Ignacio de la Llave,2025-05-01,34.0,0.0,Bajo
30044,Córdoba,Veracruz de Ignacio de la Llave,2025-06-01,41.0,0.0,Bajo
30044,Córdoba,Veracruz de Ignacio de la Llave,2025-07-01,30.0,0.0,Bajo
30045,Cosamaloapan de Carpio,Veracruz de Ignacio de la Llave,2025-05-01,10.0,0.0,Bajo
30045,Cosamaloapan de Carpio,Veracruz de Ignacio de la Llave,2025-06-01,5.0,0.0,Bajo
30045,Cosamaloapan de Carpio,Veracruz de Ignacio de la Llave,2025-07-01,5.0,0.0,Bajo
30046,Cosautlán de Carvajal,Veracruz de Ignacio de la Llave,2025-05-01,0.0,0.0,Bajo
30046,Cosautlán de Carvajal,Veracruz de Ignacio de la Llave,2025-06-01,0.0,0.0,Bajo
30046,Cosautlán de Carvajal,Veracruz de Ignacio de la Llave,2025-07-01,0.0,0.0,Bajo
30047,Coscomatepec,Veracruz de Ignacio de la Llave,2025-05-01,2.0,0.0,Bajo
30047,Coscomatepec,Veracruz de Ignacio de la Llave,2025-06-01,4.0,0.0,Bajo
30047,Coscomatepec,Veracruz de Ignacio de la Llave,2025-07-01,2.0,0.0,Bajo
30048,Cosoleacaque,Veracruz de Ignacio de la Llave,2025-05-01,14.0,0.0,Bajo
30048,Cosoleacaque,Veracruz de Ignacio de la Llave,2025-06-01,10.0,0.0,Bajo
30048,Cosoleacaque,Veracruz de Ignacio de la Llave,2025-07-01,18.0,0.0,Bajo
30049,Cotaxtla,Veracruz de Ignacio de la Llave,2025-05-01,1.0,0.0,Bajo
30049,Cotaxtla,Veracruz de Ignacio de la Llave,2025-06-01,1.0,0.0,Bajo
30049,Cotaxtla,Veracruz de Ignacio de la Llave,2025-07-01,1.0,0.0,Bajo
30050,Coxquihui,Veracruz de Ignacio de la Llave,2025-05-01,0.0,0.0,Bajo
30050,Coxquihui,Veracruz de Ignacio de la Llave,2025-06-01,0.0,0.0,Bajo
30050,Coxquihui,Veracruz de Ignacio de la Llave,2025-07-01,0.0,0.0,Bajo
30051,Coyutla,Veracruz de Ignacio de la Llave,2025-05-01,0.0,0.0,Bajo
30051,Coyutla,Veracruz de Ignacio de la Llave,2025-06-01,1.0,0.0,Bajo
30051,Coyutla,Veracruz de Ignacio de la Llave,2025-07-01,0.0,0.0,Bajo
30052,Cuichapa,Veracruz de Ignacio de la Llave,2025-05-01,2.0,0.0,Bajo
30052,Cuichapa,Veracruz de Ignacio de la Llave,2025-06-01,2.0,0.0,Bajo
30052,Cuichapa,Veracruz de Ignacio de la Llave,2025-07-01,0.0,0.0,Bajo
30053,Cuitláhuac,Veracruz de Ignacio de la Llave,2025-05-01,2.0,0.0,Bajo
30053,Cuitláhuac,Veracruz de Ignacio de la Llave,2025-06-01,2.0,0.0,Bajo
30053,Cuitláhuac,Veracruz de Ignacio de la Llave,2025-07-01,5.0,0.0,Bajo
30054,Chacaltianguis,Veracruz de Ignacio de la Llave,2025-05-01,2.0,0.0,Bajo
30054,Chacaltianguis,Veracruz de Ignacio de la Llave,2025-06-01,1.0,0.0,Bajo
30054,Chacaltianguis,Veracruz de Ignacio de la Llave,2025-07-01,0.0,0.0,Bajo
30055,Chalma,Veracruz de Ignacio de la Llave,2025-05-01,2.0,0.0,Bajo
30055,Chalma,Veracruz de Ignacio de la Llave,2025-06-01,0.0,0.0,Bajo
30055,Chalma,Veracruz de Ignacio de la Llave,2025-07-01,0.0,0.0,Bajo
30056,Chiconamel,Veracruz de Ignacio de la Llave,2025-05-01,1.0,0.0,Bajo
30056,Chiconamel,Veracruz de Ignacio de la Llave,2025-06-01,0.0,0.0,Bajo
30056,Chiconamel,Veracruz de Ignacio de la Llave,2025-07-01,0.0,0.0,Bajo
30057,Chiconquiaco,Veracruz de Ignacio de la Llave,2025-05-01,1.0,0.0,Bajo
30057,Chiconquiaco,Veracruz de Ignacio de la Llave,2025-06-01,1.0,0.0,Bajo
30057,Chiconquiaco,Veracruz de Ignacio de la Llave,2025-07-01,0.0,0.0,Bajo
30058,Chicontepec,Veracruz de Ignacio de la Llave,2025-05-01,2.0,0.0,Bajo
30058,Chicontepec,Veracruz de Ignacio de la Llave,2025-06-01,2.0,0.0,Bajo
30058,Chicontepec,Veracruz de Ignacio de la Llave,2025-07-01,3.0,0.0,Bajo
30059,Chinameca,Veracruz de Ignacio de la Llave,2025-05-01,1.0,0.0,Bajo
30059,Chinameca,Veracruz de Ignacio de la Llave,2025-06-01,0.0,0.0,Bajo
30059,Chinameca,Veracruz de Ignacio de la Llave,2025-07-01,0.0,0.0,Bajo
30060,Chinampa de Gorostiza,Veracruz de Ignacio de la Llave,2025-05-01,1.0,0.0,Bajo
30060,Chinampa de Gorostiza,Veracruz de Ignacio de la Llave,2025-06-01,2.0,0.0,Bajo
30060,Chinampa de Gorostiza,Veracruz de Ignacio de la Llave,2025-07-01,0.0,0.0,Bajo
30061,Las Choapas,Veracruz de Ignacio de la Llave,2025-05-01,11.0,0.0,Bajo
30061,Las Choapas,Veracruz de Ignacio de la Llave,2025-06-01,7.0,0.0,Bajo
30061,Las Choapas,Veracruz de Ignacio de la Llave,2025-07-01,13.0,0.0,Bajo
30062,Chocamán,Veracruz de Ignacio de la Llave,2025-05-01,1.0,0.0,Bajo
30062,Chocamán,Veracruz de Ignacio de la Llave,2025-06-01,1.0,0.0,Bajo
30062,Chocamán,Veracruz de Ignacio de la Llave,2025-07-01,0.0,0.0,Bajo
30063,Chontla,Veracruz de Ignacio de la Llave,2025-05-01,0.0,0.0,Bajo
30063,Chontla,Veracruz de Ignacio de la Llave,2025-06-01,0.0,0.0,Bajo
30063,Chontla,Veracruz de Ignacio de la Llave,2025-07-01,0.0,0.0,Bajo
30064,Chumatlán,Veracruz de Ignacio de la Llave,2025-05-01,0.0,0.0,Bajo
30064,Chumatlán,Veracruz de Ignacio de la Llave,2025-06-01,0.0,0.0,Bajo
30064,Chumatlán,Veracruz de Ignacio de la Llave,2025-07-01,0.0,0.0,Bajo
30065,Emiliano Zapata,Veracruz de Ignacio de la Llave,2025-05-01,12.0,0.0,Bajo
30065,Emiliano Zapata,Veracruz de Ignacio de la Llave,2025-06-01,16.0,0.0,Bajo
30065,Emiliano Zapata,Veracruz de Ignacio de la Llave,2025-07-01,14.0,0.0,Bajo
30066,Espinal,Veracruz de Ignacio de la Llave,2025-05-01,0.0,0.0,Bajo
30066,Espinal,Veracruz de Ignacio de la Llave,2025-06-01,1.0,0.0,Bajo
30066,Espinal,Veracruz de Ignacio de la Llave,2025-07-01,0.0,0.0,Bajo
30067,Filomeno Mata,Veracruz de Ignacio de la Llave,2025-05-01,1.0,0.0,Bajo
30067,Filomeno Mata,Veracruz de Ignacio de la Llave,2025-06-01,0.0,0.0,Bajo
30067,Filomeno Mata,Veracruz de Ignacio de la Llave,2025-07-01,0.0,0.0,Bajo
30068,Fortín,Veracruz de Ignacio de la Llave,2025-05-01,22.0,0.0,Bajo
30068,Fortín,Veracruz de Ignacio de la Llave,2025-06-01,8.0,0.0,Bajo
30068,Fortín,Veracruz de Ignacio de la Llave,2025-07-01,14.0,0.0,Bajo
30069,Gutiérrez Zamora,Veracruz de Ignacio de la Llave,2025-05-01,1.0,0.0,Bajo
30069,Gutiérrez Zamora,Veracruz de Ignacio de la Llave,2025-06-01,0.0,0.0,Bajo
30069,Gutiérrez Zamora,Veracruz de Ignacio de la Llave,2025-07-01,0.0,0.0,Bajo
30070,Hidalgotitlán,Veracruz de Ignacio de la Llave,2025-05-01,0.0,0.0,Bajo
30070,Hidalgotitlán,Veracruz de Ignacio de la Llave,2025-06-01,1.0,0.0,Bajo
30070,Hidalgotitlán,Veracruz de Ignacio de la Llave,2025-07-01,0.0,0.0,Bajo
30071,Huatusco,Veracruz de Ignacio de la Llave,2025-05-01,5.0,0.0,Bajo
30071,Huatusco,Veracruz de Ignacio de la Llave,2025-06-01,0.0,0.0,Bajo
30071,Huatusco,Veracruz de Ignacio de la Llave,2025-07-01,5.0,0.0,Bajo
30072,Huayacocotla,Veracruz de Ignacio de la Llave,2025-05-01,4.0,0.0,Bajo
30072,Huayacocotla,Veracruz de Ignacio de la Llave,2025-06-01,2.0,0.0,Bajo
30072,Huayacocotla,Veracruz de Ignacio de la Llave,2025-07-01,0.0,0.0,Bajo
30073,Hueyapan de Ocampo,Veracruz de Ignacio de la Llave,2025-05-01,2.0,0.0,Bajo
30073,Hueyapan de Ocampo,Veracruz de Ignacio de la Llave,2025-06-01,0.0,0.0,Bajo
30073,Hueyapan de Ocampo,Veracruz de Ignacio de la Llave,2025-07-01,4.0,0.0,Bajo
30074,Huiloapan de Cuauhtémoc,Veracruz de Ignacio de la Llave,2025-05-01,3.0,0.0,Bajo
30074,Huiloapan de Cuauhtémoc,Veracruz de Ignacio de la Llave,2025-06-01,1.0,0.0,Bajo
30074,Huiloapan de Cuauhtémoc,Veracruz de Ignacio de la Llave,2025-07-01,0.0,0.0,Bajo
30075,Ignacio de la Llave,Veracruz de Ignacio de la Llave,2025-05-01,0.0,0.0,Bajo
30075,Ignacio de la Llave,Veracruz de Ignacio de la Llave,2025-06-01,0.0,0.0,Bajo
30075,Ignacio de la Llave,Veracruz de Ignacio de la Llave,2025-07-01,0.0,0.0,Bajo
30076,Ilamatlán,Veracruz de Ignacio de la Llave,2025-05-01,0.0,0.0,Bajo
30076,Ilamatlán,Veracruz de Ignacio de la Llave,2025-06-01,0.0,0.0,Bajo
30076,Ilamatlán,Veracruz de Ignacio de la Llave,2025-07-01,0.0,0.0,Bajo
30077,Isla,Veracruz de Ignacio de la Llave,2025-05-01,3.0,0.0,Bajo
30077,Isla,Veracruz de Ignacio de la Llave,2025-06-01,2.0,0.0,Bajo
30077,Isla,Veracruz de Ignacio de la Llave,2025-07-01,5.0,0.0,Bajo
30078,Ixcatepec,Veracruz de Ignacio de la Llave,2025-05-01,1.0,0.0,Bajo
30078,Ixcatepec,Veracruz de Ignacio de la Llave,2025-06-01,0.0,0.0,Bajo
30078,Ixcatepec,Veracruz de Ignacio de la Llave,2025-07-01,0.0,0.0,Bajo
30079,Ixhuacán de los Reyes,Veracruz de Ignacio de la Llave,2025-05-01,0.0,0.0,Bajo
30079,Ixhuacán de los Reyes,Veracruz de Ignacio de la Llave,2025-06-01,0.0,0.0,Bajo
30079,Ixhuacán de los Reyes,Veracruz de Ignacio de la Llave,2025-07-01,0.0,0.0,Bajo
30080,Ixhuatlán del Café,Veracruz de Ignacio de la Llave,2025-05-01,1.0,0.0,Bajo
30080,Ixhuatlán del Café,Veracruz de Ignacio de la Llave,2025-06-01,0.0,0.0,Bajo
30080,Ixhuatlán del Café,Veracruz de Ignacio de la Llave,2025-07-01,0.0,0.0,Bajo
30081,Ixhuatlancillo,Veracruz de Ignacio de la Llave,2025-05-01,4.0,0.0,Bajo
30081,Ixhuatlancillo,Veracruz de Ignacio de la Llave,2025-06-01,4.0,0.0,Bajo
30081,Ixhuatlancillo,Veracruz de Ignacio de la Llave,2025-07-01,3.0,0.0,Bajo
30082,Ixhuatlán del Sureste,Veracruz de Ignacio de la Llave,2025-05-01,0.0,0.0,Bajo
30082,Ixhuatlán del Sureste,Veracruz de Ignacio de la Llave,2025-06-01,4.0,0.0,Bajo
30082,Ixhuatlán del Sureste,Veracruz de Ignacio de la Llave,2025-07-01,0.0,0.0,Bajo
30083,Ixhuatlán de Madero,Veracruz de Ignacio de la Llave,2025-05-01,0.0,0.0,Bajo
30083,Ixhuatlán de Madero,Veracruz de Ignacio de la Llave,2025-06-01,0.0,0.0,Bajo
30083,Ixhuatlán de Madero,Veracruz de Ignacio de la Llave,2025-07-01,3.0,0.0,Bajo
30084,Ixmatlahuacan,Veracruz de Ignacio de la Llave,2025-05-01,0.0,0.0,Bajo
30084,Ixmatlahuacan,Veracruz de Ignacio de la Llave,2025-06-01,1.0,0.0,Bajo
30084,Ixmatlahuacan,Veracruz de Ignacio de la Llave,2025-07-01,0.0,0.0,Bajo
30085,Ixtaczoquitlán,Veracruz de Ignacio de la Llave,2025-05-01,2.0,0.0,Bajo
30085,Ixtaczoquitlán,Veracruz de Ignacio de la Llave,2025-06-01,3.0,0.0,Bajo
30085,Ixtaczoquitlán,Veracruz de Ignacio de la Llave,2025-07-01,5.0,0.0,Bajo
30086,Jalacingo,Veracruz de Ignacio de la Llave,2025-05-01,0.0,0.0,Bajo
30086,Jalacingo,Veracruz de Ignacio de la Llave,2025-06-01,3.0,0.0,Bajo
30086,Jalacingo,Veracruz de Ignacio de la Llave,2025-07-01,2.0,0.0,Bajo
30087,Xalapa,Veracruz de Ignacio de la Llave,2025-05-01,128.0,0.0,Medio
30087,Xalapa,Veracruz de Ignacio de la Llave,2025-06-01,111.0,0.0,Medio
30087,Xalapa,Veracruz de Ignacio de la Llave,2025-07-01,118.0,0.0,Medio
30088,Jalcomulco,Veracruz de Ignacio de la Llave,2025-05-01,0.0,0.0,Bajo
30088,Jalcomulco,Veracruz de Ignacio de la Llave,2025-06-01,0.0,0.0,Bajo
30088,Jalcomulco,Veracruz de Ignacio de la Llave,2025-07-01,0.0,0.0,Bajo
30089,Jáltipan,Veracruz de Ignacio de la Llave,2025-05-01,3.0,0.0,Bajo
30089,Jáltipan,Veracruz de Ignacio de la Llave,2025-06-01,9.0,0.0,Bajo
30089,Jáltipan,Veracruz de Ignacio de la Llave,2025-07-01,3.0,0.0,Bajo
30090,Jamapa,Veracruz de Ignacio de la Llave,2025-05-01,0.0,0.0,Bajo
30090,Jamapa,Veracruz de Ignacio de la Llave,2025-06-01,1.0,0.0,Bajo
30090,Jamapa,Veracruz de Ignacio de la Llave,2025-07-01,1.0,0.0,Bajo
30091,Jesús Carranza,Veracruz de Ignacio de la Llave,2025-05-01,1.0,0.0,Bajo
30091,Jesús Carranza,Veracruz de Ignacio de la Llave,2025-06-01,1.0,0.0,Bajo
30091,Jesús Carranza,Veracruz de Ignacio de la Llave,2025-07-01,2.0,0.0,Bajo
30092,Xico,Veracruz de Ignacio de la Llave,2025-05-01,5.0,0.0,Bajo
30092,Xico,Veracruz de Ignacio de la Llave,2025-06-01,4.0,0.0,Bajo
30092,Xico,Veracruz de Ignacio de la Llave,2025-07-01,6.0,0.0,Bajo
30093,Jilotepec,Veracruz de Ignacio de la Llave,2025-05-01,0.0,0.0,Bajo
30093,Jilotepec,Veracruz de Ignacio de la Llave,2025-06-01,1.0,0.0,Bajo
30093,Jilotepec,Veracruz de Ignacio de la Llave,2025-07-01,1.0,0.0,Bajo
30094,Juan Rodríguez Clara,Veracruz de Ignacio de la Llave,2025-05-01,2.0,0.0,Bajo
30094,Juan Rodríguez Clara,Veracruz de Ignacio de la Llave,2025-06-01,0.0,0.0,Bajo
30094,Juan Rodríguez Clara,Veracruz de Ignacio de la Llave,2025-07-01,1.0,0.0,Bajo
30095,Juchique de Ferrer,Veracruz de Ignacio de la Llave,2025-05-01,1.0,0.0,Bajo
30095,Juchique de Ferrer,Veracruz de Ignacio de la Llave,2025-06-01,0.0,0.0,Bajo
30095,Juchique de Ferrer,Veracruz de Ignacio de la Llave,2025-07-01,0.0,0.0,Bajo
30096,Landero y Coss,Veracruz de Ignacio de la Llave,2025-05-01,0.0,0.0,Bajo
30096,Landero y Coss,Veracruz de Ignacio de la Llave,2025-06-01,0.0,0.0,Bajo
30096,Landero y Coss,Veracruz de Ignacio de la Llave,2025-07-01,0.0,0.0,Bajo
30097,Lerdo de Tejada,Veracruz de Ignacio de la Llave,2025-05-01,1.0,0.0,Bajo
30097,Lerdo de Tejada,Veracruz de Ignacio de la Llave,2025-06-01,1.0,0.0,Bajo
30097,Lerdo de Tejada,Veracruz de Ignacio de la Llave,2025-07-01,4.0,0.0,Bajo
30098,Magdalena,Veracruz de Ignacio de la Llave,2025-05-01,0.0,0.0,Bajo
30098,Magdalena,Veracruz de Ignacio de la Llave,2025-06-01,0.0,0.0,Bajo
30098,Magdalena,Veracruz de Ignacio de la Llave,2025-07-01,0.0,0.0,Bajo
30099,Maltrata,Veracruz de Ignacio de la Llave,2025-05-01,5.0,0.0,Bajo
30099,Maltrata,Veracruz de Ignacio de la Llave,2025-06-01,2.0,0.0,Bajo
30099,Maltrata,Veracruz de Ignacio de la Llave,2025-07-01,7.0,0.0,Bajo
30100,Manlio Fabio Altamirano,Veracruz de Ignacio de la Llave,2025-05-01,1.0,0.0,Bajo
30100,Manlio Fabio Altamirano,Veracruz de Ignacio de la Llave,2025-06-01,0.0,0.0,Bajo
30100,Manlio Fabio Altamirano,Veracruz de Ignacio de la Llave,2025-07-01,2.0,0.0,Bajo
30101,Mariano Escobedo,Veracruz de Ignacio de la Llave,2025-05-01,4.0,0.0,Bajo
30101,Mariano Escobedo,Veracruz de Ignacio de la Llave,2025-06-01,5.0,0.0,Bajo
30101,Mariano Escobedo,Veracruz de Ignacio de la Llave,2025-07-01,5.0,0.0,Bajo
30102,Martínez de la Torre,Veracruz de Ignacio de la Llave,2025-05-01,15.0,0.0,Bajo
30102,Martínez de la Torre,Veracruz de Ignacio de la Llave,2025-06-01,18.0,0.0,Bajo
30102,Martínez de la Torre,Veracruz de Ignacio de la Llave,2025-07-01,17.0,0.0,Bajo
30103,Mecatlán,Veracruz de Ignacio de la Llave,2025-05-01,0.0,0.0,Bajo
30103,Mecatlán,Veracruz de Ignacio de la Llave,2025-06-01,4.0,0.0,Bajo
30103,Mecatlán,Veracruz de Ignacio de la Llave,2025-07-01,0.0,0.0,Bajo
30104,Mecayapan,Veracruz de Ignacio de la Llave,2025-05-01,1.0,0.0,Bajo
30104,Mecayapan,Veracruz de Ignacio de la Llave,2025-06-01,0.0,0.0,Bajo
30104,Mecayapan,Veracruz de Ignacio de la Llave,2025-07-01,0.0,0.0,Bajo
30105,Medellín de Bravo,Veracruz de Ignacio de la Llave,2025-05-01,9.0,0.0,Bajo
30105,Medellín de Bravo,Veracruz de Ignacio de la Llave,2025-06-01,7.0,0.0,Bajo
30105,Medellín de Bravo,Veracruz de Ignacio de la Llave,2025-07-01,9.0,0.0,Bajo
30106,Miahuatlán,Veracruz de Ignacio de la Llave,2025-05-01,0.0,0.0,Bajo
30106,Miahuatlán,Veracruz de Ignacio de la Llave,2025-06-01,0.0,0.0,Bajo
30106,Miahuatlán,Veracruz de Ignacio de la Llave,2025-07-01,1.0,0.0,Bajo
30107,Las Minas,Veracruz de Ignacio de la Llave,2025-05-01,0.0,0.0,Bajo
30107,Las Minas,Veracruz de Ignacio de la Llave,2025-06-01,0.0,0.0,Bajo
30107,Las Minas,Veracruz de Ignacio de la Llave,2025-07-01,0.0,0.0,Bajo
30108,Minatitlán,Veracruz de Ignacio de la Llave,2025-05-01,31.0,0.0,Bajo
30108,Minatitlán,Veracruz de Ignacio de la Llave,2025-06-01,16.0,0.0,Bajo
30108,Minatitlán,Veracruz de Ignacio de la Llave,2025-07-01,18.0,0.0,Bajo
30109,Misantla,Veracruz de Ignacio de la Llave,2025-05-01,5.0,0.0,Bajo
30109,Misantla,Veracruz de Ignacio de la Llave,2025-06-01,8.0,0.0,Bajo
30109,Misantla,Veracruz de Ignacio de la Llave,2025-07-01,4.0,0.0,Bajo
30110,Mixtla de Altamirano,Veracruz de Ignacio de la Llave,2025-05-01,0.0,0.0,Bajo
30110,Mixtla de Altamirano,Veracruz de Ignacio de la Llave,2025-06-01,0.0,0.0,Bajo
30110,Mixtla de Altamirano,Veracruz de Ignacio de la Llave,2025-07-01,0.0,0.0,Bajo
30111,Moloacán,Veracruz de Ignacio de la Llave,2025-05-01,1.0,0.0,Bajo
30111,Moloacán,Veracruz de Ignacio de la Llave,2025-06-01,3.0,0.0,Bajo
30111,Moloacán,Veracruz de Ignacio de la Llave,2025-07-01,2.0,0.0,Bajo
30112,Naolinco,Veracruz de Ignacio de la Llave,2025-05-01,1.0,0.0,Bajo
30112,Naolinco,Veracruz de Ignacio de la Llave,2025-06-01,3.0,0.0,Bajo
30112,Naolinco,Veracruz de Ignacio de la Llave,2025-07-01,2.0,0.0,Bajo
30113,Naranjal,Veracruz de Ignacio de la Llave,2025-05-01,0.0,0.0,Bajo
30113,Naranjal,Veracruz de Ignacio de la Llave,2025-06-01,0.0,0.0,Bajo
30113,Naranjal,Veracruz de Ignacio de la Llave,2025-07-01,0.0,0.0,Bajo
30114,Nautla,Veracruz de Ignacio de la Llave,2025-05-01,0.0,0.0,Bajo
30114,Nautla,Veracruz de Ignacio de la Llave,2025-06-01,0.0,0.0,Bajo
30114,Nautla,Veracruz de Ignacio de la Llave,2025-07-01,0.0,0.0,Bajo
30115,Nogales,Veracruz de Ignacio de la Llave,2025-05-01,3.0,0.0,Bajo
30115,Nogales,Veracruz de Ignacio de la Llave,2025-06-01,2.0,0.0,Bajo
30115,Nogales,Veracruz de Ignacio de la Llave,2025-07-01,5.0,0.0,Bajo
30116,Oluta,Veracruz de Ignacio de la Llave,2025-05-01,4.0,0.0,Bajo
30116,Oluta,Veracruz de Ignacio de la Llave,2025-06-01,2.0,0.0,Bajo
30116,Oluta,Veracruz de Ignacio de la Llave,2025-07-01,2.0,0.0,Bajo
30117,Omealca,Veracruz de Ignacio de la Llave,2025-05-01,7.0,0.0,Bajo
30117,Omealca,Veracruz de Ignacio de la Llave,2025-06-01,3.0,0.0,Bajo
30117,Omealca,Veracruz de Ignacio de la Llave,2025-07-01,5.0,0.0,Bajo
30118,Orizaba,Veracruz de Ignacio de la Llave,2025-05-01,25.0,0.0,Bajo
30118,Orizaba,Veracruz de Ignacio de la Llave,2025-06-01,16.0,0.0,Bajo
30118,Orizaba,Veracruz de Ignacio de la Llave,2025-07-01,19.0,0.0,Bajo
30119,Otatitlán,Veracruz de Ignacio de la Llave,2025-05-01,2.0,0.0,Bajo
30119,Otatitlán,Veracruz de Ignacio de la Llave,2025-06-01,2.0,0.0,Bajo
30119,Otatitlán,Veracruz de Ignacio de la Llave,2025-07-01,0.0,0.0,Bajo
30120,Oteapan,Veracruz de Ignacio de la Llave,2025-05-01,0.0,0.0,Bajo
30120,Oteapan,Veracruz de Ignacio de la Llave,2025-06-01,0.0,0.0,Bajo
30120,Oteapan,Veracruz de Ignacio de la Llave,2025-07-01,3.0,0.0,Bajo
30121,Ozuluama de Mascareñas,Veracruz de Ignacio de la Llave,2025-05-01,2.0,0.0,Bajo
30121,Ozuluama de Mascareñas,Veracruz de Ignacio de la Llave,2025-06-01,0.0,0.0,Bajo
30121,Ozuluama de Mascareñas,Veracruz de Ignacio de la Llave,2025-07-01,3.0,0.0,Bajo
30122,Pajapan,Veracruz de Ignacio de la Llave,2025-05-01,0.0,0.0,Bajo
30122,Pajapan,Veracruz de Ignacio de la Llave,2025-06-01,0.0,0.0,Bajo
30122,Pajapan,Veracruz de Ignacio de la Llave,2025-07-01,0.0,0.0,Bajo
30123,Pánuco,Veracruz de Ignacio de la Llave,2025-05-01,16.0,0.0,Bajo
30123,Pánuco,Veracruz de Ignacio de la Llave,2025-06-01,10.0,0.0,Bajo
30123,Pánuco,Veracruz de Ignacio de la Llave,2025-07-01,13.0,0.0,Bajo
30124,Papantla,Veracruz de Ignacio de la Llave,2025-05-01,12.0,0.0,Bajo
30124,Papantla,Veracruz de Ignacio de la Llave,2025-06-01,18.0,0.0,Bajo
30124,Papantla,Veracruz de Ignacio de la Llave,2025-07-01,25.0,0.0,Bajo
30125,Paso del Macho,Veracruz de Ignacio de la Llave,2025-05-01,1.0,0.0,Bajo
30125,Paso del Macho,Veracruz de Ignacio de la Llave,2025-06-01,3.0,0.0,Bajo
30125,Paso del Macho,Veracruz de Ignacio de la Llave,2025-07-01,8.0,0.0,Bajo
30126,Paso de Ovejas,Veracruz de Ignacio de la Llave,2025-05-01,1.0,0.0,Bajo
30126,Paso de Ovejas,Veracruz de Ignacio de la Llave,2025-06-01,1.0,0.0,Bajo
30126,Paso de Ovejas,Veracruz de Ignacio de la Llave,2025-07-01,3.0,0.0,Bajo
30127,La Perla,Veracruz de Ignacio de la Llave,2025-05-01,1.0,0.0,Bajo
30127,La Perla,Veracruz de Ignacio de la Llave,2025-06-01,0.0,0.0,Bajo
30127,La Perla,Veracruz de Ignacio de la Llave,2025-07-01,2.0,0.0,Bajo
30128,Perote,Veracruz de Ignacio de la Llave,2025-05-01,23.0,0.0,Bajo
30128,Perote,Veracruz de Ignacio de la Llave,2025-06-01,20.0,0.0,Bajo
30128,Perote,Veracruz de Ignacio de la Llave,2025-07-01,25.0,0.0,Bajo
30129,Platón Sánchez,Veracruz de Ignacio de la Llave,2025-05-01,0.0,0.0,Bajo
30129,Platón Sánchez,Veracruz de Ignacio de la Llave,2025-06-01,0.0,0.0,Bajo
30129,Platón Sánchez,Veracruz de Ignacio de la Llave,2025-07-01,0.0,1.0,Bajo
30130,Playa Vicente,Veracruz de Ignacio de la Llave,2025-05-01,1.0,0.0,Bajo
30130,Playa Vicente,Veracruz de Ignacio de la Llave,2025-06-01,1.0,0.0,Bajo
30130,Playa Vicente,Veracruz de Ignacio de la Llave,2025-07-01,2.0,0.0,Bajo
30131,Poza Rica de Hidalgo,Veracruz de Ignacio de la Llave,2025-05-01,26.0,0.0,Bajo
30131,Poza Rica de Hidalgo,Veracruz de Ignacio de la Llave,2025-06-01,34.0,1.0,Bajo
30131,Poza Rica de Hidalgo,Veracruz de Ignacio de la Llave,2025-07-01,33.0,0.0,Bajo
30132,Las Vigas de Ramírez,Veracruz de Ignacio de la Llave,2025-05-01,4.0,0.0,Bajo
30132,Las Vigas de Ramírez,Veracruz de Ignacio de la Llave,2025-06-01,0.0,0.0,Bajo
30132,Las Vigas de Ramírez,Veracruz de Ignacio de la Llave,2025-07-01,2.0,0.0,Bajo
30133,Pueblo Viejo,Veracruz de Ignacio de la Llave,2025-05-01,4.0,0.0,Bajo
30133,Pueblo Viejo,Veracruz de Ignacio de la Llave,2025-06-01,5.0,0.0,Bajo
30133,Pueblo Viejo,Veracruz de Ignacio de la Llave,2025-07-01,3.0,0.0,Bajo
30134,Puente Nacional,Veracruz de Ignacio de la Llave,2025-05-01,2.0,0.0,Bajo
30134,Puente Nacional,Veracruz de Ignacio de la Llave,2025-06-01,1.0,0.0,Bajo
30134,Puente Nacional,Veracruz de Ignacio de la Llave,2025-07-01,1.0,0.0,Bajo
30135,Rafael Delgado,Veracruz de Ignacio de la Llave,2025-05-01,1.0,0.0,Bajo
30135,Rafael Delgado,Veracruz de Ignacio de la Llave,2025-06-01,2.0,0.0,Bajo
30135,Rafael Delgado,Veracruz de Ignacio de la Llave,2025-07-01,2.0,0.0,Bajo
30136,Rafael Lucio,Veracruz de Ignacio de la Llave,2025-05-01,1.0,0.0,Bajo
30136,Rafael Lucio,Veracruz de Ignacio de la Llave,2025-06-01,0.0,0.0,Bajo
30136,Rafael Lucio,Veracruz de Ignacio de la Llave,2025-07-01,0.0,0.0,Bajo
30137,Los Reyes,Veracruz de Ignacio de la Llave,2025-05-01,1.0,0.0,Bajo
30137,Los Reyes,Veracruz de Ignacio de la Llave,2025-06-01,0.0,0.0,Bajo
30137,Los Reyes,Veracruz de Ignacio de la Llave,2025-07-01,1.0,0.0,Bajo
30138,Río Blanco,Veracruz de Ignacio de la Llave,2025-05-01,6.0,0.0,Bajo
30138,Río Blanco,Veracruz de Ignacio de la Llave,2025-06-01,4.0,0.0,Bajo
30138,Río Blanco,Veracruz de Ignacio de la Llave,2025-07-01,3.0,0.0,Bajo
30139,Saltabarranca,Veracruz de Ignacio de la Llave,2025-05-01,1.0,0.0,Bajo
30139,Saltabarranca,Veracruz de Ignacio de la Llave,2025-06-01,0.0,0.0,Bajo
30139,Saltabarranca,Veracruz de Ignacio de la Llave,2025-07-01,0.0,0.0,Bajo
30140,San Andrés Tenejapan,Veracruz de Ignacio de la Llave,2025-05-01,0.0,0.0,Bajo
30140,San Andrés Tenejapan,Veracruz de Ignacio de la Llave,2025-06-01,0.0,0.0,Bajo
30140,San Andrés Tenejapan,Veracruz de Ignacio de la Llave,2025-07-01,0.0,0.0,Bajo
30141,San Andrés Tuxtla,Veracruz de Ignacio de la Llave,2025-05-01,14.0,1.0,Bajo
30141,San Andrés Tuxtla,Veracruz de Ignacio de la Llave,2025-06-01,13.0,0.0,Bajo
30141,San Andrés Tuxtla,Veracruz de Ignacio de la Llave,2025-07-01,12.0,0.0,Bajo
30142,San Juan Evangelista,Veracruz de Ignacio de la Llave,2025-05-01,0.0,0.0,Bajo
30142,San Juan Evangelista,Veracruz de Ignacio de la Llave,2025-06-01,0.0,0.0,Bajo
30142,San Juan Evangelista,Veracruz de Ignacio de la Llave,2025-07-01,0.0,0.0,Bajo
30143,Santiago Tuxtla,Veracruz de Ignacio de la Llave,2025-05-01,3.0,0.0,Bajo
30143,Santiago Tuxtla,Veracruz de Ignacio de la Llave,2025-06-01,4.0,0.0,Bajo
30143,Santiago Tuxtla,Veracruz de Ignacio de la Llave,2025-07-01,2.0,0.0,Bajo
30144,Sayula de Alemán,Veracruz de Ignacio de la Llave,2025-05-01,2.0,0.0,Bajo
30144,Sayula de Alemán,Veracruz de Ignacio de la Llave,2025-06-01,2.0,0.0,Bajo
30144,Sayula de Alemán,Veracruz de Ignacio de la Llave,2025-07-01,0.0,0.0,Bajo
30145,Soconusco,Veracruz de Ignacio de la Llave,2025-05-01,0.0,0.0,Bajo
30145,Soconusco,Veracruz de Ignacio de la Llave,2025-06-01,3.0,0.0,Bajo
30145,Soconusco,Veracruz de Ignacio de la Llave,2025-07-01,2.0,0.0,Bajo
30146,Sochiapa,Veracruz de Ignacio de la Llave,2025-05-01,0.0,0.0,Bajo
30146,Sochiapa,Veracruz de Ignacio de la Llave,2025-06-01,0.0,0.0,Bajo
30146,Sochiapa,Veracruz de Ignacio de la Llave,2025-07-01,0.0,0.0,Bajo
30147,Soledad Atzompa,Veracruz de Ignacio de la Llave,2025-05-01,0.0,0.0,Bajo
30147,Soledad Atzompa,Veracruz de Ignacio de la Llave,2025-06-01,0.0,0.0,Bajo
30147,Soledad Atzompa,Veracruz de Ignacio de la Llave,2025-07-01,0.0,0.0,Bajo
30148,Soledad de Doblado,Veracruz de Ignacio de la Llave,2025-05-01,1.0,0.0,Bajo
30148,Soledad de Doblado,Veracruz de Ignacio de la Llave,2025-06-01,0.0,0.0,Bajo
30148,Soledad de Doblado,Veracruz de Ignacio de la Llave,2025-07-01,0.0,0.0,Bajo
30149,Soteapan,Veracruz de Ignacio de la Llave,2025-05-01,0.0,0.0,Bajo
30149,Soteapan,Veracruz de Ignacio de la Llave,2025-06-01,2.0,0.0,Bajo
30149,Soteapan,Veracruz de Ignacio de la Llave,2025-07-01,0.0,0.0,Bajo
30150,Tamalín,Veracruz de Ignacio de la Llave,2025-05-01,0.0,0.0,Bajo
30150,Tamalín,Veracruz de Ignacio de la Llave,2025-06-01,0.0,0.0,Bajo
30150,Tamalín,Veracruz de Ignacio de la Llave,2025-07-01,0.0,0.0,Bajo
30151,Tamiahua,Veracruz de Ignacio de la Llave,2025-05-01,1.0,0.0,Bajo
30151,Tamiahua,Veracruz de Ignacio de la Llave,2025-06-01,3.0,0.0,Bajo
30151,Tamiahua,Veracruz de Ignacio de la Llave,2025-07-01,0.0,0.0,Bajo
30152,Tampico Alto,Veracruz de Ignacio de la Llave,2025-05-01,2.0,0.0,Bajo
30152,Tampico Alto,Veracruz de Ignacio de la Llave,2025-06-01,0.0,0.0,Bajo
30152,Tampico Alto,Veracruz de Ignacio de la Llave,2025-07-01,1.0,0.0,Bajo
30153,Tancoco,Veracruz de Ignacio de la Llave,2025-05-01,0.0,0.0,Bajo
30153,Tancoco,Veracruz de Ignacio de la Llave,2025-06-01,1.0,0.0,Bajo
30153,Tancoco,Veracruz de Ignacio de la Llave,2025-07-01,0.0,0.0,Bajo
30154,Tantima,Veracruz de Ignacio de la Llave,2025-05-01,0.0,0.0,Bajo
30154,Tantima,Veracruz de Ignacio de la Llave,2025-06-01,0.0,0.0,Bajo
30154,Tantima,Veracruz de Ignacio de la Llave,2025-07-01,1.0,0.0,Bajo
30155,Tantoyuca,Veracruz de Ignacio de la Llave,2025-05-01,8.0,0.0,Bajo
30155,Tantoyuca,Veracruz de Ignacio de la Llave,2025-06-01,12.0,0.0,Bajo
30155,Tantoyuca,Veracruz de Ignacio de la Llave,2025-07-01,4.0,0.0,Bajo
30156,Tatatila,Veracruz de Ignacio de la Llave,2025-05-01,1.0,0.0,Bajo
30156,Tatatila,Veracruz de Ignacio de la Llave,2025-06-01,0.0,0.0,Bajo
30156,Tatatila,Veracruz de Ignacio de la Llave,2025-07-01,0.0,0.0,Bajo
30157,Castillo de Teayo,Veracruz de Ignacio de la Llave,2025-05-01,1.0,0.0,Bajo
30157,Castillo de Teayo,Veracruz de Ignacio de la Llave,2025-06-01,3.0,0.0,Bajo
30157,Castillo de Teayo,Veracruz de Ignacio de la Llave,2025-07-01,0.0,0.0,Bajo
30158,Tecolutla,Veracruz de Ignacio de la Llave,2025-05-01,0.0,0.0,Bajo
30158,Tecolutla,Veracruz de Ignacio de la Llave,2025-06-01,0.0,0.0,Bajo
30158,Tecolutla,Veracruz de Ignacio de la Llave,2025-07-01,1.0,0.0,Bajo
30159,Tehuipango,Veracruz de Ignacio de la Llave,2025-05-01,0.0,0.0,Bajo
30159,Tehuipango,Veracruz de Ignacio de la Llave,2025-06-01,1.0,0.0,Bajo
30159,Tehuipango,Veracruz de Ignacio de la Llave,2025-07-01,1.0,0.0,Bajo
30160,Álamo Temapache,Veracruz de Ignacio de la Llave,2025-05-01,8.0,0.0,Bajo
30160,Álamo Temapache,Veracruz de Ignacio de la Llave,2025-06-01,4.0,0.0,Bajo
30160,Álamo Temapache,Veracruz de Ignacio de la Llave,2025-07-01,10.0,0.0,Bajo
30161,Tempoal,Veracruz de Ignacio de la Llave,2025-05-01,1.0,0.0,Bajo
30161,Tempoal,Veracruz de Ignacio de la Llave,2025-06-01,4.0,0.0,Bajo
30161,Tempoal,Veracruz de Ignacio de la Llave,2025-07-01,2.0,0.0,Bajo
30162,Tenampa,Veracruz de Ignacio de la Llave,2025-05-01,0.0,0.0,Bajo
30162,Tenampa,Veracruz de Ignacio de la Llave,2025-06-01,0.0,0.0,Bajo
30162,Tenampa,Veracruz de Ignacio de la Llave,2025-07-01,0.0,0.0,Bajo
30163,Tenochtitlán,Veracruz de Ignacio de la Llave,2025-05-01,0.0,0.0,Bajo
30163,Tenochtitlán,Veracruz de Ignacio de la Llave,2025-06-01,1.0,0.0,Bajo
30163,Tenochtitlán,Veracruz de Ignacio de la Llave,2025-07-01,0.0,0.0,Bajo
30164,Teocelo,Veracruz de Ignacio de la Llave,2025-05-01,1.0,0.0,Bajo
30164,Teocelo,Veracruz de Ignacio de la Llave,2025-06-01,1.0,0.0,Bajo
30164,Teocelo,Veracruz de Ignacio de la Llave,2025-07-01,0.0,0.0,Bajo
30165,Tepatlaxco,Veracruz de Ignacio de la Llave,2025-05-01,0.0,0.0,Bajo
30165,Tepatlaxco,Veracruz de Ignacio de la Llave,2025-06-01,0.0,0.0,Bajo
30165,Tepatlaxco,Veracruz de Ignacio de la Llave,2025-07-01,0.0,0.0,Bajo
30166,Tepetlán,Veracruz de Ignacio de la Llave,2025-05-01,0.0,0.0,Bajo
30166,Tepetlán,Veracruz de Ignacio de la Llave,2025-06-01,1.0,0.0,Bajo
30166,Tepetlán,Veracruz de Ignacio de la Llave,2025-07-01,0.0,0.0,Bajo
30167,Tepetzintla,Veracruz de Ignacio de la Llave,2025-05-01,0.0,0.0,Bajo
30167,Tepetzintla,Veracruz de Ignacio de la Llave,2025-06-01,0.0,0.0,Bajo
30167,Tepetzintla,Veracruz de Ignacio de la Llave,2025-07-01,0.0,0.0,Bajo
30168,Tequila,Veracruz de Ignacio de la Llave,2025-05-01,0.0,0.0,Bajo
30168,Tequila,Veracruz de Ignacio de la Llave,2025-06-01,0.0,0.0,Bajo
30168,Tequila,Veracruz de Ignacio de la Llave,2025-07-01,0.0,0.0,Bajo
30169,José Azueta,Veracruz de Ignacio de la Llave,2025-05-01,0.0,0.0,Bajo
30169,José Azueta,Veracruz de Ignacio de la Llave,2025-06-01,0.0,0.0,Bajo
30169,José Azueta,Veracruz de Ignacio de la Llave,2025-07-01,3.0,0.0,Bajo
30170,Texcatepec,Veracruz de Ignacio de la Llave,2025-05-01,0.0,0.0,Bajo
30170,Texcatepec,Veracruz de Ignacio de la Llave,2025-06-01,0.0,0.0,Bajo
30170,Texcatepec,Veracruz de Ignacio de la Llave,2025-07-01,0.0,0.0,Bajo
30171,Texhuacán,Veracruz de Ignacio de la Llave,2025-05-01,1.0,0.0,Bajo
30171,Texhuacán,Veracruz de Ignacio de la Llave,2025-06-01,0.0,0.0,Bajo
30171,Texhuacán,Veracruz de Ignacio de la Llave,2025-07-01,0.0,0.0,Bajo
30172,Texistepec,Veracruz de Ignacio de la Llave,2025-05-01,2.0,0.0,Bajo
30172,Texistepec,Veracruz de Ignacio de la Llave,2025-06-01,1.0,0.0,Bajo
30172,Texistepec,Veracruz de Ignacio de la Llave,2025-07-01,2.0,0.0,Bajo
30173,Tezonapa,Veracruz de Ignacio de la Llave,2025-05-01,5.0,0.0,Bajo
30173,Tezonapa,Veracruz de Ignacio de la Llave,2025-06-01,3.0,0.0,Bajo
30173,Tezonapa,Veracruz de Ignacio de la Llave,2025-07-01,3.0,0.0,Bajo
30174,Tierra Blanca,Veracruz de Ignacio de la Llave,2025-05-01,12.0,0.0,Bajo
30174,Tierra Blanca,Veracruz de Ignacio de la Llave,2025-06-01,19.0,0.0,Bajo
30174,Tierra Blanca,Veracruz de Ignacio de la Llave,2025-07-01,10.0,1.0,Bajo
30175,Tihuatlán,Veracruz de Ignacio de la Llave,2025-05-01,7.0,0.0,Bajo
30175,Tihuatlán,Veracruz de Ignacio de la Llave,2025-06-01,8.0,0.0,Bajo
30175,Tihuatlán,Veracruz de Ignacio de la Llave,2025-07-01,18.0,0.0,Bajo
30176,Tlacojalpan,Veracruz de Ignacio de la Llave,2025-05-01,1.0,0.0,Bajo
30176,Tlacojalpan,Veracruz de Ignacio de la Llave,2025-06-01,0.0,0.0,Bajo
30176,Tlacojalpan,Veracruz de Ignacio de la Llave,2025-07-01,0.0,0.0,Bajo
30177,Tlacolulan,Veracruz de Ignacio de la Llave,2025-05-01,1.0,0.0,Bajo
30177,Tlacolulan,Veracruz de Ignacio de la Llave,2025-06-01,0.0,0.0,Bajo
30177,Tlacolulan,Veracruz de Ignacio de la Llave,2025-07-01,0.0,0.0,Bajo
30178,Tlacotalpan,Veracruz de Ignacio de la Llave,2025-05-01,0.0,0.0,Bajo
30178,Tlacotalpan,Veracruz de Ignacio de la Llave,2025-06-01,0.0,0.0,Bajo
30178,Tlacotalpan,Veracruz de Ignacio de la Llave,2025-07-01,0.0,0.0,Bajo
30179,Tlacotepec de Mejía,Veracruz de Ignacio de la Llave,2025-05-01,0.0,0.0,Bajo
30179,Tlacotepec de Mejía,Veracruz de Ignacio de la Llave,2025-06-01,0.0,0.0,Bajo
30179,Tlacotepec de Mejía,Veracruz de Ignacio de la Llave,2025-07-01,0.0,0.0,Bajo
30180,Tlachichilco,Veracruz de Ignacio de la Llave,2025-05-01,0.0,0.0,Bajo
30180,Tlachichilco,Veracruz de Ignacio de la Llave,2025-06-01,0.0,0.0,Bajo
30180,Tlachichilco,Veracruz de Ignacio de la Llave,2025-07-01,1.0,0.0,Bajo
30181,Tlalixcoyan,Veracruz de Ignacio de la Llave,2025-05-01,1.0,2.0,Bajo
30181,Tlalixcoyan,Veracruz de Ignacio de la Llave,2025-06-01,3.0,0.0,Bajo
30181,Tlalixcoyan,Veracruz de Ignacio de la Llave,2025-07-01,2.0,0.0,Bajo
30182,Tlalnelhuayocan,Veracruz de Ignacio de la Llave,2025-05-01,0.0,0.0,Bajo
30182,Tlalnelhuayocan,Veracruz de Ignacio de la Llave,2025-06-01,1.0,0.0,Bajo
30182,Tlalnelhuayocan,Veracruz de Ignacio de la Llave,2025-07-01,5.0,0.0,Bajo
30183,Tlapacoyan,Veracruz de Ignacio de la Llave,2025-05-01,12.0,0.0,Bajo
30183,Tlapacoyan,Veracruz de Ignacio de la Llave,2025-06-01,6.0,0.0,Bajo
30183,Tlapacoyan,Veracruz de Ignacio de la Llave,2025-07-01,3.0,0.0,Bajo
30184,Tlaquilpa,Veracruz de Ignacio de la Llave,2025-05-01,0.0,0.0,Bajo
30184,Tlaquilpa,Veracruz de Ignacio de la Llave,2025-06-01,0.0,0.0,Bajo
30184,Tlaquilpa,Veracruz de Ignacio de la Llave,2025-07-01,0.0,0.0,Bajo
30185,Tlilapan,Veracruz de Ignacio de la Llave,2025-05-01,0.0,0.0,Bajo
30185,Tlilapan,Veracruz de Ignacio de la Llave,2025-06-01,0.0,0.0,Bajo
30185,Tlilapan,Veracruz de Ignacio de la Llave,2025-07-01,1.0,0.0,Bajo
30186,Tomatlán,Veracruz de Ignacio de la Llave,2025-05-01,1.0,0.0,Bajo
30186,Tomatlán,Veracruz de Ignacio de la Llave,2025-06-01,0.0,0.0,Bajo
30186,Tomatlán,Veracruz de Ignacio de la Llave,2025-07-01,0.0,0.0,Bajo
30187,Tonayán,Veracruz de Ignacio de la Llave,2025-05-01,0.0,0.0,Bajo
30187,Tonayán,Veracruz de Ignacio de la Llave,2025-06-01,0.0,0.0,Bajo
30187,Tonayán,Veracruz de Ignacio de la Llave,2025-07-01,0.0,0.0,Bajo
30188,Totutla,Veracruz de Ignacio de la Llave,2025-05-01,0.0,0.0,Bajo
30188,Totutla,Veracruz de Ignacio de la Llave,2025-06-01,2.0,0.0,Bajo
30188,Totutla,Veracruz de Ignacio de la Llave,2025-07-01,2.0,0.0,Bajo
30189,Tuxpan,Veracruz de Ignacio de la Llave,2025-05-01,32.0,0.0,Bajo
30189,Tuxpan,Veracruz de Ignacio de la Llave,2025-06-01,21.0,0.0,Bajo
30189,Tuxpan,Veracruz de Ignacio de la Llave,2025-07-01,26.0,0.0,Bajo
30190,Tuxtilla,Veracruz de Ignacio de la Llave,2025-05-01,0.0,0.0,Bajo
30190,Tuxtilla,Veracruz de Ignacio de la Llave,2025-06-01,0.0,0.0,Bajo
30190,Tuxtilla,Veracruz de Ignacio de la Llave,2025-07-01,0.0,0.0,Bajo
30191,Ursulo Galván,Veracruz de Ignacio de la Llave,2025-05-01,0.0,0.0,Bajo
30191,Ursulo Galván,Veracruz de Ignacio de la Llave,2025-06-01,1.0,0.0,Bajo
30191,Ursulo Galván,Veracruz de Ignacio de la Llave,2025-07-01,2.0,0.0,Bajo
30192,Vega de Alatorre,Veracruz de Ignacio de la Llave,2025-05-01,1.0,0.0,Bajo
30192,Vega de Alatorre,Veracruz de Ignacio de la Llave,2025-06-01,1.0,0.0,Bajo
30192,Vega de Alatorre,Veracruz de Ignacio de la Llave,2025-07-01,2.0,0.0,Bajo
30193,Veracruz,Veracruz de Ignacio de la Llave,2025-05-01,112.0,0.0,Medio
30193,Veracruz,Veracruz de Ignacio de la Llave,2025-06-01,143.0,0.0,Medio
30193,Veracruz,Veracruz de Ignacio de la Llave,2025-07-01,160.0,0.0,Medio
30194,Villa Aldama,Veracruz de Ignacio de la Llave,2025-05-01,0.0,0.0,Bajo
30194,Villa Aldama,Veracruz de Ignacio de la Llave,2025-06-01,0.0,0.0,Bajo
30194,Villa Aldama,Veracruz de Ignacio de la Llave,2025-07-01,2.0,0.0,Bajo
30195,Xoxocotla,Veracruz de Ignacio de la Llave,2025-05-01,1.0,0.0,Bajo
30195,Xoxocotla,Veracruz de Ignacio de la Llave,2025-06-01,0.0,0.0,Bajo
30195,Xoxocotla,Veracruz de Ignacio de la Llave,2025-07-01,0.0,0.0,Bajo
30196,Yanga,Veracruz de Ignacio de la Llave,2025-05-01,1.0,0.0,Bajo
30196,Yanga,Veracruz de Ignacio de la Llave,2025-06-01,1.0,0.0,Bajo
30196,Yanga,Veracruz de Ignacio de la Llave,2025-07-01,1.0,0.0,Bajo
30197,Yecuatla,Veracruz de Ignacio de la Llave,2025-05-01,2.0,0.0,Bajo
30197,Yecuatla,Veracruz de Ignacio de la Llave,2025-06-01,1.0,0.0,Bajo
30197,Yecuatla,Veracruz de Ignacio de la Llave,2025-07-01,0.0,0.0,Bajo
30198,Zacualpan,Veracruz de Ignacio de la Llave,2025-05-01,0.0,0.0,Bajo
30198,Zacualpan,Veracruz de Ignacio de la Llave,2025-06-01,1.0,0.0,Bajo
30198,Zacualpan,Veracruz de Ignacio de la Llave,2025-07-01,0.0,0.0,Bajo
30199,Zaragoza,Veracruz de Ignacio de la Llave,2025-05-01,0.0,0.0,Bajo
30199,Zaragoza,Veracruz de Ignacio de la Llave,2025-06-01,1.0,0.0,Bajo
30199,Zaragoza,Veracruz de Ignacio de la Llave,2025-07-01,1.0,0.0,Bajo
30200,Zentla,Veracruz de Ignacio de la Llave,2025-05-01,0.0,0.0,Bajo
30200,Zentla,Veracruz de Ignacio de la Llave,2025-06-01,0.0,0.0,Bajo
30200,Zentla,Veracruz de Ignacio de la Llave,2025-07-01,2.0,0.0,Bajo
30201,Zongolica,Veracruz de Ignacio de la Llave,2025-05-01,0.0,0.0,Bajo
30201,Zongolica,Veracruz de Ignacio de la Llave,2025-06-01,1.0,0.0,Bajo
30201,Zongolica,Veracruz de Ignacio de la Llave,2025-07-01,2.0,0.0,Bajo
30202,Zontecomatlán de López y Fuentes,Veracruz de Ignacio de la Llave,2025-05-01,0.0,0.0,Bajo
30202,Zontecomatlán de López y Fuentes,Veracruz de Ignacio de la Llave,2025-06-01,0.0,0.0,Bajo
30202,Zontecomatlán de López y Fuentes,Veracruz de Ignacio de la Llave,2025-07-01,0.0,0.0,Bajo
30203,Zozocolco de Hidalgo,Veracruz de Ignacio de la Llave,2025-05-01,1.0,0.0,Bajo
30203,Zozocolco de Hidalgo,Veracruz de Ignacio de la Llave,2025-06-01,0.0,0.0,Bajo
30203,Zozocolco de Hidalgo,Veracruz de Ignacio de la Llave,2025-07-01,1.0,0.0,Bajo
30204,Agua Dulce,Veracruz de Ignacio de la Llave,2025-05-01,3.0,0.0,Bajo
30204,Agua Dulce,Veracruz de Ignacio de la Llave,2025-06-01,3.0,0.0,Bajo
30204,Agua Dulce,Veracruz de Ignacio de la Llave,2025-07-01,4.0,0.0,Bajo
30205,El Higo,Veracruz de Ignacio de la Llave,2025-05-01,0.0,0.0,Bajo
30205,El Higo,Veracruz de Ignacio de la Llave,2025-06-01,1.0,0.0,Bajo
30205,El Higo,Veracruz de Ignacio de la Llave,2025-07-01,1.0,0.0,Bajo
30206,Nanchital de Lázaro Cárdenas del Río,Veracruz de Ignacio de la Llave,2025-05-01,5.0,0.0,Bajo
30206,Nanchital de Lázaro Cárdenas del Río,Veracruz de Ignacio de la Llave,2025-06-01,8.0,0.0,Bajo
30206,Nanchital de Lázaro Cárdenas del Río,Veracruz de Ignacio de la Llave,2025-07-01,4.0,0.0,Bajo
30207,Tres Valles,Veracruz de Ignacio de la Llave,2025-05-01,7.0,0.0,Bajo
30207,Tres Valles,Veracruz de Ignacio de la Llave,2025-06-01,3.0,0.0,Bajo
30207,Tres Valles,Veracruz de Ignacio de la Llave,2025-07-01,12.0,0.0,Bajo
30208,Carlos A. Carrillo,Veracruz de Ignacio de la Llave,2025-05-01,1.0,0.0,Bajo
30208,Carlos A. Carrillo,Veracruz de Ignacio de la Llave,2025-06-01,0.0,0.0,Bajo
30208,Carlos A. Carrillo,Veracruz de Ignacio de la Llave,2025-07-01,1.0,0.0,Bajo
30209,Tatahuicapan de Juárez,Veracruz de Ignacio de la Llave,2025-05-01,2.0,0.0,Bajo
30209,Tatahuicapan de Juárez,Veracruz de Ignacio de la Llave,2025-06-01,1.0,0.0,Bajo
30209,Tatahuicapan de Juárez,Veracruz de Ignacio de la Llave,2025-07-01,1.0,0.0,Bajo
30210,Uxpanapa,Veracruz de Ignacio de la Llave,2025-05-01,0.0,0.0,Bajo
30210,Uxpanapa,Veracruz de Ignacio de la Llave,2025-06-01,1.0,0.0,Bajo
30210,Uxpanapa,Veracruz de Ignacio de la Llave,2025-07-01,0.0,0.0,Bajo
30211,San Rafael,Veracruz de Ignacio de la Llave,2025-05-01,2.0,0.0,Bajo
30211,San Rafael,Veracruz de Ignacio de la Llave,2025-06-01,2.0,0.0,Bajo
30211,San Rafael,Veracruz de Ignacio de la Llave,2025-07-01,4.0,0.0,Bajo
30212,Santiago Sochiapan,Veracruz de Ignacio de la Llave,2025-05-01,0.0,0.0,Bajo
30212,Santiago Sochiapan,Veracruz de Ignacio de la Llave,2025-06-01,2.0,0.0,Bajo
30212,Santiago Sochiapan,Veracruz de Ignacio de la Llave,2025-07-01,2.0,0.0,Bajo
30998,No Especificado,Veracruz de Ignacio de la Llave,2025-05-01,0.0,0.0,Bajo
30998,No Especificado,Veracruz de Ignacio de la Llave,2025-06-01,0.0,0.0,Bajo
30998,No Especificado,Veracruz de Ignacio de la Llave,2025-07-01,0.0,0.0,Bajo
30999,Otros Municipios,Veracruz de Ignacio de la Llave,2025-05-01,0.0,0.0,Bajo
30999,Otros Municipios,Veracruz de Ignacio de la Llave,2025-06-01,0.0,0.0,Bajo
30999,Otros Municipios,Veracruz de Ignacio de la Llave,2025-07-01,0.0,0.0,Bajo
31001,Abalá,Yucatán,2025-05-01,0.0,0.0,Bajo
31001,Abalá,Yucatán,2025-06-01,0.0,0.0,Bajo
31001,Abalá,Yucatán,2025-07-01,0.0,0.0,Bajo
31002,Acanceh,Yucatán,2025-05-01,0.0,0.0,Bajo
31002,Acanceh,Yucatán,2025-06-01,0.0,0.0,Bajo
31002,Acanceh,Yucatán,2025-07-01,0.0,0.0,Bajo
31003,Akil,Yucatán,2025-05-01,2.0,0.0,Bajo
31003,Akil,Yucatán,2025-06-01,0.0,0.0,Bajo
31003,Akil,Yucatán,2025-07-01,0.0,0.0,Bajo
31004,Baca,Yucatán,2025-05-01,0.0,0.0,Bajo
31004,Baca,Yucatán,2025-06-01,0.0,0.0,Bajo
31004,Baca,Yucatán,2025-07-01,0.0,0.0,Bajo
31005,Bokobá,Yucatán,2025-05-01,0.0,0.0,Bajo
31005,Bokobá,Yucatán,2025-06-01,0.0,0.0,Bajo
31005,Bokobá,Yucatán,2025-07-01,0.0,0.0,Bajo
31006,Buctzotz,Yucatán,2025-05-01,0.0,0.0,Bajo
31006,Buctzotz,Yucatán,2025-06-01,0.0,0.0,Bajo
31006,Buctzotz,Yucatán,2025-07-01,0.0,0.0,Bajo
31007,Cacalchén,Yucatán,2025-05-01,0.0,0.0,Bajo
31007,Cacalchén,Yucatán,2025-06-01,0.0,0.0,Bajo
31007,Cacalchén,Yucatán,2025-07-01,0.0,0.0,Bajo
31008,Calotmul,Yucatán,2025-05-01,0.0,0.0,Bajo
31008,Calotmul,Yucatán,2025-06-01,0.0,0.0,Bajo
31008,Calotmul,Yucatán,2025-07-01,0.0,0.0,Bajo
31009,Cansahcab,Yucatán,2025-05-01,1.0,0.0,Bajo
31009,Cansahcab,Yucatán,2025-06-01,0.0,0.0,Bajo
31009,Cansahcab,Yucatán,2025-07-01,0.0,0.0,Bajo
31010,Cantamayec,Yucatán,2025-05-01,0.0,0.0,Bajo
31010,Cantamayec,Yucatán,2025-06-01,0.0,0.0,Bajo
31010,Cantamayec,Yucatán,2025-07-01,0.0,0.0,Bajo
31011,Celestún,Yucatán,2025-05-01,0.0,0.0,Bajo
31011,Celestún,Yucatán,2025-06-01,0.0,0.0,Bajo
31011,Celestún,Yucatán,2025-07-01,0.0,0.0,Bajo
31012,Cenotillo,Yucatán,2025-05-01,0.0,0.0,Bajo
31012,Cenotillo,Yucatán,2025-06-01,0.0,0.0,Bajo
31012,Cenotillo,Yucatán,2025-07-01,0.0,0.0,Bajo
31013,Conkal,Yucatán,2025-05-01,0.0,0.0,Bajo
31013,Conkal,Yucatán,2025-06-01,0.0,0.0,Bajo
31013,Conkal,Yucatán,2025-07-01,0.0,0.0,Bajo
31014,Cuncunul,Yucatán,2025-05-01,0.0,0.0,Bajo
31014,Cuncunul,Yucatán,2025-06-01,0.0,0.0,Bajo
31014,Cuncunul,Yucatán,2025-07-01,0.0,0.0,Bajo
31015,Cuzamá,Yucatán,2025-05-01,0.0,0.0,Bajo
31015,Cuzamá,Yucatán,2025-06-01,0.0,0.0,Bajo
31015,Cuzamá,Yucatán,2025-07-01,0.0,0.0,Bajo
31016,Chacsinkín,Yucatán,2025-05-01,0.0,0.0,Bajo
31016,Chacsinkín,Yucatán,2025-06-01,0.0,0.0,Bajo
31016,Chacsinkín,Yucatán,2025-07-01,0.0,0.0,Bajo
31017,Chankom,Yucatán,2025-05-01,0.0,0.0,Bajo
31017,Chankom,Yucatán,2025-06-01,0.0,0.0,Bajo
31017,Chankom,Yucatán,2025-07-01,0.0,0.0,Bajo
31018,Chapab,Yucatán,2025-05-01,0.0,0.0,Bajo
31018,Chapab,Yucatán,2025-06-01,0.0,0.0,Bajo
31018,Chapab,Yucatán,2025-07-01,0.0,0.0,Bajo
31019,Chemax,Yucatán,2025-05-01,1.0,0.0,Bajo
31019,Chemax,Yucatán,2025-06-01,1.0,0.0,Bajo
31019,Chemax,Yucatán,2025-07-01,0.0,0.0,Bajo
31020,Chicxulub Pueblo,Yucatán,2025-05-01,0.0,0.0,Bajo
31020,Chicxulub Pueblo,Yucatán,2025-06-01,0.0,0.0,Bajo
31020,Chicxulub Pueblo,Yucatán,2025-07-01,0.0,0.0,Bajo
31021,Chichimilá,Yucatán,2025-05-01,0.0,0.0,Bajo
31021,Chichimilá,Yucatán,2025-06-01,0.0,0.0,Bajo
31021,Chichimilá,Yucatán,2025-07-01,0.0,0.0,Bajo
31022,Chikindzonot,Yucatán,2025-05-01,0.0,0.0,Bajo
31022,Chikindzonot,Yucatán,2025-06-01,0.0,0.0,Bajo
31022,Chikindzonot,Yucatán,2025-07-01,0.0,0.0,Bajo
31023,Chocholá,Yucatán,2025-05-01,0.0,0.0,Bajo
31023,Chocholá,Yucatán,2025-06-01,0.0,0.0,Bajo
31023,Chocholá,Yucatán,2025-07-01,0.0,0.0,Bajo
31024,Chumayel,Yucatán,2025-05-01,0.0,0.0,Bajo
31024,Chumayel,Yucatán,2025-06-01,0.0,0.0,Bajo
31024,Chumayel,Yucatán,2025-07-01,0.0,0.0,Bajo
31025,Dzán,Yucatán,2025-05-01,0.0,0.0,Bajo
31025,Dzán,Yucatán,2025-06-01,0.0,0.0,Bajo
31025,Dzán,Yucatán,2025-07-01,0.0,0.0,Bajo
31026,Dzemul,Yucatán,2025-05-01,0.0,0.0,Bajo
31026,Dzemul,Yucatán,2025-06-01,0.0,0.0,Bajo
31026,Dzemul,Yucatán,2025-07-01,0.0,0.0,Bajo
31027,Dzidzantún,Yucatán,2025-05-01,0.0,0.0,Bajo
31027,Dzidzantún,Yucatán,2025-06-01,0.0,0.0,Bajo
31027,Dzidzantún,Yucatán,2025-07-01,0.0,0.0,Bajo
31028,Dzilam de Bravo,Yucatán,2025-05-01,0.0,0.0,Bajo
31028,Dzilam de Bravo,Yucatán,2025-06-01,0.0,0.0,Bajo
31028,Dzilam de Bravo,Yucatán,2025-07-01,0.0,0.0,Bajo
31029,Dzilam González,Yucatán,2025-05-01,0.0,0.0,Bajo
31029,Dzilam González,Yucatán,2025-06-01,0.0,0.0,Bajo
31029,Dzilam González,Yucatán,2025-07-01,0.0,0.0,Bajo
31030,Dzitás,Yucatán,2025-05-01,0.0,0.0,Bajo
31030,Dzitás,Yucatán,2025-06-01,0.0,0.0,Bajo
31030,Dzitás,Yucatán,2025-07-01,0.0,0.0,Bajo
31031,Dzoncauich,Yucatán,2025-05-01,0.0,0.0,Bajo
31031,Dzoncauich,Yucatán,2025-06-01,0.0,0.0,Bajo
31031,Dzoncauich,Yucatán,2025-07-01,0.0,0.0,Bajo
31032,Espita,Yucatán,2025-05-01,0.0,0.0,Bajo
31032,Espita,Yucatán,2025-06-01,0.0,0.0,Bajo
31032,Espita,Yucatán,2025-07-01,0.0,0.0,Bajo
31033,Halachó,Yucatán,2025-05-01,1.0,0.0,Bajo
31033,Halachó,Yucatán,2025-06-01,1.0,0.0,Bajo
31033,Halachó,Yucatán,2025-07-01,1.0,0.0,Bajo
31034,Hocabá,Yucatán,2025-05-01,0.0,0.0,Bajo
31034,Hocabá,Yucatán,2025-06-01,0.0,0.0,Bajo
31034,Hocabá,Yucatán,2025-07-01,0.0,0.0,Bajo
31035,Hoctún,Yucatán,2025-05-01,0.0,0.0,Bajo
31035,Hoctún,Yucatán,2025-06-01,0.0,0.0,Bajo
31035,Hoctún,Yucatán,2025-07-01,0.0,0.0,Bajo
31036,Homún,Yucatán,2025-05-01,0.0,0.0,Bajo
31036,Homún,Yucatán,2025-06-01,0.0,0.0,Bajo
31036,Homún,Yucatán,2025-07-01,0.0,0.0,Bajo
31037,Huhí,Yucatán,2025-05-01,0.0,0.0,Bajo
31037,Huhí,Yucatán,2025-06-01,0.0,0.0,Bajo
31037,Huhí,Yucatán,2025-07-01,0.0,0.0,Bajo
31038,Hunucmá,Yucatán,2025-05-01,1.0,0.0,Bajo
31038,Hunucmá,Yucatán,2025-06-01,0.0,0.0,Bajo
31038,Hunucmá,Yucatán,2025-07-01,0.0,0.0,Bajo
31039,Ixil,Yucatán,2025-05-01,0.0,0.0,Bajo
31039,Ixil,Yucatán,2025-06-01,0.0,0.0,Bajo
31039,Ixil,Yucatán,2025-07-01,0.0,0.0,Bajo
31040,Izamal,Yucatán,2025-05-01,2.0,0.0,Bajo
31040,Izamal,Yucatán,2025-06-01,0.0,0.0,Bajo
31040,Izamal,Yucatán,2025-07-01,0.0,0.0,Bajo
31041,Kanasín,Yucatán,2025-05-01,1.0,0.0,Bajo
31041,Kanasín,Yucatán,2025-06-01,0.0,0.0,Bajo
31041,Kanasín,Yucatán,2025-07-01,0.0,0.0,Bajo
31042,Kantunil,Yucatán,2025-05-01,0.0,0.0,Bajo
31042,Kantunil,Yucatán,2025-06-01,0.0,0.0,Bajo
31042,Kantunil,Yucatán,2025-07-01,0.0,0.0,Bajo
31043,Kaua,Yucatán,2025-05-01,0.0,0.0,Bajo
31043,Kaua,Yucatán,2025-06-01,0.0,0.0,Bajo
31043,Kaua,Yucatán,2025-07-01,0.0,0.0,Bajo
31044,Kinchil,Yucatán,2025-05-01,0.0,0.0,Bajo
31044,Kinchil,Yucatán,2025-06-01,0.0,0.0,Bajo
31044,Kinchil,Yucatán,2025-07-01,0.0,0.0,Bajo
31045,Kopomá,Yucatán,2025-05-01,0.0,0.0,Bajo
31045,Kopomá,Yucatán,2025-06-01,0.0,0.0,Bajo
31045,Kopomá,Yucatán,2025-07-01,0.0,0.0,Bajo
31046,Mama,Yucatán,2025-05-01,0.0,0.0,Bajo
31046,Mama,Yucatán,2025-06-01,0.0,0.0,Bajo
31046,Mama,Yucatán,2025-07-01,0.0,0.0,Bajo
31047,Maní,Yucatán,2025-05-01,0.0,0.0,Bajo
31047,Maní,Yucatán,2025-06-01,0.0,0.0,Bajo
31047,Maní,Yucatán,2025-07-01,0.0,0.0,Bajo
31048,Maxcanú,Yucatán,2025-05-01,1.0,0.0,Bajo
31048,Maxcanú,Yucatán,2025-06-01,1.0,0.0,Bajo
31048,Maxcanú,Yucatán,2025-07-01,0.0,0.0,Bajo
31049,Mayapán,Yucatán,2025-05-01,0.0,0.0,Bajo
31049,Mayapán,Yucatán,2025-06-01,0.0,0.0,Bajo
31049,Mayapán,Yucatán,2025-07-01,0.0,0.0,Bajo
31050,Mérida,Yucatán,2025-05-01,22.0,0.0,Bajo
31050,Mérida,Yucatán,2025-06-01,18.0,0.0,Bajo
31050,Mérida,Yucatán,2025-07-01,18.0,0.0,Bajo
31051,Mocochá,Yucatán,2025-05-01,0.0,0.0,Bajo
31051,Mocochá,Yucatán,2025-06-01,1.0,0.0,Bajo
31051,Mocochá,Yucatán,2025-07-01,0.0,0.0,Bajo
31052,Motul,Yucatán,2025-05-01,1.0,0.0,Bajo
31052,Motul,Yucatán,2025-06-01,0.0,0.0,Bajo
31052,Motul,Yucatán,2025-07-01,2.0,0.0,Bajo
31053,Muna,Yucatán,2025-05-01,1.0,0.0,Bajo
31053,Muna,Yucatán,2025-06-01,0.0,0.0,Bajo
31053,Muna,Yucatán,2025-07-01,0.0,0.0,Bajo
31054,Muxupip,Yucatán,2025-05-01,0.0,0.0,Bajo
31054,Muxupip,Yucatán,2025-06-01,0.0,0.0,Bajo
31054,Muxupip,Yucatán,2025-07-01,0.0,0.0,Bajo
31055,Opichén,Yucatán,2025-05-01,0.0,0.0,Bajo
31055,Opichén,Yucatán,2025-06-01,0.0,0.0,Bajo
31055,Opichén,Yucatán,2025-07-01,0.0,0.0,Bajo
31056,Oxkutzcab,Yucatán,2025-05-01,1.0,0.0,Bajo
31056,Oxkutzcab,Yucatán,2025-06-01,2.0,0.0,Bajo
31056,Oxkutzcab,Yucatán,2025-07-01,1.0,0.0,Bajo
31057,Panabá,Yucatán,2025-05-01,0.0,0.0,Bajo
31057,Panabá,Yucatán,2025-06-01,0.0,0.0,Bajo
31057,Panabá,Yucatán,2025-07-01,0.0,0.0,Bajo
31058,Peto,Yucatán,2025-05-01,0.0,0.0,Bajo
31058,Peto,Yucatán,2025-06-01,0.0,0.0,Bajo
31058,Peto,Yucatán,2025-07-01,0.0,0.0,Bajo
31059,Progreso,Yucatán,2025-05-01,1.0,0.0,Bajo
31059,Progreso,Yucatán,2025-06-01,0.0,0.0,Bajo
31059,Progreso,Yucatán,2025-07-01,2.0,0.0,Bajo
31060,Quintana Roo,Yucatán,2025-05-01,0.0,0.0,Bajo
31060,Quintana Roo,Yucatán,2025-06-01,0.0,0.0,Bajo
31060,Quintana Roo,Yucatán,2025-07-01,0.0,0.0,Bajo
31061,Río Lagartos,Yucatán,2025-05-01,0.0,0.0,Bajo
31061,Río Lagartos,Yucatán,2025-06-01,0.0,0.0,Bajo
31061,Río Lagartos,Yucatán,2025-07-01,0.0,0.0,Bajo
31062,Sacalum,Yucatán,2025-05-01,0.0,0.0,Bajo
31062,Sacalum,Yucatán,2025-06-01,0.0,0.0,Bajo
31062,Sacalum,Yucatán,2025-07-01,0.0,0.0,Bajo
31063,Samahil,Yucatán,2025-05-01,0.0,0.0,Bajo
31063,Samahil,Yucatán,2025-06-01,0.0,0.0,Bajo
31063,Samahil,Yucatán,2025-07-01,0.0,0.0,Bajo
31064,Sanahcat,Yucatán,2025-05-01,0.0,0.0,Bajo
31064,Sanahcat,Yucatán,2025-06-01,0.0,0.0,Bajo
31064,Sanahcat,Yucatán,2025-07-01,0.0,0.0,Bajo
31065,San Felipe,Yucatán,2025-05-01,0.0,0.0,Bajo
31065,San Felipe,Yucatán,2025-06-01,0.0,0.0,Bajo
31065,San Felipe,Yucatán,2025-07-01,0.0,0.0,Bajo
31066,Santa Elena,Yucatán,2025-05-01,0.0,0.0,Bajo
31066,Santa Elena,Yucatán,2025-06-01,0.0,0.0,Bajo
31066,Santa Elena,Yucatán,2025-07-01,0.0,0.0,Bajo
31067,Seyé,Yucatán,2025-05-01,0.0,0.0,Bajo
31067,Seyé,Yucatán,2025-06-01,0.0,0.0,Bajo
31067,Seyé,Yucatán,2025-07-01,0.0,0.0,Bajo
31068,Sinanché,Yucatán,2025-05-01,0.0,0.0,Bajo
31068,Sinanché,Yucatán,2025-06-01,0.0,0.0,Bajo
31068,Sinanché,Yucatán,2025-07-01,0.0,0.0,Bajo
31069,Sotuta,Yucatán,2025-05-01,0.0,0.0,Bajo
31069,Sotuta,Yucatán,2025-06-01,0.0,0.0,Bajo
31069,Sotuta,Yucatán,2025-07-01,0.0,0.0,Bajo
31070,Sucilá,Yucatán,2025-05-01,0.0,0.0,Bajo
31070,Sucilá,Yucatán,2025-06-01,0.0,0.0,Bajo
31070,Sucilá,Yucatán,2025-07-01,0.0,0.0,Bajo
31071,Sudzal,Yucatán,2025-05-01,0.0,0.0,Bajo
31071,Sudzal,Yucatán,2025-06-01,0.0,0.0,Bajo
31071,Sudzal,Yucatán,2025-07-01,0.0,0.0,Bajo
31072,Suma,Yucatán,2025-05-01,0.0,0.0,Bajo
31072,Suma,Yucatán,2025-06-01,0.0,0.0,Bajo
31072,Suma,Yucatán,2025-07-01,0.0,0.0,Bajo
31073,Tahdziú,Yucatán,2025-05-01,0.0,0.0,Bajo
31073,Tahdziú,Yucatán,2025-06-01,0.0,0.0,Bajo
31073,Tahdziú,Yucatán,2025-07-01,0.0,0.0,Bajo
31074,Tahmek,Yucatán,2025-05-01,0.0,0.0,Bajo
31074,Tahmek,Yucatán,2025-06-01,0.0,0.0,Bajo
31074,Tahmek,Yucatán,2025-07-01,0.0,0.0,Bajo
31075,Teabo,Yucatán,2025-05-01,0.0,0.0,Bajo
31075,Teabo,Yucatán,2025-06-01,0.0,0.0,Bajo
31075,Teabo,Yucatán,2025-07-01,0.0,0.0,Bajo
31076,Tecoh,Yucatán,2025-05-01,0.0,0.0,Bajo
31076,Tecoh,Yucatán,2025-06-01,0.0,0.0,Bajo
31076,Tecoh,Yucatán,2025-07-01,0.0,0.0,Bajo
31077,Tekal de Venegas,Yucatán,2025-05-01,0.0,0.0,Bajo
31077,Tekal de Venegas,Yucatán,2025-06-01,0.0,0.0,Bajo
31077,Tekal de Venegas,Yucatán,2025-07-01,0.0,0.0,Bajo
31078,Tekantó,Yucatán,2025-05-01,0.0,0.0,Bajo
31078,Tekantó,Yucatán,2025-06-01,0.0,0.0,Bajo
31078,Tekantó,Yucatán,2025-07-01,0.0,0.0,Bajo
31079,Tekax,Yucatán,2025-05-01,2.0,0.0,Bajo
31079,Tekax,Yucatán,2025-06-01,2.0,0.0,Bajo
31079,Tekax,Yucatán,2025-07-01,2.0,0.0,Bajo
31080,Tekit,Yucatán,2025-05-01,0.0,0.0,Bajo
31080,Tekit,Yucatán,2025-06-01,0.0,0.0,Bajo
31080,Tekit,Yucatán,2025-07-01,0.0,0.0,Bajo
31081,Tekom,Yucatán,2025-05-01,0.0,0.0,Bajo
31081,Tekom,Yucatán,2025-06-01,0.0,0.0,Bajo
31081,Tekom,Yucatán,2025-07-01,0.0,0.0,Bajo
31082,Telchac Pueblo,Yucatán,2025-05-01,0.0,0.0,Bajo
31082,Telchac Pueblo,Yucatán,2025-06-01,0.0,0.0,Bajo
31082,Telchac Pueblo,Yucatán,2025-07-01,1.0,0.0,Bajo
31083,Telchac Puerto,Yucatán,2025-05-01,0.0,0.0,Bajo
31083,Telchac Puerto,Yucatán,2025-06-01,0.0,0.0,Bajo
31083,Telchac Puerto,Yucatán,2025-07-01,0.0,0.0,Bajo
31084,Temax,Yucatán,2025-05-01,0.0,0.0,Bajo
31084,Temax,Yucatán,2025-06-01,0.0,0.0,Bajo
31084,Temax,Yucatán,2025-07-01,0.0,0.0,Bajo
31085,Temozón,Yucatán,2025-05-01,0.0,0.0,Bajo
31085,Temozón,Yucatán,2025-06-01,0.0,0.0,Bajo
31085,Temozón,Yucatán,2025-07-01,0.0,0.0,Bajo
31086,Tepakán,Yucatán,2025-05-01,0.0,0.0,Bajo
31086,Tepakán,Yucatán,2025-06-01,0.0,0.0,Bajo
31086,Tepakán,Yucatán,2025-07-01,0.0,0.0,Bajo
31087,Tetiz,Yucatán,2025-05-01,0.0,0.0,Bajo
31087,Tetiz,Yucatán,2025-06-01,0.0,0.0,Bajo
31087,Tetiz,Yucatán,2025-07-01,0.0,0.0,Bajo
31088,Teya,Yucatán,2025-05-01,0.0,0.0,Bajo
31088,Teya,Yucatán,2025-06-01,0.0,0.0,Bajo
31088,Teya,Yucatán,2025-07-01,0.0,0.0,Bajo
31089,Ticul,Yucatán,2025-05-01,0.0,0.0,Bajo
31089,Ticul,Yucatán,2025-06-01,1.0,0.0,Bajo
31089,Ticul,Yucatán,2025-07-01,0.0,0.0,Bajo
31090,Timucuy,Yucatán,2025-05-01,0.0,0.0,Bajo
31090,Timucuy,Yucatán,2025-06-01,0.0,0.0,Bajo
31090,Timucuy,Yucatán,2025-07-01,0.0,0.0,Bajo
31091,Tinum,Yucatán,2025-05-01,0.0,0.0,Bajo
31091,Tinum,Yucatán,2025-06-01,0.0,0.0,Bajo
31091,Tinum,Yucatán,2025-07-01,0.0,0.0,Bajo
31092,Tixcacalcupul,Yucatán,2025-05-01,0.0,0.0,Bajo
31092,Tixcacalcupul,Yucatán,2025-06-01,0.0,0.0,Bajo
31092,Tixcacalcupul,Yucatán,2025-07-01,0.0,0.0,Bajo
31093,Tixkokob,Yucatán,2025-05-01,0.0,0.0,Bajo
31093,Tixkokob,Yucatán,2025-06-01,0.0,0.0,Bajo
31093,Tixkokob,Yucatán,2025-07-01,0.0,0.0,Bajo
31094,Tixmehuac,Yucatán,2025-05-01,0.0,0.0,Bajo
31094,Tixmehuac,Yucatán,2025-06-01,0.0,0.0,Bajo
31094,Tixmehuac,Yucatán,2025-07-01,0.0,0.0,Bajo
31095,Tixpéhual,Yucatán,2025-05-01,0.0,0.0,Bajo
31095,Tixpéhual,Yucatán,2025-06-01,0.0,0.0,Bajo
31095,Tixpéhual,Yucatán,2025-07-01,0.0,0.0,Bajo
31096,Tizimín,Yucatán,2025-05-01,2.0,0.0,Bajo
31096,Tizimín,Yucatán,2025-06-01,0.0,0.0,Bajo
31096,Tizimín,Yucatán,2025-07-01,1.0,0.0,Bajo
31097,Tunkás,Yucatán,2025-05-01,0.0,0.0,Bajo
31097,Tunkás,Yucatán,2025-06-01,0.0,0.0,Bajo
31097,Tunkás,Yucatán,2025-07-01,0.0,0.0,Bajo
31098,Tzucacab,Yucatán,2025-05-01,1.0,0.0,Bajo
31098,Tzucacab,Yucatán,2025-06-01,0.0,0.0,Bajo
31098,Tzucacab,Yucatán,2025-07-01,0.0,0.0,Bajo
31099,Uayma,Yucatán,2025-05-01,0.0,0.0,Bajo
31099,Uayma,Yucatán,2025-06-01,0.0,0.0,Bajo
31099,Uayma,Yucatán,2025-07-01,0.0,0.0,Bajo
31100,Ucú,Yucatán,2025-05-01,0.0,0.0,Bajo
31100,Ucú,Yucatán,2025-06-01,0.0,0.0,Bajo
31100,Ucú,Yucatán,2025-07-01,0.0,0.0,Bajo
31101,Umán,Yucatán,2025-05-01,4.0,0.0,Bajo
31101,Umán,Yucatán,2025-06-01,0.0,0.0,Bajo
31101,Umán,Yucatán,2025-07-01,1.0,0.0,Bajo
31102,Valladolid,Yucatán,2025-05-01,3.0,0.0,Bajo
31102,Valladolid,Yucatán,2025-06-01,3.0,0.0,Bajo
31102,Valladolid,Yucatán,2025-07-01,4.0,0.0,Bajo
31103,Xocchel,Yucatán,2025-05-01,0.0,0.0,Bajo
31103,Xocchel,Yucatán,2025-06-01,0.0,0.0,Bajo
31103,Xocchel,Yucatán,2025-07-01,0.0,0.0,Bajo
31104,Yaxcabá,Yucatán,2025-05-01,0.0,0.0,Bajo
31104,Yaxcabá,Yucatán,2025-06-01,0.0,0.0,Bajo
31104,Yaxcabá,Yucatán,2025-07-01,0.0,0.0,Bajo
31105,Yaxkukul,Yucatán,2025-05-01,0.0,0.0,Bajo
31105,Yaxkukul,Yucatán,2025-06-01,0.0,0.0,Bajo
31105,Yaxkukul,Yucatán,2025-07-01,0.0,0.0,Bajo
31106,Yobaín,Yucatán,2025-05-01,0.0,0.0,Bajo
31106,Yobaín,Yucatán,2025-06-01,0.0,0.0,Bajo
31106,Yobaín,Yucatán,2025-07-01,0.0,0.0,Bajo
32001,Apozol,Zacatecas,2025-05-01,0.0,0.0,Bajo
32001,Apozol,Zacatecas,2025-06-01,1.0,0.0,Bajo
32001,Apozol,Zacatecas,2025-07-01,1.0,0.0,Bajo
32002,Apulco,Zacatecas,2025-05-01,0.0,0.0,Bajo
32002,Apulco,Zacatecas,2025-06-01,0.0,0.0,Bajo
32002,Apulco,Zacatecas,2025-07-01,0.0,0.0,Bajo
32003,Atolinga,Zacatecas,2025-05-01,0.0,0.0,Bajo
32003,Atolinga,Zacatecas,2025-06-01,0.0,0.0,Bajo
32003,Atolinga,Zacatecas,2025-07-01,0.0,0.0,Bajo
32004,Benito Juárez,Zacatecas,2025-05-01,0.0,1.0,Bajo
32004,Benito Juárez,Zacatecas,2025-06-01,0.0,0.0,Bajo
32004,Benito Juárez,Zacatecas,2025-07-01,0.0,0.0,Bajo
32005,Calera,Zacatecas,2025-05-01,10.0,0.0,Bajo
32005,Calera,Zacatecas,2025-06-01,5.0,0.0,Bajo
32005,Calera,Zacatecas,2025-07-01,14.0,0.0,Bajo
32006,Cañitas de Felipe Pescador,Zacatecas,2025-05-01,0.0,0.0,Bajo
32006,Cañitas de Felipe Pescador,Zacatecas,2025-06-01,1.0,0.0,Bajo
32006,Cañitas de Felipe Pescador,Zacatecas,2025-07-01,1.0,0.0,Bajo
32007,Concepción del Oro,Zacatecas,2025-05-01,2.0,0.0,Bajo
32007,Concepción del Oro,Zacatecas,2025-06-01,2.0,0.0,Bajo
32007,Concepción del Oro,Zacatecas,2025-07-01,0.0,0.0,Bajo
32008,Cuauhtémoc,Zacatecas,2025-05-01,3.0,0.0,Bajo
32008,Cuauhtémoc,Zacatecas,2025-06-01,4.0,0.0,Bajo
32008,Cuauhtémoc,Zacatecas,2025-07-01,4.0,0.0,Bajo
32009,Chalchihuites,Zacatecas,2025-05-01,0.0,0.0,Bajo
32009,Chalchihuites,Zacatecas,2025-06-01,0.0,0.0,Bajo
32009,Chalchihuites,Zacatecas,2025-07-01,1.0,0.0,Bajo
32010,Fresnillo,Zacatecas,2025-05-01,80.0,0.0,Bajo
32010,Fresnillo,Zacatecas,2025-06-01,73.0,0.0,Bajo
32010,Fresnillo,Zacatecas,2025-07-01,75.0,0.0,Bajo
32011,Trinidad García de la Cadena,Zacatecas,2025-05-01,0.0,0.0,Bajo
32011,Trinidad García de la Cadena,Zacatecas,2025-06-01,0.0,0.0,Bajo
32011,Trinidad García de la Cadena,Zacatecas,2025-07-01,0.0,0.0,Bajo
32012,Genaro Codina,Zacatecas,2025-05-01,1.0,0.0,Bajo
32012,Genaro Codina,Zacatecas,2025-06-01,0.0,0.0,Bajo
32012,Genaro Codina,Zacatecas,2025-07-01,1.0,0.0,Bajo
32013,General Enrique Estrada,Zacatecas,2025-05-01,1.0,0.0,Bajo
32013,General Enrique Estrada,Zacatecas,2025-06-01,1.0,0.0,Bajo
32013,General Enrique Estrada,Zacatecas,2025-07-01,4.0,0.0,Bajo
32014,General Francisco R. Murguía,Zacatecas,2025-05-01,0.0,0.0,Bajo
32014,General Francisco R. Murguía,Zacatecas,2025-06-01,0.0,0.0,Bajo
32014,General Francisco R. Murguía,Zacatecas,2025-07-01,1.0,0.0,Bajo
32015,El Plateado de Joaquín Amaro,Zacatecas,2025-05-01,0.0,0.0,Bajo
32015,El Plateado de Joaquín Amaro,Zacatecas,2025-06-01,0.0,0.0,Bajo
32015,El Plateado de Joaquín Amaro,Zacatecas,2025-07-01,1.0,0.0,Bajo
32016,General Pánfilo Natera,Zacatecas,2025-05-01,1.0,0.0,Bajo
32016,General Pánfilo Natera,Zacatecas,2025-06-01,2.0,0.0,Bajo
32016,General Pánfilo Natera,Zacatecas,2025-07-01,1.0,0.0,Bajo
32017,Guadalupe,Zacatecas,2025-05-01,89.0,0.0,Bajo
32017,Guadalupe,Zacatecas,2025-06-01,78.0,0.0,Bajo
32017,Guadalupe,Zacatecas,2025-07-01,79.0,0.0,Bajo
32018,Huanusco,Zacatecas,2025-05-01,0.0,0.0,Bajo
32018,Huanusco,Zacatecas,2025-06-01,0.0,0.0,Bajo
32018,Huanusco,Zacatecas,2025-07-01,0.0,0.0,Bajo
32019,Jalpa,Zacatecas,2025-05-01,2.0,0.0,Bajo
32019,Jalpa,Zacatecas,2025-06-01,2.0,0.0,Bajo
32019,Jalpa,Zacatecas,2025-07-01,3.0,0.0,Bajo
32020,Jerez,Zacatecas,2025-05-01,14.0,0.0,Bajo
32020,Jerez,Zacatecas,2025-06-01,14.0,0.0,Bajo
32020,Jerez,Zacatecas,2025-07-01,17.0,0.0,Bajo
32021,Jiménez del Teul,Zacatecas,2025-05-01,0.0,0.0,Bajo
32021,Jiménez del Teul,Zacatecas,2025-06-01,0.0,0.0,Bajo
32021,Jiménez del Teul,Zacatecas,2025-07-01,0.0,0.0,Bajo
32022,Juan Aldama,Zacatecas,2025-05-01,1.0,0.0,Bajo
32022,Juan Aldama,Zacatecas,2025-06-01,1.0,0.0,Bajo
32022,Juan Aldama,Zacatecas,2025-07-01,4.0,0.0,Bajo
32023,Juchipila,Zacatecas,2025-05-01,1.0,0.0,Bajo
32023,Juchipila,Zacatecas,2025-06-01,1.0,0.0,Bajo
32023,Juchipila,Zacatecas,2025-07-01,0.0,0.0,Bajo
32024,Loreto,Zacatecas,2025-05-01,6.0,0.0,Bajo
32024,Loreto,Zacatecas,2025-06-01,5.0,0.0,Bajo
32024,Loreto,Zacatecas,2025-07-01,6.0,0.0,Bajo
32025,Luis Moya,Zacatecas,2025-05-01,2.0,0.0,Bajo
32025,Luis Moya,Zacatecas,2025-06-01,2.0,0.0,Bajo
32025,Luis Moya,Zacatecas,2025-07-01,4.0,0.0,Bajo
32026,Mazapil,Zacatecas,2025-05-01,1.0,0.0,Bajo
32026,Mazapil,Zacatecas,2025-06-01,2.0,0.0,Bajo
32026,Mazapil,Zacatecas,2025-07-01,1.0,0.0,Bajo
32027,Melchor Ocampo,Zacatecas,2025-05-01,0.0,0.0,Bajo
32027,Melchor Ocampo,Zacatecas,2025-06-01,0.0,0.0,Bajo
32027,Melchor Ocampo,Zacatecas,2025-07-01,0.0,0.0,Bajo
32028,Mezquital del Oro,Zacatecas,2025-05-01,1.0,0.0,Bajo
32028,Mezquital del Oro,Zacatecas,2025-06-01,0.0,0.0,Bajo
32028,Mezquital del Oro,Zacatecas,2025-07-01,0.0,0.0,Bajo
32029,Miguel Auza,Zacatecas,2025-05-01,1.0,0.0,Bajo
32029,Miguel Auza,Zacatecas,2025-06-01,1.0,0.0,Bajo
32029,Miguel Auza,Zacatecas,2025-07-01,2.0,0.0,Bajo
32030,Momax,Zacatecas,2025-05-01,0.0,0.0,Bajo
32030,Momax,Zacatecas,2025-06-01,0.0,0.0,Bajo
32030,Momax,Zacatecas,2025-07-01,1.0,0.0,Bajo
32031,Monte Escobedo,Zacatecas,2025-05-01,0.0,0.0,Bajo
32031,Monte Escobedo,Zacatecas,2025-06-01,1.0,0.0,Bajo
32031,Monte Escobedo,Zacatecas,2025-07-01,1.0,0.0,Bajo
32032,Morelos,Zacatecas,2025-05-01,3.0,0.0,Bajo
32032,Morelos,Zacatecas,2025-06-01,3.0,0.0,Bajo
32032,Morelos,Zacatecas,2025-07-01,5.0,0.0,Bajo
32033,Moyahua de Estrada,Zacatecas,2025-05-01,1.0,0.0,Bajo
32033,Moyahua de Estrada,Zacatecas,2025-06-01,2.0,0.0,Bajo
32033,Moyahua de Estrada,Zacatecas,2025-07-01,0.0,0.0,Bajo
32034,Nochistlán de Mejía,Zacatecas,2025-05-01,2.0,0.0,Bajo
32034,Nochistlán de Mejía,Zacatecas,2025-06-01,1.0,0.0,Bajo
32034,Nochistlán de Mejía,Zacatecas,2025-07-01,0.0,0.0,Bajo
32035,Noria de Ángeles,Zacatecas,2025-05-01,2.0,0.0,Bajo
32035,Noria de Ángeles,Zacatecas,2025-06-01,0.0,0.0,Bajo
32035,Noria de Ángeles,Zacatecas,2025-07-01,2.0,0.0,Bajo
32036,Ojocaliente,Zacatecas,2025-05-01,12.0,0.0,Bajo
32036,Ojocaliente,Zacatecas,2025-06-01,14.0,0.0,Bajo
32036,Ojocaliente,Zacatecas,2025-07-01,11.0,0.0,Bajo
32037,Pánuco,Zacatecas,2025-05-01,2.0,0.0,Bajo
32037,Pánuco,Zacatecas,2025-06-01,2.0,0.0,Bajo
32037,Pánuco,Zacatecas,2025-07-01,5.0,0.0,Bajo
32038,Pinos,Zacatecas,2025-05-01,14.0,0.0,Bajo
32038,Pinos,Zacatecas,2025-06-01,17.0,0.0,Bajo
32038,Pinos,Zacatecas,2025-07-01,11.0,0.0,Bajo
32039,Río Grande,Zacatecas,2025-05-01,3.0,0.0,Bajo
32039,Río Grande,Zacatecas,2025-06-01,5.0,0.0,Bajo
32039,Río Grande,Zacatecas,2025-07-01,6.0,0.0,Bajo
32040,Sain Alto,Zacatecas,2025-05-01,0.0,0.0,Bajo
32040,Sain Alto,Zacatecas,2025-06-01,0.0,0.0,Bajo
32040,Sain Alto,Zacatecas,2025-07-01,0.0,0.0,Bajo
32041,El Salvador,Zacatecas,2025-05-01,0.0,0.0,Bajo
32041,El Salvador,Zacatecas,2025-06-01,0.0,0.0,Bajo
32041,El Salvador,Zacatecas,2025-07-01,0.0,0.0,Bajo
32042,Sombrerete,Zacatecas,2025-05-01,8.0,0.0,Bajo
32042,Sombrerete,Zacatecas,2025-06-01,8.0,0.0,Bajo
32042,Sombrerete,Zacatecas,2025-07-01,5.0,0.0,Bajo
32043,Susticacán,Zacatecas,2025-05-01,0.0,0.0,Bajo
32043,Susticacán,Zacatecas,2025-06-01,0.0,0.0,Bajo
32043,Susticacán,Zacatecas,2025-07-01,0.0,0.0,Bajo
32044,Tabasco,Zacatecas,2025-05-01,1.0,0.0,Bajo
32044,Tabasco,Zacatecas,2025-06-01,1.0,0.0,Bajo
32044,Tabasco,Zacatecas,2025-07-01,1.0,0.0,Bajo
32045,Tepechitlán,Zacatecas,2025-05-01,1.0,0.0,Bajo
32045,Tepechitlán,Zacatecas,2025-06-01,1.0,0.0,Bajo
32045,Tepechitlán,Zacatecas,2025-07-01,2.0,0.0,Bajo
32046,Tepetongo,Zacatecas,2025-05-01,0.0,0.0,Bajo
32046,Tepetongo,Zacatecas,2025-06-01,0.0,0.0,Bajo
32046,Tepetongo,Zacatecas,2025-07-01,1.0,0.0,Bajo
32047,Teúl de González Ortega,Zacatecas,2025-05-01,0.0,0.0,Bajo
32047,Teúl de González Ortega,Zacatecas,2025-06-01,2.0,0.0,Bajo
32047,Teúl de González Ortega,Zacatecas,2025-07-01,2.0,0.0,Bajo
32048,Tlaltenango de Sánchez Román,Zacatecas,2025-05-01,8.0,0.0,Bajo
32048,Tlaltenango de Sánchez Román,Zacatecas,2025-06-01,8.0,0.0,Bajo
32048,Tlaltenango de Sánchez Román,Zacatecas,2025-07-01,10.0,0.0,Bajo
32049,Valparaíso,Zacatecas,2025-05-01,7.0,0.0,Bajo
32049,Valparaíso,Zacatecas,2025-06-01,4.0,0.0,Bajo
32049,Valparaíso,Zacatecas,2025-07-01,1.0,0.0,Bajo
32050,Vetagrande,Zacatecas,2025-05-01,3.0,0.0,Bajo
32050,Vetagrande,Zacatecas,2025-06-01,1.0,0.0,Bajo
32050,Vetagrande,Zacatecas,2025-07-01,0.0,0.0,Bajo
32051,Villa de Cos,Zacatecas,2025-05-01,3.0,0.0,Bajo
32051,Villa de Cos,Zacatecas,2025-06-01,1.0,0.0,Bajo
32051,Villa de Cos,Zacatecas,2025-07-01,2.0,0.0,Bajo
32052,Villa García,Zacatecas,2025-05-01,0.0,0.0,Bajo
32052,Villa García,Zacatecas,2025-06-01,1.0,0.0,Bajo
32052,Villa García,Zacatecas,2025-07-01,0.0,0.0,Bajo
32053,Villa González Ortega,Zacatecas,2025-05-01,1.0,0.0,Bajo
32053,Villa González Ortega,Zacatecas,2025-06-01,1.0,0.0,Bajo
32053,Villa González Ortega,Zacatecas,2025-07-01,0.0,0.0,Bajo
32054,Villa Hidalgo,Zacatecas,2025-05-01,1.0,0.0,Bajo
32054,Villa Hidalgo,Zacatecas,2025-06-01,3.0,0.0,Bajo
32054,Villa Hidalgo,Zacatecas,2025-07-01,2.0,0.0,Bajo
32055,Villanueva,Zacatecas,2025-05-01,3.0,0.0,Bajo
32055,Villanueva,Zacatecas,2025-06-01,5.0,0.0,Bajo
32055,Villanueva,Zacatecas,2025-07-01,5.0,0.0,Bajo
32056,Zacatecas,Zacatecas,2025-05-01,83.0,0.0,Bajo
32056,Zacatecas,Zacatecas,2025-06-01,90.0,0.0,Bajo
32056,Zacatecas,Zacatecas,2025-07-01,106.0,0.0,Medio
32057,Trancoso,Zacatecas,2025-05-01,3.0,0.0,Bajo
32057,Trancoso,Zacatecas,2025-06-01,0.0,0.0,Bajo
32057,Trancoso,Zacatecas,2025-07-01,4.0,0.0,Bajo
32058,Santa María de la Paz,Zacatecas,2025-05-01,1.0,0.0,Bajo
32058,Santa María de la Paz,Zacatecas,2025-06-01,0.0,0.0,Bajo
32058,Santa María de la Paz,Zacatecas,2025-07-01,0.0,0.0,Bajo
